_index,start,end,form1,section1,safety,team_code,rhs_lhs,point,swd_number,location,lat,long,alt,precision,date_time,section2,swd_visibility,swd_adjacency,ongoing_work,desilting,garbage,wall_repair,fence_repair,no_work,other,specify_other,trees,street_pic,field_23,street_observation,section3,wall_condition,wall_height,fence,wall_material,wall_pic,outdated,bridge_type,bridge_condition,missing_wall,missing_footpath,intact_fpfence,not_applicable,bridge_walkable,clear_path,solid_waste,parking,other,not_applicable,clear_path_iI,obstructed_ii,specify,bridge_pic,outdated_1,piers_condition,piers_num,piers_pic,kobo_i,section4,field_34,elec_condition,elec_pic,field_37,cables_condition,cables_pic,outdated_2,manholes_condition,manholes_pic,outdated_3,observation_pc,outdated_4,_id,_uuid,_submission_time,,_notes,_status,_submitted_by,__version__,_tags,_rootUuid,team_name,corporatio,valley,_drain,_secondarydrain,order,_validation_status
_index,start,end,Form 1: This form is regarding physical condition of Stormwater Drain (SWD) and adjoining utilities.,Section 1: General information and safety,1.1 Your safety is our priority.  ,1.2 Team code, 1.3 Enter Right hand side and Left hand side (as per the My Maps),1.4 Point number,1.5 SWD number,"1.4 Record your current location, when prompted for selecting between precise and approximate location accuracy, always select precise","_1.4 Record your current location, when prompted for selecting between precise and approximate location accuracy, always select precise_latitude","_1.4 Record your current location, when prompted for selecting between precise and approximate location accuracy, always select precise_longitude","_1.4 Record your current location, when prompted for selecting between precise and approximate location accuracy, always select precise_altitude","_1.4 Record your current location, when prompted for selecting between precise and approximate location accuracy, always select precise_precision",1.5 Enter a date and time,Section 2. The next set of questions will be about Retaining wall.,2.1 SWD visibility,2.2 SWD adjacency,2.3 Do you see ongoing work on the SWD?,"2.3 Do you see ongoing work on the SWD?/Yes, Desilting","2.3 Do you see ongoing work on the SWD?/Yes, Garbage removal","2.3 Do you see ongoing work on the SWD?/Yes, Retaining wall installation or repair","2.3 Do you see ongoing work on the SWD?/Yes, Fence installation or repair",2.3 Do you see ongoing work on the SWD?/No work,2.3 Do you see ongoing work on the SWD?/Any other work (please specify),Please specify any other ongoing work on the SWD.,2.4 Do you see a row of trees planted along the SWD?,2.6 Take a photo of the street such that the buildings are visible. Take photo in the direction of your movement. ,2.6 Take a photo of the street such that the buildings are visible. Take photo in the direction of your movement. _URL,2.6 Please mention if you have any observation about the street.,Section 3. The next set of questions will be about the condition of bridges on SWD ,2.1 What is the condition of the retaining wall?,2.2 Height of retaining wall from the road level (approx.) in feet? Ask a person to stand near the wall. If you know their height you can use it to write the approximate height  of the retaining wall. ,2.3 Observe if there is a fence on top of the retaining wall.,2.4 Material of retaining wall,2.5 Please take a picture of the retaining wall. ,2.5 Please take a picture of the retaining wall. _URL,3.1 Type of Bridge?,3.2 Bridge Condition ,4.2 Bridge Condition/Broken or missing wall/fence,4.2 Bridge Condition/Broken or missing footpath,4.2 Bridge Condition/Intact footpath and fence ,4.2 Bridge Condition/Not applicable,3.3 Bridge Condition ,4.3 Bridge Condition/Unobstructed (clear path),4.3 Bridge Condition/Obstructed path (solid waste),4.3 Bridge Condition/Obstructed path (parking),4.3 Bridge Condition/Obstructed path (other),4.3 Bridge Condition/Not applicable,4.3 Bridge Condition/Unobstructed (clear path),4.3 Bridge Condition/Obstructed path (other),Please specify other reasons for obstructed path.,"3.4 Take a picture of the bridge. A good image will ideally include the top of the bridge, showcasing entry/exit. ","3.4 Take a picture of the bridge. A good image will ideally include the top of the bridge, showcasing entry/exit. _URL",3.5 Does the bridge have piers?,"3.6 Number of Piers? Please specify. If there are no piers, write 0",3.7 Take a picture of the bridge. A good image will ideally show underside of the bridge with piers.,,Section 4. The next set of questions will be about Utility lines and Manholes,,"4.1 Are there any electricity lines, transformers outside the SWD? ","4.2 Please take a picture of electricity lines, transformers outside the SWD. ",,4.3 Are there cables or lines crossing  the SWD?,4.4 Please take a picture of utility lines inside the SWD.,4.4 Please take a picture of utility lines inside the SWD._URL,4.5 Are there manholes in the SWD?,4.6 Please take a picture of manhole in the SWD ,4.6 Please take a picture of manhole in the SWD _URL,,Thank you for filling the audit form ,_id,_uuid,_submission_time,,_notes,_status,_submitted_by,__version__,_tags,meta/rootUuid,team_name,corporatio,valley,_drain,_secondarydrain,,_validation_status
177,01-03-2026,01-03-2026,,,"Yes, I feel safe to conduct the audit",A30,Right hand side (RHS),,,12.9697682 77.7321212 810.5 3.947,12.9697682,77.7321212,810.5,3.947,2026/03/01 09:14:00+0530,,,,,,,,,,,,,1772336773073.jpg,,,,Broken in some places,0,There is no fence ,Reinforced Cement Concrete (RCC),1772336763560.jpg,,Not applicable ,Not applicable,,,,,Not applicable,,,,,,,,,,,Not applicable,Not applicable,,,,,No,,,No,,,No,,,,OK,683012159,02bdb122-b49c-4875-b489-4254e3e52cc4,01-03-2026 03:47,,,submitted_via_web,,v3tpAA3xLp479pfhqUuXwb,,uuid:02bdb122-b49c-4875-b489-4254e3e52cc4,Srujan K,East,Koramangala Challaghatta Valley,,unknown146,1,yes
176,01-03-2026,01-03-2026,,,"Yes, I feel safe to conduct the audit",A30,Left hand side (LHS),,,12.9703508 77.7324011 808.7000122070312 4.829,12.9703508,77.7324011,808.7000122,4.829,2026/03/01 09:06:00+0530,,,,,,,,,,,,,1772336276549.jpg,,,,Retaining wall intact throughout the stretch,0,There is no fence ,Reinforced Cement Concrete (RCC),1772336268181.jpg,,Not applicable ,Not applicable,,,,,Not applicable,,,,,,,,,,https://kf.kobotoolbox.org/api/v2/assets/aLP6mR6GUPYRbYEjUKj73j/data/683010239/attachments/attpBJobmfHzdBTeKdCpEBJi/,Not applicable,Not applicable,1772336343778.jpg,,,,No,,,No,,,No,,,,OK,683010239,3a834653-5bcb-4c88-9777-2e64761357fc,01-03-2026 03:40,,,submitted_via_web,,v3tpAA3xLp479pfhqUuXwb,,uuid:3a834653-5bcb-4c88-9777-2e64761357fc,Srujan K,East,Koramangala Challaghatta Valley,,unknown146,2,yes
175,01-03-2026,01-03-2026,,,"Yes, I feel safe to conduct the audit",A30,Right hand side (RHS),,,12.9707587 77.7328779 808.7999877929688 3.812,12.9707587,77.7328779,808.7999878,3.812,2026/03/01 08:53:00+0530,,,,,,,,,,,,,1772335476011.jpg,,,,Retaining wall intact throughout the stretch,0,"Yes, covered on sides and top",Reinforced Cement Concrete (RCC),1772335460704.jpg,,"Vehicular, I can see vehicles on the bridge",Intact;  path and fence not broken ,,,,,Safe to walk (clear path),,,,,,,,,1772335506552.jpg,https://kf.kobotoolbox.org/api/v2/assets/aLP6mR6GUPYRbYEjUKj73j/data/683008797/attachments/attGb72yXvvoJcG2edkT24pg/,Yes,0,1772335927850.jpg,,,,No,,,Cannot see,,,No,,,,OK,683008797,73b8a4bb-5fad-48d7-8f6b-332f47c7488f,01-03-2026 03:33,,,submitted_via_web,,v3tpAA3xLp479pfhqUuXwb,,uuid:73b8a4bb-5fad-48d7-8f6b-332f47c7488f,Srujan K,East,Koramangala Challaghatta Valley,,unknown146,3,yes
174,01-03-2026,01-03-2026,,,"Yes, I feel safe to conduct the audit",A30,Left hand side (LHS),,,12.9712812 77.7330311 808.2999877929688 4.388,12.9712812,77.7330311,808.2999878,4.388,2026/03/01 08:47:00+0530,,,,,,,,,,,,,1772335073183.jpg,,,,Retaining wall intact throughout the stretch,3,"Yes, covered only on sides",Reinforced Cement Concrete (RCC),1772335063629.jpg,,Not applicable ,Not applicable,,,,,Not applicable,,,,,,,,,,,Not applicable,Not applicable,,,,,Yes,1772335132960.jpg,,No,,,No,,,,OK,683005915,d8fc7d1e-530a-46cd-a894-3d0abb80bb91,01-03-2026 03:20,,,submitted_via_web,,v3tpAA3xLp479pfhqUuXwb,,uuid:d8fc7d1e-530a-46cd-a894-3d0abb80bb91,Srujan K,East,Koramangala Challaghatta Valley,,unknown146,4,yes
173,01-03-2026,01-03-2026,,,"Yes, I feel safe to conduct the audit",A30,Left hand side (LHS),,,12.9715102 77.7333428 808.5 4.008,12.9715102,77.7333428,808.5,4.008,2026/03/01 08:40:00+0530,,,,,,,,,,,,,1772334707768.jpg,,,,Retaining wall intact throughout the stretch,6,There is no fence ,Reinforced Cement Concrete (RCC),1772334691551.jpg,,Not applicable ,Not applicable,,,,,Not applicable,,,,,,,,,1772334739595.jpg,https://kf.kobotoolbox.org/api/v2/assets/aLP6mR6GUPYRbYEjUKj73j/data/683004547/attachments/atter3D6ok7aKmpGnLVGTAf6/,Not applicable,Not applicable,1772334766108.jpg,,,,No,,,No,,,No,,,,OK,683004547,f593ded3-0d26-4fb4-a6a7-9f1995db4271,01-03-2026 03:14,,,submitted_via_web,,v3tpAA3xLp479pfhqUuXwb,,uuid:f593ded3-0d26-4fb4-a6a7-9f1995db4271,Srujan K,East,Koramangala Challaghatta Valley,,unknown146,5,yes
172,01-03-2026,01-03-2026,,,"Yes, I feel safe to conduct the audit",A30,Right hand side (RHS),,,12.971805 77.7339218 814.7000122070312 4.919,12.971805,77.7339218,814.7000122,4.919,2026/03/01 08:23:00+0530,,,,,,,,,,,,,1772333752742.jpg,,,,Retaining wall intact throughout the stretch,4,There is no fence ,Reinforced Cement Concrete (RCC),1772333731892.jpg,,Not applicable ,Not applicable,,,,,Not applicable,,,,,,,,,1772333867539.jpg,https://kf.kobotoolbox.org/api/v2/assets/aLP6mR6GUPYRbYEjUKj73j/data/682999563/attachments/attBcYTooVxs8FoRLi48gEQZ/,Not applicable,Not applicable,1772333888681.jpg,,,,No,,,No,,,No,,,,OK,682999563,dbd054c8-2163-4f39-89f2-17dee253a293,01-03-2026 02:59,,,submitted_via_web,,v3tpAA3xLp479pfhqUuXwb,,uuid:dbd054c8-2163-4f39-89f2-17dee253a293,Srujan K,East,Koramangala Challaghatta Valley,,unknown146,6,yes
170,01-03-2026,01-03-2026,,,"Yes, I feel safe to conduct the audit",A30,Left hand side (LHS),,,12.972682 77.7344748 806.3999633789062 3.79,12.972682,77.7344748,806.3999634,3.79,2026/03/01 08:05:00+0530,,,,,,,,,,,,,1772332654114.jpg,,,,Retaining wall intact throughout the stretch,3,There is no fence ,Reinforced Cement Concrete (RCC),1772332573890.jpg,,"Vehicular, I can see vehicles on the bridge",Intact;  path and fence not broken ,,,,,Safe to walk (clear path),,,,,,,,,1772332697973.jpg,https://kf.kobotoolbox.org/api/v2/assets/aLP6mR6GUPYRbYEjUKj73j/data/682994752/attachments/attb6qexUYeepTALrvAqyiQM/,No,0,1772332732246.jpg,,,,Yes,1772332783551.jpg,,No,1772332814760.jpg,https://kf.kobotoolbox.org/api/v2/assets/aLP6mR6GUPYRbYEjUKj73j/data/682994752/attachments/attxTcgFcqLgAuj6aeXSt9ZN/,No,,,,OK,682994752,85f860d3-b1ed-4fa1-a98d-2cf1c7912b97,01-03-2026 02:40,,,submitted_via_web,,v3tpAA3xLp479pfhqUuXwb,,uuid:85f860d3-b1ed-4fa1-a98d-2cf1c7912b97,Srujan K,East,Koramangala Challaghatta Valley,,unknown146,7,yes
169,01-03-2026,01-03-2026,,,"Yes, I feel safe to conduct the audit",A30,Left hand side (LHS),,,12.9728767 77.7345527 806.0999755859375 3.818,12.9728767,77.7345527,806.0999756,3.818,2026/03/01 07:37:00+0530,,,,,,,,,,,,,1772331032976.jpg,,,,Retaining wall intact throughout the stretch,0,There is no fence ,Reinforced Cement Concrete (RCC),1772330974437.jpg,,"Pedestrian, I see only people walking on the bridge",Intact;  path and fence not broken ,,,,,Safe to walk (clear path),,,,,,,,,1772331088696.jpg,https://kf.kobotoolbox.org/api/v2/assets/aLP6mR6GUPYRbYEjUKj73j/data/682990449/attachments/attJNuyeJtUrXSutEDDq3JRd/,No,0,1772331253954.jpg,,,,Yes,1772331430543.jpg,,No,,,No,,,,OK,682990449,84a96fb8-d229-4233-a74c-c133aa723f05,01-03-2026 02:23,,,submitted_via_web,,v3tpAA3xLp479pfhqUuXwb,,uuid:84a96fb8-d229-4233-a74c-c133aa723f05,Srujan K,East,Koramangala Challaghatta Valley,,unknown146,8,yes
181,11-03-2026,11-03-2026,,,"Yes, I feel safe to conduct the audit",A32,Right hand side (RHS),,,12.9608326 77.7226389 805.2000122070312 2.06,12.9608326,77.7226389,805.2000122,2.06,2026/03/11 07:47:00+0530,,,,,,,,,,,,,1773195635319.jpg,,,,Retaining wall intact throughout the stretch,1,"Yes, covered only on sides",Reinforced Cement Concrete (RCC),1773195590154.jpg,,"Vehicular, I can see vehicles on the bridge",Intact;  path and fence not broken ,,,,,Safe to walk (clear path),,,,,,,,,1773195704542.jpg,https://kf.kobotoolbox.org/api/v2/assets/aLP6mR6GUPYRbYEjUKj73j/data/693401803/attachments/attZ3Su4YT4ybQGPA5NZRG2K/,No,0,,,,,Yes,1773195776578.jpg,,No,,,No,,,,OK,693401803,c09971d2-65d9-48e9-88eb-8e3022a331d3,11-03-2026 11:21,,,submitted_via_web,,v3tpAA3xLp479pfhqUuXwb,,uuid:c09971d2-65d9-48e9-88eb-8e3022a331d3,Anuradha Govind,East,Koramangala Challaghatta Valley,MD379,,9,yes
180,11-03-2026,11-03-2026,,,"Yes, I feel safe to conduct the audit",A32,Left hand side (LHS),,,12.9607225 77.7237092 804.7000122070312 2.8,12.9607225,77.7237092,804.7000122,2.8,2026/03/11 07:24:00+0530,,,,,,,,,,,,,1773194219203.jpg,,,,Broken in some places,2,There is no fence ,Reinforced Cement Concrete (RCC),1773194192063.jpg,,"Vehicular, I can see vehicles on the bridge",Intact;  path and fence not broken ,,,,,Safe to walk (clear path),,,,,,,,,1773194304324.jpg,https://kf.kobotoolbox.org/api/v2/assets/aLP6mR6GUPYRbYEjUKj73j/data/693399778/attachments/attoT993qVgBJX4ejL3GMRxJ/,No,0,,,,,Yes,1773194404867.jpg,,No,,,No,,,,OK,693399778,1a5fd336-975b-48ff-9fc3-3034ca8f0ea9,11-03-2026 11:20,,,submitted_via_web,,v3tpAA3xLp479pfhqUuXwb,,uuid:1a5fd336-975b-48ff-9fc3-3034ca8f0ea9,Anuradha Govind,East,Koramangala Challaghatta Valley,MD379,,10,yes
179,10-03-2026,10-03-2026,,,"Yes, I feel safe to conduct the audit",A32,Right hand side (RHS),,,12.960484 77.7243147 803.3999633789062 2.425,12.960484,77.7243147,803.3999634,2.425,2026/03/10 08:30:00+0530,,,,,,,,,,,,,1773111844322.jpg,,,,Retaining wall intact throughout the stretch,3,"Yes, covered only on sides",Reinforced Cement Concrete (RCC),1773111797396.jpg,,"Vehicular, I can see vehicles on the bridge",Intact;  path and fence not broken ,,,,,Safe to walk (clear path),,,,,,,,,1773112280720.jpg,https://kf.kobotoolbox.org/api/v2/assets/aLP6mR6GUPYRbYEjUKj73j/data/692059163/attachments/atttXysUMX3WsuVXLgryUrES/,Yes,1,1773111947895.jpg,,,,No,1773112167062.jpg,,Yes,1773112212586.jpg,,No,,,,OK,692059163,7cb2b848-24a9-45af-bfbb-fafd0908e3af,10-03-2026 11:04,,,submitted_via_web,,v3tpAA3xLp479pfhqUuXwb,,uuid:7cb2b848-24a9-45af-bfbb-fafd0908e3af,Anuradha Govind,East,Koramangala Challaghatta Valley,MD379,,11,yes
178,10-03-2026,10-03-2026,,,"Yes, I feel safe to conduct the audit",A32,Left hand side (LHS),,,12.9566241 77.7238229 821.7000122070312 2.5,12.9566241,77.7238229,821.7000122,2.5,2026/03/10 07:39:00+0530,,,,,,,,,,,,,1773108852654.jpg,,,,Retaining wall intact throughout the stretch,1,There is no fence ,Reinforced Cement Concrete (RCC),1773108837032.jpg,,"Vehicular, I can see vehicles on the bridge",Intact;  path and fence not broken ,,,,,Safe to walk (clear path),,,,,,,,,1773108982592.jpg,https://kf.kobotoolbox.org/api/v2/assets/aLP6mR6GUPYRbYEjUKj73j/data/692055129/attachments/attQkPMJ8ZNTWpXgGFbcUWn7/,No,0,1773109059715.jpg,,,,Yes,1773109186612.jpg,,Yes,1773109225588.jpg,,Yes,1773109275263.jpg,,,OK,692055129,d69973df-a8b2-49fa-be0d-7519095868ff,10-03-2026 11:01,,,submitted_via_web,,v3tpAA3xLp479pfhqUuXwb,,uuid:d69973df-a8b2-49fa-be0d-7519095868ff,Anuradha Govind,East,Koramangala Challaghatta Valley,MD379,,12,yes
89,22-02-2026,22-02-2026,,,"Yes, I feel safe to conduct the audit",A29,Left hand side (LHS),,,12.9364796 77.7094148 798.7000122070312 3.859,12.9364796,77.7094148,798.7000122,3.859,2026/02/22 11:18:00+0530,,,,,,,,,,,,,1771739458658.jpg,,,,Broken in some places,2,There is no fence ,Reinforced Cement Concrete (RCC),1771739421122.jpg,,"Vehicular, I can see vehicles on the bridge",Broken wall/fence,,,,,Obstructed path (solid waste),,,,,,,,,1771739494537.jpg,https://kf.kobotoolbox.org/api/v2/assets/aLP6mR6GUPYRbYEjUKj73j/data/677272729/attachments/attiq9nbAMNpn7ntA9qTDcag/,No,0,,,,,No,,,No,,,No,,,,OK,677272729,b46b653e-de7f-4091-966c-1b644a486cde,22-02-2026 05:52,,,submitted_via_web,,v3tpAA3xLp479pfhqUuXwb,,uuid:b46b653e-de7f-4091-966c-1b644a486cde,APU ESS Club,East,Koramangala Challaghatta Valley,MD355,,13,yes
88,22-02-2026,22-02-2026,,,"Yes, I feel safe to conduct the audit",A29,Left hand side (LHS),,,12.9369854 77.7095157 807.3999633789062 4.357,12.9369854,77.7095157,807.3999634,4.357,2026/02/22 11:09:00+0530,,,,,,,,,,,,,1771738839453.jpg,,,,Retaining wall does not exist,0,There is no fence ,Not applicable,,,Not applicable ,Not applicable,,,,,Not applicable,,,,,,,,,,,Not applicable,Not applicable,,,,,No,,,No,,,Cannot see,,,,OK,677270608,e5f577f8-99c7-47fd-a2a0-3ea809ddbb4e,22-02-2026 05:43,,,submitted_via_web,,v3tpAA3xLp479pfhqUuXwb,,uuid:e5f577f8-99c7-47fd-a2a0-3ea809ddbb4e,APU ESS Club,East,Koramangala Challaghatta Valley,MD355,,14,yes
87,22-02-2026,22-02-2026,,,"Yes, I feel safe to conduct the audit",A29,Left hand side (LHS),,,12.9379633 77.709664 798.3999633789062 3.952,12.9379633,77.709664,798.3999634,3.952,2026/02/22 10:58:00+0530,,,,,,,,,,,,,1771738221123.jpg,,,,Broken in some places,0.5,There is no fence ,Reinforced Cement Concrete (RCC),1771738193239.jpg,,Not applicable ,Not applicable,,,,,Not applicable,,,,,,,,,,,Not applicable,Not applicable,,,,,No,,,No,,,No,,,,OK,677268438,512b3423-71ee-45bb-9b1b-aae182f7c6d6,22-02-2026 05:33,,,submitted_via_web,,v3tpAA3xLp479pfhqUuXwb,,uuid:512b3423-71ee-45bb-9b1b-aae182f7c6d6,APU ESS Club,East,Koramangala Challaghatta Valley,MD355,,15,yes
86,22-02-2026,22-02-2026,,,"Yes, I feel safe to conduct the audit",A29,Left hand side (LHS),,,12.9385896 77.7101273 797.8999633789062 4.9,12.9385896,77.7101273,797.8999634,4.9,2026/02/22 10:47:00+0530,,,,,,,,,,,,,1771737555793.jpg,,,,Broken in some places,3,There is no fence ,Reinforced Cement Concrete (RCC),1771737526724.jpg,,Not applicable ,Not applicable,,,,,Not applicable,,,,,,,,,,,Not applicable,Not applicable,,,,,Yes,1771737662438.jpg,,Yes,,,No,,,,OK,677266450,f2f4a35f-cc76-463e-9d4a-32b38b8c0d39,22-02-2026 05:24,,,submitted_via_web,,v3tpAA3xLp479pfhqUuXwb,,uuid:f2f4a35f-cc76-463e-9d4a-32b38b8c0d39,APU ESS Club,East,Koramangala Challaghatta Valley,MD355,,16,yes
85,22-02-2026,22-02-2026,,,"Yes, I feel safe to conduct the audit",A29,Left hand side (LHS),,,12.9387285 77.7108477 797.8999633789062 3.79,12.9387285,77.7108477,797.8999634,3.79,2026/02/22 10:40:00+0530,,,,,,,,,,,,,1771737053766.jpg,,,,Retaining wall does not exist,0,There is no fence ,Not applicable,,,Not applicable ,Not applicable,,,,,Not applicable,,,,,,,,,,,Not applicable,Not applicable,,,,,Yes,1771737124938.jpg,,No,,,No,,,,OK,677264874,b848c680-7e9e-40b2-b93b-e1dbadaf3cf0,22-02-2026 05:14,,,submitted_via_web,,v3tpAA3xLp479pfhqUuXwb,,uuid:b848c680-7e9e-40b2-b93b-e1dbadaf3cf0,APU ESS Club,East,Koramangala Challaghatta Valley,MD355,,17,yes
82,22-02-2026,22-02-2026,,,"Yes, I feel safe to conduct the audit",A29,Left hand side (LHS),,,12.9383178 77.7119382 798.0 4.633,12.9383178,77.7119382,798,4.633,2026/02/22 10:31:00+0530,,,,,,,,,,,,,1771736564706.jpg,,,,Retaining wall does not exist,0,There is no fence ,Not applicable,,,"Vehicular, I can see vehicles on the bridge",Broken wall/fence,,,,,Safe to walk (clear path),,,,,,,,,1771736653054.jpg,https://kf.kobotoolbox.org/api/v2/assets/aLP6mR6GUPYRbYEjUKj73j/data/677263600/attachments/atth4pSxNKK2Nyj96NahhzrL/,No,0,,,,,Yes,1771736693596.jpg,,Yes,1771736753109.jpg,https://kf.kobotoolbox.org/api/v2/assets/aLP6mR6GUPYRbYEjUKj73j/data/677263600/attachments/attLr8GMV5JPqGWfPiLdCs9g/,No,,,,OK,677263600,c8e44e0a-2e17-40e6-8d44-feb58eeb07d6,22-02-2026 05:06,,,submitted_via_web,,v3tpAA3xLp479pfhqUuXwb,,uuid:c8e44e0a-2e17-40e6-8d44-feb58eeb07d6,APU ESS Club,East,Koramangala Challaghatta Valley,MD355,,18,yes
80,22-02-2026,22-02-2026,,,"Yes, I feel safe to conduct the audit",A29,Right hand side (RHS),,,12.9379949 77.7126273 797.7000122070312 4.358,12.9379949,77.7126273,797.7000122,3.5,2026/02/22 10:10:00+0530,,,,,,,,,,,,,1771735470459.jpg,,,,Broken in some places,4.7,There is no fence ,Reinforced Cement Concrete (RCC),1771735436000.jpg,,Not applicable ,Not applicable,,,,,Not applicable,,,,,,,,,,,Not applicable,Not applicable,,,,,Yes,1771735607966.jpg,,Yes,1771735657797.jpg,https://kf.kobotoolbox.org/api/v2/assets/aLP6mR6GUPYRbYEjUKj73j/data/677262086/attachments/attWMPENeg55Gdk3uCkwNRaL/,No,,,,OK,677262086,874ed992-3ee4-49ea-85e2-8febcd2c87c5,22-02-2026 05:00,,,submitted_via_web,,v3tpAA3xLp479pfhqUuXwb,,uuid:874ed992-3ee4-49ea-85e2-8febcd2c87c5,APU ESS Club,East,Koramangala Challaghatta Valley,MD355,,19,yes
136,22-02-2026,22-02-2026,,,"Yes, I feel safe to conduct the audit",A28,Right hand side (RHS),,,12.9380484 77.7133712 798.0 6.0,12.9380484,77.7133712,798,6,2026/02/22 11:04:00+0530,,,,,,,,,,,,,1771738547233.jpg,,,,Retaining wall intact throughout the stretch,3.5,There is no fence ,Reinforced Cement Concrete (RCC),1771738533051.jpg,,"Pedestrian, I see only people walking on the bridge",Intact;  path and fence not broken ,,,,,Obstructed path (parking),,,,,,,,,1771738599656.jpg,https://kf.kobotoolbox.org/api/v2/assets/aLP6mR6GUPYRbYEjUKj73j/data/677300512/attachments/attBQnZREZWbYdZjWLFcsbMj/,No,0,1771738623533.jpg,,,,No,,,Yes,1771738590273.jpg,,No,,,,OK,677300512,0fcdebfe-c831-4413-b62c-162834fcf428,22-02-2026 07:15,,,submitted_via_web,,v3tpAA3xLp479pfhqUuXwb,,uuid:0fcdebfe-c831-4413-b62c-162834fcf428,APU ESS Club,East,Koramangala Challaghatta Valley,MD355,,20,yes
137,22-02-2026,22-02-2026,,,"Yes, I feel safe to conduct the audit",A28,Right hand side (RHS),,,12.938352 77.7145061 796.8999633789062 4.466,12.938352,77.7145061,796.8999634,4.466,2026/02/22 10:50:00+0530,,,,,,,,,,,,,1771737935157.jpg,,,,Retaining wall does not exist,0.5,There is no fence ,Reinforced Cement Concrete (RCC),1771737813948.jpg,,"Vehicular, I can see vehicles on the bridge",Intact;  path and fence not broken ,,,,,Safe to walk (clear path),,,,,,,,,1771737999561.jpg,https://kf.kobotoolbox.org/api/v2/assets/aLP6mR6GUPYRbYEjUKj73j/data/677322545/attachments/att7GHVUJXoyREbgaZRAFJFD/,No,0,1771738026599.jpg,,,,Yes,1771738052568.jpg,,Yes,1771738061142.jpg,https://kf.kobotoolbox.org/api/v2/assets/aLP6mR6GUPYRbYEjUKj73j/data/677322545/attachments/attUEABvz9nEpE3LXidwKq47/,No,,,,OK,677322545,01a1c7f5-1c68-49b5-ab59-767ca426d68a,22-02-2026 08:06,,,submitted_via_web,,v3tpAA3xLp479pfhqUuXwb,,uuid:01a1c7f5-1c68-49b5-ab59-767ca426d68a,APU ESS Club,East,Koramangala Challaghatta Valley,MD355,,21,yes
84,22-02-2026,22-02-2026,,,"Yes, I feel safe to conduct the audit",A28,Right hand side (RHS),,,12.938332 77.715558 803.0999755859375 2.066,12.938332,77.715558,803.0999756,2.066,2026/02/22 10:36:00+0530,,,,,,,,,,,,,1771736894872.jpg,,,,Retaining wall intact throughout the stretch,1,There is no fence ,Reinforced Cement Concrete (RCC),1771736871748.jpg,,"Vehicular, I can see vehicles on the bridge",Broken wall/fence,,,,,Obstructed path (solid waste),,,,,,,,,1771736986972.jpg,https://kf.kobotoolbox.org/api/v2/assets/aLP6mR6GUPYRbYEjUKj73j/data/677264407/attachments/attHF39zfq9ajciHynYd9Sd6/,No,0,1771737010925.jpg,,,,Yes,1771737052023.jpg,,No,,,No,,,,OK,677264407,3cbc5d53-3ec1-4dbb-91f8-1e2871fdaf7e,22-02-2026 05:11,,,submitted_via_web,,v3tpAA3xLp479pfhqUuXwb,,uuid:3cbc5d53-3ec1-4dbb-91f8-1e2871fdaf7e,APU ESS Club,East,Koramangala Challaghatta Valley,MD355,,22,yes
135,22-02-2026,22-02-2026,,,"Yes, I feel safe to conduct the audit",A28,Right hand side (RHS),,,12.9386491 77.7164541 796.7000122070312 4.649,12.9386491,77.7164541,796.7000122,4.649,2026/02/22 10:27:00+0530,,,,,,,,,,,,,1771736398374.jpg,,,,Retaining wall intact throughout the stretch,1,There is no fence ,Reinforced Cement Concrete (RCC),1771736360497.jpg,,"Pedestrian, I see only people walking on the bridge",Intact;  path and fence not broken ,,,,,Safe to walk (clear path),,,,,,,,,1771736459831.jpg,https://kf.kobotoolbox.org/api/v2/assets/aLP6mR6GUPYRbYEjUKj73j/data/677300204/attachments/attojjGVHY3VADTkR5LLu6HH/,No,0,1771736505909.jpg,,,,Yes,1771736532845.jpg,,No,,,No,,,,OK,677300204,262da35e-10dd-46da-9da7-10f660cb23b4,22-02-2026 07:14,,,submitted_via_web,,v3tpAA3xLp479pfhqUuXwb,,uuid:262da35e-10dd-46da-9da7-10f660cb23b4,APU ESS Club,East,Koramangala Challaghatta Valley,MD355,,23,yes
81,22-02-2026,22-02-2026,,,"Yes, I feel safe to conduct the audit",A28,Right hand side (RHS),,,12.9390296 77.717425 797.8999633789062 4.575,12.9390296,77.717425,797.8999634,4.575,2026/02/22 10:18:00+0530,,,,,,,,,,,,,1771735758894.jpg,,,,Retaining wall intact throughout the stretch,1,There is no fence ,Reinforced Cement Concrete (RCC),1771735745668.jpg,,"Vehicular, I can see vehicles on the bridge",Intact;  path and fence not broken ,,,,,Obstructed path (parking),,,,,,,,,1771735815229.jpg,https://kf.kobotoolbox.org/api/v2/assets/aLP6mR6GUPYRbYEjUKj73j/data/677262722/attachments/attqsHrETqzAuZxoEJD92sbk/,No,0,1771735837678.jpg,,,,Yes,1771735864944.jpg,,Yes,1771735926761.jpg,https://kf.kobotoolbox.org/api/v2/assets/aLP6mR6GUPYRbYEjUKj73j/data/677262722/attachments/attX6fFzBSmoeyu2vV5qg7N9/,No,,,,OK,677262722,7a4687f5-5ecd-46b5-b0c1-17665dac94de,22-02-2026 05:03,,,submitted_via_web,,v3tpAA3xLp479pfhqUuXwb,,uuid:7a4687f5-5ecd-46b5-b0c1-17665dac94de,APU ESS Club,East,Koramangala Challaghatta Valley,MD355,,24,yes
78,22-02-2026,22-02-2026,,,"Yes, I feel safe to conduct the audit",A28,Left hand side (LHS),,,12.9392497 77.7177843 797.0999755859375 1.72,12.9392497,77.7177843,797.0999756,1.72,2026/02/22 10:04:00+0530,,,,,,,,,,,,,1771735181736.jpg,,,,Broken in some places,1,There is no fence ,Reinforced Cement Concrete (RCC),1771735076162.jpg,,"Vehicular, I can see vehicles on the bridge",Intact;  path and fence not broken ,,,,,Obstructed path (solid waste),,,,,,,,,1771735338469.jpg,https://kf.kobotoolbox.org/api/v2/assets/aLP6mR6GUPYRbYEjUKj73j/data/677259629/attachments/attqpsLbwykQUUu9JYxR2gqt/,No,0,1771735403094.jpg,,,,No,,,No,,,Cannot see,,,,OK,677259629,3ab7caa7-3e4c-4ead-bc46-b94cd53de78d,22-02-2026 04:44,,,submitted_via_web,,v3tpAA3xLp479pfhqUuXwb,,uuid:3ab7caa7-3e4c-4ead-bc46-b94cd53de78d,APU ESS Club,East,Koramangala Challaghatta Valley,MD355,,25,yes
102,22-02-2026,22-02-2026,,,"Yes, I feel safe to conduct the audit",A28,Left hand side (LHS),,,12.9402998 77.7191283 827.7999877929688 4.9,12.9402998,77.7191283,827.7999878,4.9,2026/02/22 10:05:00+0530,,,,,,,,,,,,,1771735477524.jpg,,,,Retaining wall intact throughout the stretch,1.78,There is no fence ,Reinforced Cement Concrete (RCC),1771735423511.jpg,,"Pedestrian, I see only people walking on the bridge",Broken path,,,,,Safe to walk (clear path),,,,,,,,,1771735691655.jpg,https://kf.kobotoolbox.org/api/v2/assets/aLP6mR6GUPYRbYEjUKj73j/data/677286355/attachments/atth7jwyTsPS86kGxKb7nuMG/,No,0,1771735748633.jpg,,,,Yes,1771735776542.jpg,,Yes,1771735869075.jpg,https://kf.kobotoolbox.org/api/v2/assets/aLP6mR6GUPYRbYEjUKj73j/data/677286355/attachments/attUury82SbMBEeV8R3bsGyK/,No,,,,,677286355,83d071ac-aefa-4c8b-b016-3e1652f1d8d0,22-02-2026 06:37,,,submitted_via_web,,v3tpAA3xLp479pfhqUuXwb,,uuid:83d071ac-aefa-4c8b-b016-3e1652f1d8d0,APU ESS Club,East,Koramangala Challaghatta Valley,,unknown 327,26,yes
103,22-02-2026,22-02-2026,,,"Yes, I feel safe to conduct the audit",A28,Left hand side (LHS),,,12.9409144 77.7211495 798.7999877929688 4.916,12.9409144,77.7211495,798.7999878,4.916,2026/02/22 10:59:00+0530,,,,,,,,,,,,,1771738380886.jpg,,,,Retaining wall intact throughout the stretch,2.5,There is no fence ,"Both, SSM and RCC",1771738342641.jpg,,"Pedestrian, I see only people walking on the bridge",Broken path,,,,,Safe to walk (clear path),,,,,,,,,1771738492458.jpg,https://kf.kobotoolbox.org/api/v2/assets/aLP6mR6GUPYRbYEjUKj73j/data/677286374/attachments/attN5QtfDXFiWyTnnrbuUEwo/,No,0,1771738529028.jpg,,,,Yes,1771738554297.jpg,,No,,,Cannot see,,,,OK,677286374,664e55ab-f747-45dc-9df7-8e9b131ebf6c,22-02-2026 06:37,,,submitted_via_web,,v3tpAA3xLp479pfhqUuXwb,,uuid:664e55ab-f747-45dc-9df7-8e9b131ebf6c,APU ESS Club,East,Koramangala Challaghatta Valley,,unknown 327,27,yes
38,31-01-2026,31-01-2026,,,"Yes, I feel safe to conduct the audit",A4,Right hand side (RHS),,,12.9152264 77.644632 812.7999877929688 3.957,12.9152264,77.644632,812.7999878,3.957,2026/01/31 10:53:00+0530,,,,,,,,,,,,,1769837167905.jpg,,,,Retaining wall intact throughout the stretch,4,"Yes, covered only on sides",Reinforced Cement Concrete (RCC),1769837141962.jpg,,Not applicable ,Not applicable,,,,,Not applicable,,,,,,,,,,,Not applicable,Not applicable,,,,,Yes,1769837317209.jpg,,No,,,No,,,,OK,660530689,a91f8173-83da-4c3c-87f8-f03371e8f3cb,31-01-2026 07:05,,,submitted_via_web,,vJPQqaxfJYoZcmbGG5DBqs,,uuid:a91f8173-83da-4c3c-87f8-f03371e8f3cb,Mod Foundation,South,Koramangala Challaghatta Valley,K200,,28,yes
28,31-01-2026,31-01-2026,,,"Yes, I feel safe to conduct the audit",A5,Left hand side (LHS),,,12.9152146 77.6444054 812.2000122070312 4.612,12.9152146,77.6444054,812.2000122,4.612,2026/01/31 10:51:00+0530,,,,,,,,,,,,,1769837068395.jpg,,,,Retaining wall intact throughout the stretch,4,"Yes, covered on sides and top",Reinforced Cement Concrete (RCC),1769837020696.jpg,,Not applicable ,Not applicable,,,,,Not applicable,,,,,,,,,,,Not applicable,Not applicable,,,,,Yes,1769837170997.jpg,,No,,,Cannot see,,,,OK,660519027,463f61ad-36e0-4e5d-a6a4-75e1381e1249,31-01-2026 06:44,,,submitted_via_web,,vJPQqaxfJYoZcmbGG5DBqs,,uuid:463f61ad-36e0-4e5d-a6a4-75e1381e1249,Mod Foundation,South,Koramangala Challaghatta Valley,K200,,29,yes
23,31-01-2026,31-01-2026,,,"Yes, I feel safe to conduct the audit",A6,Left hand side (LHS),,,12.9151767 77.6437667 811.2999877929688 4.073,12.9151767,77.6437667,811.2999878,4.073,2026/01/31 10:54:00+0530,,,,,,,,,,,,,1769837348078.jpg,,,,Retaining wall intact throughout the stretch,4,"Yes, covered only on sides",Reinforced Cement Concrete (RCC),1769837291327.jpg,,Not applicable ,Not applicable,,,,,Not applicable,,,,,,,,,,,Not applicable,Not applicable,,,,,No,,,Yes,1769837447274.jpg,https://kf.kobotoolbox.org/api/v2/assets/aLP6mR6GUPYRbYEjUKj73j/data/660485844/attachments/attpte4odRJF4FA58D4F2ZuL/,Cannot see,,,,OK,660485844,62400590-be52-4560-bbd8-b5e93e117aee,31-01-2026 05:33,,,submitted_via_web,,vJPQqaxfJYoZcmbGG5DBqs,,uuid:62400590-be52-4560-bbd8-b5e93e117aee,Mod Foundation,South,Koramangala Challaghatta Valley,K200,,30,yes
25,31-01-2026,31-01-2026,,,"Yes, I feel safe to conduct the audit",A4,Right hand side (RHS),,,12.9153765 77.643749 811.0 4.169,12.9153765,77.643749,811,4.169,2026/01/31 11:11:00+0530,,,,,,,,,,,,,1769838283610.jpg,,,,Retaining wall intact throughout the stretch,5,"Yes, covered only on sides",Reinforced Cement Concrete (RCC),1769838252322.jpg,,Not applicable ,Not applicable,,,,,Not applicable,,,,,,,,,,,Not applicable,Not applicable,,,,,Yes,1769838376632.jpg,,No,,,No,,,,OK,660499263,2665756c-eb0d-4b48-9cde-028912d0d65b,31-01-2026 06:05,,,submitted_via_web,,vJPQqaxfJYoZcmbGG5DBqs,,uuid:2665756c-eb0d-4b48-9cde-028912d0d65b,Mod Foundation,South,Koramangala Challaghatta Valley,K200,,31,yes
29,31-01-2026,31-01-2026,,,"Yes, I feel safe to conduct the audit",A5,Right hand side (RHS),,,12.9153353 77.643572 811.5 4.274,12.9153353,77.643572,811.5,4.274,2026/01/31 11:06:00+0530,,,,,,,,,,,,,1769837936657.jpg,,,,Retaining wall intact throughout the stretch,3,"Yes, covered only on sides",Reinforced Cement Concrete (RCC),1769837897982.jpg,,Not applicable ,Not applicable,,,,,Not applicable,,,,,,,,,,,Not applicable,Not applicable,,,,,Yes,1769837987833.jpg,,Yes,1769838022984.jpg,https://kf.kobotoolbox.org/api/v2/assets/aLP6mR6GUPYRbYEjUKj73j/data/660519057/attachments/atteFWbaXyg9mMpLaxJfCxPN/,No,,,,OK,660519057,58dd792a-a7b4-4c2a-bf1c-bdc31341b007,31-01-2026 06:44,,,submitted_via_web,,vJPQqaxfJYoZcmbGG5DBqs,,uuid:58dd792a-a7b4-4c2a-bf1c-bdc31341b007,Mod Foundation,South,Koramangala Challaghatta Valley,K200,,32,yes
40,31-01-2026,31-01-2026,,,"Yes, I feel safe to conduct the audit",A4,Right hand side (RHS),,,12.9154656 77.643004 810.5999755859375 3.7,12.9154656,77.643004,810.5999756,3.7,2026/01/31 11:19:00+0530,,,,,,,,,,,,,1769838648952.jpg,,,,Retaining wall intact throughout the stretch,3,"Yes, covered only on sides",Reinforced Cement Concrete (RCC),1769838638360.jpg,,Not applicable ,Not applicable,,,,,Not applicable,,,,,,,,,,,Not applicable,Not applicable,,,,,No,,,No,,,No,,,,OK,660597726,27f8f143-2da4-4206-b91f-f22334a709aa,31-01-2026 08:57,,,submitted_via_web,,vJPQqaxfJYoZcmbGG5DBqs,,uuid:27f8f143-2da4-4206-b91f-f22334a709aa,Mod Foundation,South,Koramangala Challaghatta Valley,K200,,33,yes
37,31-01-2026,31-01-2026,,,"Yes, I feel safe to conduct the audit",A7,Right hand side (RHS),,,12.915353 77.6427595 810.5 4.824,12.915353,77.6427595,810.5,4.824,2026/01/31 11:18:00+0530,,,,,,,,,,,,,1769838631181.jpg,,,,Retaining wall intact throughout the stretch,3,"Yes, covered only on sides",Reinforced Cement Concrete (RCC),1769838613653.jpg,,Not applicable ,Not applicable,,,,,Not applicable,,,,,,,,,,,Not applicable,Not applicable,,,,,No,,,No,,,No,,,,OK,660530586,47811067-76b9-4fc0-99f6-87c0ca93dffe,31-01-2026 07:05,,,submitted_via_web,,vJPQqaxfJYoZcmbGG5DBqs,,uuid:47811067-76b9-4fc0-99f6-87c0ca93dffe,Mod Foundation,South,Koramangala Challaghatta Valley,K200,,34,yes
30,31-01-2026,31-01-2026,,,"Yes, I feel safe to conduct the audit",A5,Right hand side (RHS),,,12.9155319 77.6423875 810.3999633789062 4.016,12.9155319,77.6423875,810.3999634,4.016,2026/01/31 11:17:00+0530,,,,,,,,,,,,,1769838475820.jpg,,,,Retaining wall intact throughout the stretch,3,"Yes, covered only on sides",Reinforced Cement Concrete (RCC),1769838466722.jpg,,Not applicable ,Not applicable,,,,,Not applicable,,,,,,,,,,,Not applicable,Not applicable,,,,,No,,,Cannot see,,,Cannot see,,,,OK,660519099,6d2b2f60-b886-4b73-82b9-dc3143aa5f51,31-01-2026 06:44,,,submitted_via_web,,vJPQqaxfJYoZcmbGG5DBqs,,uuid:6d2b2f60-b886-4b73-82b9-dc3143aa5f51,Mod Foundation,South,Koramangala Challaghatta Valley,K200,,35,yes
24,31-01-2026,31-01-2026,,,"Yes, I feel safe to conduct the audit",A6,Left hand side (LHS),,,12.9154552 77.6421208 810.5 4.945,12.9154552,77.6421208,810.5,4.945,2026/01/31 11:09:00+0530,,,,,,,,,,,,,1769838236017.jpg,,,,Retaining wall intact throughout the stretch,4,There is no fence ,Reinforced Cement Concrete (RCC),1769838169679.jpg,,Not applicable ,Not applicable,,,,,Not applicable,,,,,,,,,,,Not applicable,Not applicable,,,,,Yes,1769838415293.jpg,,No,,,Cannot see,,,,OK,660492136,b2aea53a-effa-4902-b2f0-b3b31728297c,31-01-2026 05:47,,,submitted_via_web,,vJPQqaxfJYoZcmbGG5DBqs,,uuid:b2aea53a-effa-4902-b2f0-b3b31728297c,Mod Foundation,South,Koramangala Challaghatta Valley,K200,,36,yes
33,31-01-2026,31-01-2026,,,"Yes, I feel safe to conduct the audit",A5,Right hand side (RHS),,,12.9156088 77.6417376 811.2999877929688 3.859,12.9156088,77.6417376,811.2999878,3.859,2026/01/31 11:24:00+0530,,,,,,,,,,,,,1769839058745.jpg,,,,Retaining wall intact throughout the stretch,3.5,"Yes, covered only on sides",Reinforced Cement Concrete (RCC),1769838997923.jpg,,"Vehicular, I can see vehicles on the bridge",Intact;  path and fence not broken ,,,,,Safe to walk (clear path),,,,,,,,,1769839209192.jpg,https://kf.kobotoolbox.org/api/v2/assets/aLP6mR6GUPYRbYEjUKj73j/data/660519326/attachments/attkaSQiqBxJbgJRPu2DBUyQ/,No,0,,,,,No,,,No,,,No,,,,OK,660519326,58a25046-e3ea-4d65-bc11-02fba47495ca,31-01-2026 06:44,,,submitted_via_web,,vJPQqaxfJYoZcmbGG5DBqs,,uuid:58a25046-e3ea-4d65-bc11-02fba47495ca,Mod Foundation,South,Koramangala Challaghatta Valley,K200,,37,yes
26,31-01-2026,31-01-2026,,,"Yes, I feel safe to conduct the audit",A4,Right hand side (RHS),,,12.9156787 77.6416106 810.7999877929688 13.7,12.9156787,77.6416106,810.7999878,13.7,2026/01/31 11:28:00+0530,,,,,,,,,,,,,1769839338617.jpg,,,,Broken in some places,4.5,"Yes, covered only on sides",Reinforced Cement Concrete (RCC),1769839268108.jpg,,"Vehicular, I can see vehicles on the bridge",Intact;  path and fence not broken ,,,,,Obstructed path (parking),,,,,,,,,1769839410292.jpg,https://kf.kobotoolbox.org/api/v2/assets/aLP6mR6GUPYRbYEjUKj73j/data/660499531/attachments/att37ZPhAwGAYcFGG4LHg5LC/,No,0,1769839447633.jpg,,,,No,,,No,,,No,,,,OK,660499531,583dcb3a-7c61-4fa2-a3e4-47141406d580,31-01-2026 06:05,,,submitted_via_web,,vJPQqaxfJYoZcmbGG5DBqs,,uuid:583dcb3a-7c61-4fa2-a3e4-47141406d580,Mod Foundation,South,Koramangala Challaghatta Valley,K200,,38,yes
41,31-01-2026,31-01-2026,,,"Yes, I feel safe to conduct the audit",A4,Left hand side (LHS),,,12.9155564 77.6407582 813.3999633789062 8.25,12.9155564,77.6407582,813.3999634,8.25,2026/01/31 11:37:00+0530,,,,,,,,,,,,,1769839706027.jpg,,,,Retaining wall intact throughout the stretch,3,"Yes, covered only on sides",Reinforced Cement Concrete (RCC),1769839697017.jpg,,Not applicable ,Not applicable,,,,,Not applicable,,,,,,,,,,,Not applicable,Not applicable,,,,,No,,,No,,,No,,,,OK,660597908,65917931-9a0b-4570-8776-9f04ec3dc7a8,31-01-2026 08:57,,,submitted_via_web,,vJPQqaxfJYoZcmbGG5DBqs,,uuid:65917931-9a0b-4570-8776-9f04ec3dc7a8,Mod Foundation,South,Koramangala Challaghatta Valley,K200,,39,yes
34,31-01-2026,31-01-2026,,,"Yes, I feel safe to conduct the audit",A5,Left hand side (LHS),,,12.9156251 77.6401961 811.0 4.073,12.9156251,77.6401961,811,4.073,2026/01/31 11:38:00+0530,,,,,,,,,,,,,1769839783774.jpg,,,,Retaining wall intact throughout the stretch,3.5,"Yes, covered only on sides",Reinforced Cement Concrete (RCC),1769839748008.jpg,,Not applicable ,Not applicable,,,,,Not applicable,,,,,,,,,,,Not applicable,Not applicable,,,,,No,,,No,,,Cannot see,,,,OK,660519447,22ea8835-e057-4538-b668-8404dc58bfb4,31-01-2026 06:45,,,submitted_via_web,,vJPQqaxfJYoZcmbGG5DBqs,,uuid:22ea8835-e057-4538-b668-8404dc58bfb4,Mod Foundation,South,Koramangala Challaghatta Valley,K200,,40,yes
31,31-01-2026,31-01-2026,,,"No, I do not feel safe. I will stop the audit at this point.",A5,Left hand side (LHS),,,12.9156434 77.6397554 810.5 4.298,12.9156434,77.6397554,810.5,4.298,2026/01/31 11:45:00+0530,,,,,,,,,,,,,1769840220196.jpg,,,,Broken in some places,3,"Yes, covered on sides and top",Reinforced Cement Concrete (RCC),1769840203344.jpg,,Not applicable ,Not applicable,,,,,Not applicable,,,,,,,,,,,Not applicable,Not applicable,,,,,No,1769840289873.jpg,,Yes,1769840303295.jpg,https://kf.kobotoolbox.org/api/v2/assets/aLP6mR6GUPYRbYEjUKj73j/data/660519161/attachments/attxJv2sCQ2khnCQWpGqKC69/,Cannot see,,,,OK,660519161,9d2aed18-7de6-4dec-9d0f-a8e206f3fbb3,31-01-2026 06:44,,,submitted_via_web,,vJPQqaxfJYoZcmbGG5DBqs,,uuid:9d2aed18-7de6-4dec-9d0f-a8e206f3fbb3,Mod Foundation,South,Koramangala Challaghatta Valley,K200,,41,yes
196,28-03-2026,28-03-2026,,,"Yes, I feel safe to conduct the audit",A36,Left hand side (LHS),,,12.9297122 77.5917133 837.0999755859375 4.947,12.9297122,77.5917133,837.0999756,4.947,2026/03/28 07:00:00+0530,,,,,,,,,,,,,1774661659740.jpg,,,,Retaining wall intact throughout the stretch,5,There is no fence ,Reinforced Cement Concrete (RCC),1774661554532.jpg,,Not applicable ,Not applicable,,,,,Not applicable,,,,,,,,,,,Not applicable,Not applicable,,,,,No,,,Yes,1774661826679.jpg,https://kf.kobotoolbox.org/api/v2/assets/aLP6mR6GUPYRbYEjUKj73j/data/709240558/attachments/attf3FbGYq6gxJFsGWTp3JGx/,No,,,,OK,709240558,942cb215-99f2-4329-8035-9d7da5053b7f,28-03-2026 04:09,,,submitted_via_web,,vkbFwZJLxY6frYjhVP9c6i,,uuid:942cb215-99f2-4329-8035-9d7da5053b7f,Ashwin,South,Koramangala Challaghatta Valley,,K208,42,yes
197,28-03-2026,28-03-2026,,,"Yes, I feel safe to conduct the audit",A36,Left hand side (LHS),,,12.9313614 77.5921249 835.7999877929688 4.942,12.9313614,77.5921249,835.7999878,4.942,,,,,,,,,,,,,,1774662647639.jpg,,,,Retaining wall intact throughout the stretch,3,There is no fence ,Solid Stone Masonry (SSM),1774662614576.jpg,,Not applicable ,Not applicable,,,,,Not applicable,,,,,,,,,,,Not applicable,Not applicable,,,,,No,,,No,,,No,,,,OK,709240669,46c64e98-d8c9-4873-835a-865cec023027,28-03-2026 04:09,,,submitted_via_web,,vkbFwZJLxY6frYjhVP9c6i,,uuid:46c64e98-d8c9-4873-835a-865cec023027,Ashwin,South,Koramangala Challaghatta Valley,,K208,43,yes
198,28-03-2026,28-03-2026,,,"Yes, I feel safe to conduct the audit",A36,Right hand side (RHS),,,12.9313919 77.5926996 835.3999633789062 4.942,12.9313919,77.5926996,835.3999634,4.942,2026/03/28 07:29:00+0530,,,,,,,,,,,,,1774663268572.jpg,,,,Retaining wall intact throughout the stretch,4,"Yes, covered on sides and top",Reinforced Cement Concrete (RCC),1774663243911.jpg,,Not applicable ,Not applicable,,,,,Not applicable,,,,,,,,,,,Not applicable,Not applicable,,,,,No,,,No,1774663372175.jpg,https://kf.kobotoolbox.org/api/v2/assets/aLP6mR6GUPYRbYEjUKj73j/data/709240694/attachments/att2V9pqMYEVpfp6RtGHCTqq/,No,,,,OK,709240694,3861cdb8-7101-4579-9983-2f24264b1bc9,28-03-2026 04:09,,,submitted_via_web,,vkbFwZJLxY6frYjhVP9c6i,,uuid:3861cdb8-7101-4579-9983-2f24264b1bc9,Ashwin,Central,Koramangala Challaghatta Valley,,K207,44,yes
199,28-03-2026,28-03-2026,,,"Yes, I feel safe to conduct the audit",A36,Right hand side (RHS),,,12.9313402 77.5934859 833.7000122070312 4.872,12.9313402,77.5934859,833.7000122,4.872,2026/03/28 07:35:00+0530,,,,,,,,,,,,,1774663596436.jpg,,,,Retaining wall intact throughout the stretch,4,"Yes, covered on sides and top",Reinforced Cement Concrete (RCC),1774663583188.jpg,,"Pedestrian, I see only people walking on the bridge",Intact;  path and fence not broken ,,,,,Safe to walk (clear path),,,,,,,,,1774663688283.jpg,https://kf.kobotoolbox.org/api/v2/assets/aLP6mR6GUPYRbYEjUKj73j/data/709240722/attachments/attQzCsHZuq65iGkwUxCejBZ/,No,0,,,,,No,,,Yes,1774663688283.jpg,,No,,,,OK,709240722,38c0cfd2-80fc-4c03-b248-c1c32886e07b,28-03-2026 04:09,,,submitted_via_web,,vkbFwZJLxY6frYjhVP9c6i,,uuid:38c0cfd2-80fc-4c03-b248-c1c32886e07b,Ashwin,Central,Koramangala Challaghatta Valley,,K207,45,yes
200,28-03-2026,28-03-2026,,,"Yes, I feel safe to conduct the audit",A36,Right hand side (RHS),,,12.9311853 77.5945003 832.2999877929688 4.949,12.9311853,77.5945003,832.2999878,4.949,2026/03/28 07:42:00+0530,,,,,,,,,,,,,1774664023857.jpg,,,,Broken in some places,1,There is no fence ,Reinforced Cement Concrete (RCC),1774664013508.jpg,,"Vehicular, I can see vehicles on the bridge",Intact;  path and fence not broken ,,,,,Safe to walk (clear path),,,,,,,,,1774664092490.jpg,https://kf.kobotoolbox.org/api/v2/assets/aLP6mR6GUPYRbYEjUKj73j/data/709240749/attachments/att3k8j9xZbjcNR2NuJaJGok/,No,0,,,,,No,,,No,1774664163644.jpg,https://kf.kobotoolbox.org/api/v2/assets/aLP6mR6GUPYRbYEjUKj73j/data/709240749/attachments/attmz3R7jJLWg2K3KmE6PUx9/,No,,,,OK,709240749,f0bc0147-14a1-4bcb-aa8e-83d2df573e43,28-03-2026 04:09,,,submitted_via_web,,vkbFwZJLxY6frYjhVP9c6i,,uuid:f0bc0147-14a1-4bcb-aa8e-83d2df573e43,Ashwin,Central,Koramangala Challaghatta Valley,,K207,46,yes
364,10-05-2026,10-05-2026,,,"Yes, I feel safe to conduct the audit",A36,Right hand side (RHS),,,12.9250168 77.6088819 814.103759765625 4.428,12.9250168,77.6088819,814.1037598,4.428,2026/05/10 08:43:00+0530,,,,,,,,,,,,,1778382870481.jpg,https://kf.kobotoolbox.org/api/v2/assets/aLP6mR6GUPYRbYEjUKj73j/data/747529710/attachments/attPvraQ7Bw9PhaX3EVCrCAo/,,,Retaining wall intact throughout the stretch,3,"Yes, covered only on sides",Reinforced Cement Concrete (RCC),1778382851894.jpg,https://kf.kobotoolbox.org/api/v2/assets/aLP6mR6GUPYRbYEjUKj73j/data/747529710/attachments/attDkngVjZxgSNSXABsKbWtp/,"Vehicular, I can see vehicles on the bridge",Intact;  path and fence not broken ,,,,,Safe to walk (clear path),,,,,,,,,1778382916789.jpg,https://kf.kobotoolbox.org/api/v2/assets/aLP6mR6GUPYRbYEjUKj73j/data/747529710/attachments/attwUzFcUrWTpnLbSbhSLU3M/,Yes,1,1778382943688.jpg,,https://kf.kobotoolbox.org/api/v2/assets/aLP6mR6GUPYRbYEjUKj73j/data/747529710/attachments/attZjoroDNcoBVXTmUrdxQKo/,,Yes,1778383086584.jpg,https://kf.kobotoolbox.org/api/v2/assets/aLP6mR6GUPYRbYEjUKj73j/data/747529710/attachments/attYB6DqyXEuxydiE5oanM53/,No,,,No,,,,OK,747529710,d8fb645a-de3b-4eb0-a0d1-6d5a56be3859,10-05-2026 03:50,,,submitted_via_web,,vkbFwZJLxY6frYjhVP9c6i,,uuid:d8fb645a-de3b-4eb0-a0d1-6d5a56be3859,Ashwin,South,Koramangala Challaghatta Valley,K200,,47,yes
363,10-05-2026,10-05-2026,,,"Yes, I feel safe to conduct the audit",A36,Right hand side (RHS),,,12.9247276 77.6104732 810.8076171875 4.318,12.9247276,77.6104732,810.8076172,4.318,2026/05/10 08:31:00+0530,,,,,,,,,,,,,1778382211183.jpg,https://kf.kobotoolbox.org/api/v2/assets/aLP6mR6GUPYRbYEjUKj73j/data/747529684/attachments/attSgi9derAMKiHSTB3cRjQV/,,,Retaining wall intact throughout the stretch,6,There is no fence ,"Both, SSM and RCC",1778382197243.jpg,https://kf.kobotoolbox.org/api/v2/assets/aLP6mR6GUPYRbYEjUKj73j/data/747529684/attachments/attKWEUfY8RQG6G7XQemMvHR/,Not applicable ,Not applicable,,,,,Not applicable,,,,,,,,,,,Not applicable,0,,,,,No,,,Cannot see,,,No,,,,OK,747529684,34c579e0-bb99-4df0-b879-6339ad0890f0,10-05-2026 03:50,,,submitted_via_web,,vkbFwZJLxY6frYjhVP9c6i,,uuid:34c579e0-bb99-4df0-b879-6339ad0890f0,Ashwin,South,Koramangala Challaghatta Valley,K200,,48,yes
362,10-05-2026,10-05-2026,,,"Yes, I feel safe to conduct the audit",A36,Right hand side (RHS),,,12.9229527 77.6157102 807.764892578125 4.909,12.9229527,77.6157102,807.7648926,4.909,2026/05/10 08:11:00+0530,,,,,,,,,,,,,1778380988052.jpg,https://kf.kobotoolbox.org/api/v2/assets/aLP6mR6GUPYRbYEjUKj73j/data/747529666/attachments/attgGf3vWwM6Tis7qTRsdT9R/,,,Retaining wall intact throughout the stretch,2,"Yes, covered only on sides",Reinforced Cement Concrete (RCC),1778380972087.jpg,https://kf.kobotoolbox.org/api/v2/assets/aLP6mR6GUPYRbYEjUKj73j/data/747529666/attachments/attE8bAn2NZxJAzAqZKPoJAJ/,Not applicable ,Not applicable,,,,,Not applicable,,,,,,,,,,,Not applicable,0,,,,,Yes,1778381042810.jpg,https://kf.kobotoolbox.org/api/v2/assets/aLP6mR6GUPYRbYEjUKj73j/data/747529666/attachments/attpRZDf4TxYfVm3didx845k/,No,,,Yes,1778381087769.jpg,https://kf.kobotoolbox.org/api/v2/assets/aLP6mR6GUPYRbYEjUKj73j/data/747529666/attachments/att6BfdnQRXwmpSSiK3KYYoo/,,OK,747529666,249d33a1-e37d-4836-9cd4-677cc0fb1236,10-05-2026 03:50,,,submitted_via_web,,vkbFwZJLxY6frYjhVP9c6i,,uuid:249d33a1-e37d-4836-9cd4-677cc0fb1236,Ashwin,South,Koramangala Challaghatta Valley,K200,,49,yes
361,10-05-2026,10-05-2026,,,"Yes, I feel safe to conduct the audit",A36,Right hand side (RHS),,,12.922372 77.6161501 805.3182373046875 4.749,12.922372,77.6161501,805.3182373,4.749,2026/05/10 08:05:00+0530,,,,,,,,,,,,,1778380644877.jpg,https://kf.kobotoolbox.org/api/v2/assets/aLP6mR6GUPYRbYEjUKj73j/data/747529633/attachments/attniSiRgrKM2W9anB7ng8FB/,,,Retaining wall intact throughout the stretch,3,There is no fence ,"Both, SSM and RCC",1778380630199.jpg,https://kf.kobotoolbox.org/api/v2/assets/aLP6mR6GUPYRbYEjUKj73j/data/747529633/attachments/att33fvmPRNf84ivr8eA3uvw/,Not applicable ,Not applicable,,,,,Not applicable,,,,,,,,,,,Not applicable,0,,,,,No,,,No,,,No,,,,OK,747529633,d69d876b-5ffc-4a08-a62d-4e197c4ee30e,10-05-2026 03:50,,,submitted_via_web,,vkbFwZJLxY6frYjhVP9c6i,,uuid:d69d876b-5ffc-4a08-a62d-4e197c4ee30e,Ashwin,South,Koramangala Challaghatta Valley,K200,,50,yes
360,10-05-2026,10-05-2026,,,"Yes, I feel safe to conduct the audit",A36,Right hand side (RHS),,,12.9216673 77.616835 812.297119140625 4.846,12.9216673,77.616835,812.2971191,4.846,2026/05/10 07:54:00+0530,,,,,,,,,,,,,1778379993151.jpg,https://kf.kobotoolbox.org/api/v2/assets/aLP6mR6GUPYRbYEjUKj73j/data/747529626/attachments/attt3fUj2fczvb5UadfXSiDm/,,,Broken in some places,4,There is no fence ,Reinforced Cement Concrete (RCC),1778379962942.jpg,https://kf.kobotoolbox.org/api/v2/assets/aLP6mR6GUPYRbYEjUKj73j/data/747529626/attachments/att8okS2JB3pQh2fbncFZVyX/,"Pedestrian, I see only people walking on the bridge",Intact;  path and fence not broken ,,,,,Safe to walk (clear path),,,,,,,,,1778380036340.jpg,https://kf.kobotoolbox.org/api/v2/assets/aLP6mR6GUPYRbYEjUKj73j/data/747529626/attachments/attLhRoWTeeEKoVDrFYEzAgg/,No,0,1778380058104.jpg,,https://kf.kobotoolbox.org/api/v2/assets/aLP6mR6GUPYRbYEjUKj73j/data/747529626/attachments/attb7B74FSXajPuhAt3HesMZ/,,Yes,1778380077226.jpg,https://kf.kobotoolbox.org/api/v2/assets/aLP6mR6GUPYRbYEjUKj73j/data/747529626/attachments/attBi3sdGpU4epYTYn7cYLCM/,No,,,Yes,1778380124525.jpg,https://kf.kobotoolbox.org/api/v2/assets/aLP6mR6GUPYRbYEjUKj73j/data/747529626/attachments/att3gZ8fwMi7h6GwnCKfTfyN/,,OK,747529626,22454ff1-bc77-4a9a-9620-665964cb78d3,10-05-2026 03:50,,,submitted_via_web,,vkbFwZJLxY6frYjhVP9c6i,,uuid:22454ff1-bc77-4a9a-9620-665964cb78d3,Ashwin,South,Koramangala Challaghatta Valley,K200,,51,yes
359,10-05-2026,10-05-2026,,,"Yes, I feel safe to conduct the audit",A36,Left hand side (LHS),,,12.9211232 77.6183422 794.335205078125 4.099,12.9211232,77.6183422,794.3352051,4.099,2026/05/10 07:36:00+0530,,,,,,,,,,,,,1778378864926.jpg,https://kf.kobotoolbox.org/api/v2/assets/aLP6mR6GUPYRbYEjUKj73j/data/747529617/attachments/attMJGn2URprLrPL4a4PVniY/,,,Retaining wall intact throughout the stretch,4,"Yes, covered on sides and top",Reinforced Cement Concrete (RCC),1778378842891.jpg,https://kf.kobotoolbox.org/api/v2/assets/aLP6mR6GUPYRbYEjUKj73j/data/747529617/attachments/attk4j7HtuXrpThtZFr7UJiY/,"Vehicular, I can see vehicles on the bridge",Intact;  path and fence not broken ,,,,,Safe to walk (clear path),,,,,,,,,1778378958300.jpg,https://kf.kobotoolbox.org/api/v2/assets/aLP6mR6GUPYRbYEjUKj73j/data/747529617/attachments/attxPzzo8DvoSj2P49uG9kUT/,Not applicable,0,,,,,No,,,No,,,Yes,1778379032706.jpg,https://kf.kobotoolbox.org/api/v2/assets/aLP6mR6GUPYRbYEjUKj73j/data/747529617/attachments/attaBA9PzFYQKWTQGNd4k4Fn/,,OK,747529617,b8387ba1-e693-482d-b24c-c30c5f3d87e5,10-05-2026 03:50,,,submitted_via_web,,vkbFwZJLxY6frYjhVP9c6i,,uuid:b8387ba1-e693-482d-b24c-c30c5f3d87e5,Ashwin,South,Koramangala Challaghatta Valley,K200,,52,yes
358,10-05-2026,10-05-2026,,,"Yes, I feel safe to conduct the audit",A36,Left hand side (LHS),,,12.9192378 77.6212171 797.3516845703125 4.264,12.9192378,77.6212171,797.3516846,4.264,2026/05/10 07:24:00+0530,,,,,,,,,,,,,1778378190851.jpg,https://kf.kobotoolbox.org/api/v2/assets/aLP6mR6GUPYRbYEjUKj73j/data/747529601/attachments/att6wbD3kbnsdWwe9ENTfy4U/,,,Retaining wall intact throughout the stretch,3,There is no fence ,"Both, SSM and RCC",1778378177019.jpg,https://kf.kobotoolbox.org/api/v2/assets/aLP6mR6GUPYRbYEjUKj73j/data/747529601/attachments/attUGH76t54UjTL5qQh6geLE/,"Pedestrian, I see only people walking on the bridge",Intact;  path and fence not broken ,,,,,Safe to walk (clear path),,,,,,,,,1778378243295.jpg,https://kf.kobotoolbox.org/api/v2/assets/aLP6mR6GUPYRbYEjUKj73j/data/747529601/attachments/attzyfPHDc5t33gnDGcJE3ci/,No,0,1778378278267.jpg,,https://kf.kobotoolbox.org/api/v2/assets/aLP6mR6GUPYRbYEjUKj73j/data/747529601/attachments/att4TPEv3LMmCfm6nHaLsoXw/,,No,,,No,,,No,,,,OK,747529601,10abada1-f4dc-46df-b40a-1bd5e5539b2d,10-05-2026 03:50,,,submitted_via_web,,vkbFwZJLxY6frYjhVP9c6i,,uuid:10abada1-f4dc-46df-b40a-1bd5e5539b2d,Ashwin,South,Koramangala Challaghatta Valley,K200,,53,yes
357,10-05-2026,10-05-2026,,,"Yes, I feel safe to conduct the audit",A36,Left hand side (LHS),,,12.9182278 77.6219497 808.008544921875 4.992,12.9182278,77.6219497,808.0085449,4.992,2026/05/10 07:13:00+0530,,,,,,,,,,,,,1778377573958.jpg,https://kf.kobotoolbox.org/api/v2/assets/aLP6mR6GUPYRbYEjUKj73j/data/747529590/attachments/attMFQo4rN3gYibzPyNcDjNA/,,,Retaining wall intact throughout the stretch,3,"Yes, covered only on sides","Both, SSM and RCC",1778377555636.jpg,https://kf.kobotoolbox.org/api/v2/assets/aLP6mR6GUPYRbYEjUKj73j/data/747529590/attachments/attnsDrpqLpUzmTVFcp9JEoG/,"Vehicular, I can see vehicles on the bridge",Intact;  path and fence not broken ,,,,,Safe to walk (clear path),,,,,,,,,1778377611587.jpg,https://kf.kobotoolbox.org/api/v2/assets/aLP6mR6GUPYRbYEjUKj73j/data/747529590/attachments/attJJzFSZfHx4XLMZPbRMC6m/,No,0,1778377675546.jpg,,https://kf.kobotoolbox.org/api/v2/assets/aLP6mR6GUPYRbYEjUKj73j/data/747529590/attachments/attG2DAsVgCSnYtPk4mi3ht2/,,Yes,1778377770898.jpg,https://kf.kobotoolbox.org/api/v2/assets/aLP6mR6GUPYRbYEjUKj73j/data/747529590/attachments/attziBbodP7NJQ9FYBZP42z7/,Yes,,,No,,,,OK,747529590,beb03a41-5257-4fe5-ab9c-a3d8c9dd9bc4,10-05-2026 03:50,,,submitted_via_web,,vkbFwZJLxY6frYjhVP9c6i,,uuid:beb03a41-5257-4fe5-ab9c-a3d8c9dd9bc4,Ashwin,South,Koramangala Challaghatta Valley,K200,,54,yes
356,10-05-2026,10-05-2026,,,"Yes, I feel safe to conduct the audit",A36,Left hand side (LHS),,,12.9177798 77.622151 798.5054931640625 4.077,12.9177798,77.622151,798.5054932,4.077,2026/05/10 07:05:00+0530,,,,,,,,,,,,,1778377060166.jpg,https://kf.kobotoolbox.org/api/v2/assets/aLP6mR6GUPYRbYEjUKj73j/data/747529575/attachments/atth2yk8PUMNRJ35i4CKdT68/,,,Retaining wall intact throughout the stretch,4,"Yes, covered only on sides",Reinforced Cement Concrete (RCC),1778377036426.jpg,https://kf.kobotoolbox.org/api/v2/assets/aLP6mR6GUPYRbYEjUKj73j/data/747529575/attachments/attUBBhi3JtWtEdjWbQgg2n2/,"Vehicular, I can see vehicles on the bridge",Intact;  path and fence not broken ,,,,,Safe to walk (clear path),,,,,,,,,1778377115506.jpg,https://kf.kobotoolbox.org/api/v2/assets/aLP6mR6GUPYRbYEjUKj73j/data/747529575/attachments/attknEF6kFqB2SUymZLNJeKi/,No,0,1778377178476.jpg,,https://kf.kobotoolbox.org/api/v2/assets/aLP6mR6GUPYRbYEjUKj73j/data/747529575/attachments/atti7rvjvTRXvE5f5HMxwDMg/,,No,,,Yes,,,No,,,,OK,747529575,44b0bb07-7f1a-4532-ad92-56604fa5144c,10-05-2026 03:50,,,submitted_via_web,,vkbFwZJLxY6frYjhVP9c6i,,uuid:44b0bb07-7f1a-4532-ad92-56604fa5144c,Ashwin,South,Koramangala Challaghatta Valley,K200,,55,yes
355,10-05-2026,10-05-2026,,,"Yes, I feel safe to conduct the audit",A36,Left hand side (LHS),,,12.9162731 77.6229682 812.7000122070312 4.989,12.9162731,77.6229682,812.7000122,4.989,2026/05/10 06:50:00+0530,,,,,,,,,,,,,1778376168967.jpg,https://kf.kobotoolbox.org/api/v2/assets/aLP6mR6GUPYRbYEjUKj73j/data/747530910/attachments/attsmXemqH3H3U8Q4wGDV4qU/,,,Retaining wall intact throughout the stretch,3,There is no fence ,Solid Stone Masonry (SSM),1778376151292.jpg,https://kf.kobotoolbox.org/api/v2/assets/aLP6mR6GUPYRbYEjUKj73j/data/747530910/attachments/attt9U2f7xVLidLHcSfxwtqh/,Not applicable ,Not applicable,,,,,Not applicable,,,,,,,,,,,Not applicable,0,,,,,No,,,No,,,No,,,,OK,747530910,8c7193ce-3dca-4256-afc8-291c525031ad,10-05-2026 03:56,,,submitted_via_web,,vkbFwZJLxY6frYjhVP9c6i,,uuid:8c7193ce-3dca-4256-afc8-291c525031ad,Ashwin,South,Koramangala Challaghatta Valley,K200,,56,
42,31-01-2026,31-01-2026,,,"Yes, I feel safe to conduct the audit",A4,Right hand side (RHS),,,12.9159835 77.6334757 810.8999633789062 4.65,12.9159835,77.6334757,810.8999634,4.65,2026/01/31 12:21:00+0530,,,,,,,,,,,,,,,,,Retaining wall intact throughout the stretch,2,There is no fence ,Reinforced Cement Concrete (RCC),1769842316624.jpg,,Not applicable ,Not applicable,,,,,Not applicable,,,,,,,,,,,Not applicable,Not applicable,,,,,No,,,No,,,No,,,,OK,660598072,43f842ef-0a0c-4e9b-a874-26818a55ce59,31-01-2026 08:58,,,submitted_via_web,,vJPQqaxfJYoZcmbGG5DBqs,,uuid:43f842ef-0a0c-4e9b-a874-26818a55ce59,Mod Foundation,South,Koramangala Challaghatta Valley,K200,,57,yes
36,31-01-2026,31-01-2026,,,"Yes, I feel safe to conduct the audit",A4,Right hand side (RHS),,,12.915974 77.6343001 811.2000122070312 4.275,12.915974,77.6343001,811.2000122,4.275,2026/01/31 12:15:00+0530,,,,,,,,,,,,,1769842037667.jpg,,,,Retaining wall intact throughout the stretch,3,"Yes, covered only on sides",Reinforced Cement Concrete (RCC),1769842004082.jpg,,Not applicable ,Not applicable,,,,,Not applicable,,,,,,,,,,,Not applicable,Not applicable,,,,,No,,,No,,,Cannot see,,,,OK,660525646,a012a442-bd57-4d9f-958d-a2ad816eccb0,31-01-2026 06:55,,,submitted_via_web,,vJPQqaxfJYoZcmbGG5DBqs,,uuid:a012a442-bd57-4d9f-958d-a2ad816eccb0,Mod Foundation,South,Koramangala Challaghatta Valley,K200,,58,
35,31-01-2026,31-01-2026,,,"Yes, I feel safe to conduct the audit",A4,Right hand side (RHS),,,12.9159113 77.6354732 810.3999633789062 5.351,12.9159113,77.6354732,810.3999634,5.351,2026/01/31 11:57:00+0530,,,,,,,,,,,,,1769841022494.jpg,,,,Retaining wall intact throughout the stretch,3,There is no fence ,Reinforced Cement Concrete (RCC),1769840944368.jpg,,"Vehicular, I can see vehicles on the bridge",Intact;  path and fence not broken ,,,,,Obstructed path (parking),,,,,,,,,1769841069629.jpg,https://kf.kobotoolbox.org/api/v2/assets/aLP6mR6GUPYRbYEjUKj73j/data/660525547/attachments/attaUoLWUf5Y4ax7nupx55jc/,Yes,1,1769841120442.jpg,,,,No,,,No,,,Cannot see,,,,OK,660525547,9f9f8e4b-795f-4a59-a3fa-44eb529c4dfd,31-01-2026 06:55,,,submitted_via_web,,vJPQqaxfJYoZcmbGG5DBqs,,uuid:9f9f8e4b-795f-4a59-a3fa-44eb529c4dfd,Mod Foundation,South,Koramangala Challaghatta Valley,K200,,59,
27,31-01-2026,31-01-2026,,,"Yes, I feel safe to conduct the audit",A6,Right hand side (RHS),,,12.9156954 77.6367255 810.7000122070312 4.639,12.9156954,77.6367255,810.7000122,4.639,2026/01/31 11:50:00+0530,,,,,,,,,,,,,1769840593432.jpg,,,,Retaining wall intact throughout the stretch,2,"Yes, covered only on sides",Reinforced Cement Concrete (RCC),1769840573525.jpg,,Not applicable ,Not applicable,,,,,Not applicable,,,,,,,,,,,Not applicable,Not applicable,,,,,No,,,Cannot see,,,Cannot see,,,,OK,660509344,1bed0831-11f1-457b-817d-ed9e8f2fafa7,31-01-2026 06:25,,,submitted_via_web,,vJPQqaxfJYoZcmbGG5DBqs,,uuid:1bed0831-11f1-457b-817d-ed9e8f2fafa7,Mod Foundation,South,Koramangala Challaghatta Valley,K200,,60,yes
32,31-01-2026,31-01-2026,,,"Yes, I feel safe to conduct the audit",A5,Right hand side (RHS),,,12.9157283 77.6371801 810.7000122070312 4.752,12.9157283,77.6371801,810.7000122,4.752,2026/01/31 12:08:00+0530,,,,,,,,,,,,,1769841568170.jpg,,,,Retaining wall intact throughout the stretch,2,There is no fence ,Reinforced Cement Concrete (RCC),1769841548679.jpg,,Not applicable ,Not applicable,,,,,Not applicable,,,,,,,,,,,Not applicable,Not applicable,,,,,No,,,No,,,No,,,,OK,660519185,662e0aec-4f42-4d18-aa49-8dfa423342f1,31-01-2026 06:44,,,submitted_via_web,,vJPQqaxfJYoZcmbGG5DBqs,,uuid:662e0aec-4f42-4d18-aa49-8dfa423342f1,Mod Foundation,South,Koramangala Challaghatta Valley,K200,,61,yes
39,31-01-2026,31-01-2026,,,"Yes, I feel safe to conduct the audit",A7,Left hand side (LHS),,,12.9157687 77.6380299 810.7999877929688 4.502,12.9157687,77.6380299,810.7999878,4.502,2026/01/31 12:07:00+0530,,,,,,,,,,,,,1769841565139.jpg,,,,Retaining wall intact throughout the stretch,2.5,There is no fence ,Reinforced Cement Concrete (RCC),1769841545408.jpg,,"Vehicular, I can see vehicles on the bridge",Intact;  path and fence not broken ,,,,,Safe to walk (clear path),,,,,,,,,1769841606233.jpg,https://kf.kobotoolbox.org/api/v2/assets/aLP6mR6GUPYRbYEjUKj73j/data/660531105/attachments/attGAgX2spU6aSYhHhZwCaQq/,Yes,2,1769841629292.jpg,,,,No,,,No,,,No,,,,OK,660531105,5fb8cee4-be7a-4c10-ba8d-f3d762367488,31-01-2026 07:05,,,submitted_via_web,,vJPQqaxfJYoZcmbGG5DBqs,,uuid:5fb8cee4-be7a-4c10-ba8d-f3d762367488,Mod Foundation,South,Koramangala Challaghatta Valley,K200,,62,yes
223,28-03-2026,28-03-2026,,,"Yes, I feel safe to conduct the audit",A37,Left hand side (LHS),,,12.862597 77.5851474 858.0999755859375 20.194,12.862597,77.5851474,858.0999756,20.194,2026/03/28 07:10:00+0530,,,,,,,,,,,,,1774662174104.jpg,,,,Retaining wall intact throughout the stretch,1,"Yes, covered on sides and top",Solid Stone Masonry (SSM),1774662198497.jpg,,Not applicable ,Not applicable,,,,,Not applicable,,,,,,,,,,,Not applicable,Not applicable,,,,,No,,,No,,,No,,,,OK,711889274,adf19175-fbb8-4b4a-8466-08a1cdf3f858,31-03-2026 09:08,,,submitted_via_web,,vkbFwZJLxY6frYjhVP9c6i,,uuid:adf19175-fbb8-4b4a-8466-08a1cdf3f858,Poongothai,South,Koramangala Challaghatta Valley,unknown13,,63,yes
224,28-03-2026,28-03-2026,,,"Yes, I feel safe to conduct the audit",A37,Left hand side (LHS),,,12.8623113 77.5861131 856.0 7.0,12.8623113,77.5861131,856,7,2026/03/28 07:30:00+0530,,,,,,,,,,,,,1774663406248.jpg,,,,Broken in some places,2,"Yes, covered on sides and top",Solid Stone Masonry (SSM),1774663384216.jpg,,Not applicable ,Not applicable,,,,,Not applicable,,,,,,,,,,,Not applicable,Not applicable,,,,,No,,,No,1774663499236.jpg,https://kf.kobotoolbox.org/api/v2/assets/aLP6mR6GUPYRbYEjUKj73j/data/711889461/attachments/attK4zGQbLMkj3x6dMo2RCc2/,No,,,,OK,711889461,7e9d880a-6e1f-4bca-b981-7cb93841648e,31-03-2026 09:08,,,submitted_via_web,,vkbFwZJLxY6frYjhVP9c6i,,uuid:7e9d880a-6e1f-4bca-b981-7cb93841648e,Poongothai,South,Koramangala Challaghatta Valley,unknown13,,64,yes
225,28-03-2026,28-03-2026,,,"Yes, I feel safe to conduct the audit",A37,Right hand side (RHS),,,12.8616638 77.5872078 854.0 20.033,12.8616638,77.5872078,854,20.033,2026/03/28 07:44:00+0530,,,,,,,,,,,,,1774664124493.jpg,,,,Retaining wall intact throughout the stretch,4,There is no fence ,Reinforced Cement Concrete (RCC),1774664109814.jpg,,Not applicable ,Not applicable,,,,,Not applicable,,,,,,,,,,,Not applicable,Not applicable,,,,,No,,,Cannot see,,,No,1774664184434.jpg,https://kf.kobotoolbox.org/api/v2/assets/aLP6mR6GUPYRbYEjUKj73j/data/711889656/attachments/atttaa596MMFEuzmsw9m6XZg/,,OK,711889656,53ca698a-8679-47b7-a700-4b0e4452840d,31-03-2026 09:09,,,submitted_via_web,,vkbFwZJLxY6frYjhVP9c6i,,uuid:53ca698a-8679-47b7-a700-4b0e4452840d,Poongothai,South,Koramangala Challaghatta Valley,unknown13,,65,yes
149,19-02-2026,19-02-2026,,,"Yes, I feel safe to conduct the audit",A12,Right hand side (RHS),,,12.9893353 77.5974002 838.0 3.6,12.9893353,77.5974002,838,3.6,2026/02/19 11:12:00+0530,,,,,,,,,,,,,1771479808478.jpg,,,,Retaining wall intact throughout the stretch,1,There is no fence ,Reinforced Cement Concrete (RCC),1771479801448.jpg,,"Vehicular, I can see vehicles on the bridge",Intact;  path and fence not broken ,,,,,Safe to walk (clear path),,,,,,,,,1771479849031.jpg,https://kf.kobotoolbox.org/api/v2/assets/aLP6mR6GUPYRbYEjUKj73j/data/677748211/attachments/attampTwoUnukWdNVaNVuRS8/,No,0,,,,,No,,,No,,,Yes,1771479882230.jpg,https://kf.kobotoolbox.org/api/v2/assets/aLP6mR6GUPYRbYEjUKj73j/data/677748211/attachments/attew7wdHVV5DUqScTrC9fdR/,,OK,677748211,0264a305-518d-4093-9f2b-ba5fa126d6d6,23-02-2026 05:07,,,submitted_via_web,,v3tpAA3xLp479pfhqUuXwb,,uuid:0264a305-518d-4093-9f2b-ba5fa126d6d6,MCC,Central,Koramangala Challaghatta Valley,C100,,66,yes
148,19-02-2026,19-02-2026,,,"Yes, I feel safe to conduct the audit",A12,Right hand side (RHS),,,12.9892507 77.5974974 838.0 2.583,12.9892507,77.5974974,838,2.583,2026/02/19 11:03:00+0530,,,,,,,,,,,,,1771479243288.jpg,,,,Retaining wall intact throughout the stretch,2,There is no fence ,Reinforced Cement Concrete (RCC),1771479236030.jpg,,"Vehicular, I can see vehicles on the bridge",Broken wall/fence,,,,,Safe to walk (clear path),,,,,,,,,1771479292695.jpg,https://kf.kobotoolbox.org/api/v2/assets/aLP6mR6GUPYRbYEjUKj73j/data/677747788/attachments/atto7TnsXxXb7vH3UjW8FDcz/,No,0,,,,,Yes,1771479324085.jpg,,Yes,1771479334889.jpg,https://kf.kobotoolbox.org/api/v2/assets/aLP6mR6GUPYRbYEjUKj73j/data/677747788/attachments/att4DaNDpEtdBKJwp4myJPNz/,Yes,1771479348562.jpg,https://kf.kobotoolbox.org/api/v2/assets/aLP6mR6GUPYRbYEjUKj73j/data/677747788/attachments/att6nzBpWD6wMCthKF5k4dYj/,,OK,677747788,1cfe1b3b-40d5-44f6-a912-b67e3ec044ce,23-02-2026 05:06,,,submitted_via_web,,v3tpAA3xLp479pfhqUuXwb,,uuid:1cfe1b3b-40d5-44f6-a912-b67e3ec044ce,MCC,Central,Koramangala Challaghatta Valley,C100,,67,yes
147,19-02-2026,19-02-2026,,,"Yes, I feel safe to conduct the audit",A12,Right hand side (RHS),,,12.9885827 77.5980117 841.8999633789062 3.45,12.9885827,77.5980117,841.8999634,3.45,2026/02/19 10:58:00+0530,,,,,,,,,,,,,1771478958415.jpg,,,,Retaining wall intact throughout the stretch,0,There is no fence ,"Both, SSM and RCC",1771478938464.jpg,,Not applicable ,Not applicable,,,,,Not applicable,,,,,,,,,,,Not applicable,Not applicable,,,,,Yes,1771478998886.jpg,,No,,,Yes,1771479016487.jpg,https://kf.kobotoolbox.org/api/v2/assets/aLP6mR6GUPYRbYEjUKj73j/data/677747670/attachments/att6Ee2X6ogrx4mgLs7wzYD6/,,OK,677747670,777b7cfe-e34f-4807-9b74-1ecc2f820bdb,23-02-2026 05:06,,,submitted_via_web,,v3tpAA3xLp479pfhqUuXwb,,uuid:777b7cfe-e34f-4807-9b74-1ecc2f820bdb,MCC,Central,Koramangala Challaghatta Valley,C100,,68,yes
146,19-02-2026,19-02-2026,,,"Yes, I feel safe to conduct the audit",A12,Right hand side (RHS),,,12.988164 77.5986853 840.8999633789062 3.78,12.988164,77.5986853,840.8999634,3.78,2026/02/19 10:53:00+0530,,,,,,,,,,,,,1771478658502.jpg,,,,Retaining wall intact throughout the stretch,2,"Yes, covered only on sides",Reinforced Cement Concrete (RCC),1771478643117.jpg,,Not applicable ,Not applicable,,,,,Not applicable,,,,,,,,,,,Not applicable,Not applicable,,,,,Yes,1771478699996.jpg,,No,,,Yes,1771478736364.jpg,https://kf.kobotoolbox.org/api/v2/assets/aLP6mR6GUPYRbYEjUKj73j/data/677747515/attachments/attbd9LHKQwV24aNbgbcXmTs/,,OK,677747515,2bfc6cd9-ac48-4766-9ee2-8ce92466c7de,23-02-2026 05:06,,,submitted_via_web,,v3tpAA3xLp479pfhqUuXwb,,uuid:2bfc6cd9-ac48-4766-9ee2-8ce92466c7de,MCC,Central,Koramangala Challaghatta Valley,C100,,69,yes
145,19-02-2026,19-02-2026,,,"Yes, I feel safe to conduct the audit",A12,Right hand side (RHS),,,12.9880508 77.5992164 840.8999633789062 2.85,12.9880508,77.5992164,840.8999634,2.85,2026/02/19 10:45:00+0530,,,,,,,,,,,,,1771478188274.jpg,,,,Retaining wall does not exist,2,"Yes, covered only on sides",Solid Stone Masonry (SSM),1771478178921.jpg,,"Pedestrian, I see only people walking on the bridge",Intact;  path and fence not broken ,,,,,Safe to walk (clear path),,,,,,,,,1771478246390.jpg,https://kf.kobotoolbox.org/api/v2/assets/aLP6mR6GUPYRbYEjUKj73j/data/677747178/attachments/attYi8YdCzkDGKHqvFaFFgn5/,Yes,1,177147831.jpg,,,,Yes,1771478269395.jpg,,No,,,No,,https://kf.kobotoolbox.org/api/v2/assets/aLP6mR6GUPYRbYEjUKj73j/data/677747178/attachments/attxXwdenNYy7tHT4GipbrYN/,,OK,677747178,15066cca-6adc-4ffb-81ff-dad542ae6e0d,23-02-2026 05:05,,,submitted_via_web,,v3tpAA3xLp479pfhqUuXwb,,uuid:15066cca-6adc-4ffb-81ff-dad542ae6e0d,MCC,Central,Koramangala Challaghatta Valley,C100,,70,yes
144,19-02-2026,19-02-2026,,,"Yes, I feel safe to conduct the audit",A12,Right hand side (RHS),,,12.9877657 77.5998935 839.7000122070312 2.25,12.9877657,77.5998935,839.7000122,2.25,2026/02/19 10:37:00+0530,,,,,,,,,,,,,1771477715248.jpg,,,,Broken in some places,6,"Yes, covered only on sides",Reinforced Cement Concrete (RCC),1771477697917.jpg,,"Pedestrian, I see only people walking on the bridge",Intact;  path and fence not broken ,,,,,Safe to walk (clear path),,,,,,,,,1771477792057.jpg,https://kf.kobotoolbox.org/api/v2/assets/aLP6mR6GUPYRbYEjUKj73j/data/677746983/attachments/attVuUtERsp79RCVkFrLhUg3/,No,0,,,,,Yes,1771477837092.jpg,,Yes,1771477847833.jpg,https://kf.kobotoolbox.org/api/v2/assets/aLP6mR6GUPYRbYEjUKj73j/data/677746983/attachments/attNWQxJqtj4SE8mRoQBSfxG/,Yes,1771477874352.jpg,https://kf.kobotoolbox.org/api/v2/assets/aLP6mR6GUPYRbYEjUKj73j/data/677746983/attachments/attaDFUoEK6v5wQhHUcsZTfd/,,OK,677746983,d4efb0fe-1a5a-4e5d-ac0f-bdaa9ca91555,23-02-2026 05:05,,,submitted_via_web,,v3tpAA3xLp479pfhqUuXwb,,uuid:d4efb0fe-1a5a-4e5d-ac0f-bdaa9ca91555,MCC,Central,Koramangala Challaghatta Valley,C100,,71,yes
143,19-02-2026,19-02-2026,,,"Yes, I feel safe to conduct the audit",A12,Right hand side (RHS),,,12.9876783 77.6011133 836.3999633789062 4.9,12.9876783,77.6011133,836.3999634,4.9,2026/02/19 10:19:00+0530,,,,,,,,,,,,,1771476670896.jpg,,,,Broken in some places,6,"Yes, covered only on sides",Reinforced Cement Concrete (RCC),1771476653242.jpg,,"Vehicular, I can see vehicles on the bridge",Intact;  path and fence not broken ,,,,,Safe to walk (clear path),,,,,,,,,1771476758916.jpg,https://kf.kobotoolbox.org/api/v2/assets/aLP6mR6GUPYRbYEjUKj73j/data/677746844/attachments/atti3HMFbWn3evuKjYTUvGmA/,No,0,1771476867812.jpg,,,,No,,,Yes,1771476945357.jpg,https://kf.kobotoolbox.org/api/v2/assets/aLP6mR6GUPYRbYEjUKj73j/data/677746844/attachments/attka339gPXUzcyKNSkidEjd/,Cannot see,,,,OK,677746844,3269fd05-28b2-4b94-8cd3-58a7b177ed4e,23-02-2026 05:05,,,submitted_via_web,,v3tpAA3xLp479pfhqUuXwb,,uuid:3269fd05-28b2-4b94-8cd3-58a7b177ed4e,MCC,Central,Koramangala Challaghatta Valley,C100,,72,yes
168,26-02-2026,26-02-2026,,,"Yes, I feel safe to conduct the audit",A13,Right hand side (RHS),,,12.9865812 77.6019363 834.0 3.3,12.9865812,77.6019363,834,3.3,2026/02/26 10:50:00+0530,,,,,,,,,,,,,1772083332212.jpg,,,,Broken in some places,5,There is no fence ,Reinforced Cement Concrete (RCC),1772083315565.jpg,,"Vehicular, I can see vehicles on the bridge",Intact;  path and fence not broken ,,,,,Safe to walk (clear path),,,,,,,,,1772083462548.jpg,https://kf.kobotoolbox.org/api/v2/assets/aLP6mR6GUPYRbYEjUKj73j/data/680594190/attachments/attBbAXGrA3qEyom7LY8XLuE/,No,0,,,,,No,1772083510746.jpg,,Yes,1772083532563.jpg,https://kf.kobotoolbox.org/api/v2/assets/aLP6mR6GUPYRbYEjUKj73j/data/680594190/attachments/attQia34NNBwT3cue8rxRxY7/,No,,,,OK,680594190,4a80bd03-e48a-41a3-a471-b63a5fb77fa4,26-02-2026 05:33,,,submitted_via_web,,v3tpAA3xLp479pfhqUuXwb,,uuid:4a80bd03-e48a-41a3-a471-b63a5fb77fa4,MCC,Central,Koramangala Challaghatta Valley,C100,,73,yes
167,26-02-2026,26-02-2026,,,"Yes, I feel safe to conduct the audit",A13,Right hand side (RHS),,,12.9863911 77.6028043 833.2000122070312 4.6,12.9863911,77.6028043,833.2000122,4.6,2026/02/26 10:43:00+0530,,,,,,,,,,,,,1772082938594.jpg,,,,Retaining wall intact throughout the stretch,6,"Yes, covered on sides and top",Reinforced Cement Concrete (RCC),1772082901004.jpg,,"Pedestrian, I see only people walking on the bridge",Intact;  path and fence not broken ,,,,,Safe to walk (clear path),,,,,,,,,1772083013468.jpg,https://kf.kobotoolbox.org/api/v2/assets/aLP6mR6GUPYRbYEjUKj73j/data/680594127/attachments/att45FZhYN7gJfDVNuYDU9a9/,No,0,,,,,Yes,1772083091780.jpg,,Yes,1772083102228.jpg,https://kf.kobotoolbox.org/api/v2/assets/aLP6mR6GUPYRbYEjUKj73j/data/680594127/attachments/attFpdWhWMcvcRLktujjDBfM/,No,,,,OK,680594127,30280363-4d07-45d4-a224-cc909f723079,26-02-2026 05:33,,,submitted_via_web,,v3tpAA3xLp479pfhqUuXwb,,uuid:30280363-4d07-45d4-a224-cc909f723079,MCC,Central,Koramangala Challaghatta Valley,C100,,74,yes
166,26-02-2026,26-02-2026,,,"Yes, I feel safe to conduct the audit",A13,Right hand side (RHS),,,12.9867317 77.6032833 832.7999877929688 3.425,12.9867317,77.6032833,832.7999878,3.425,2026/02/26 10:27:00+0530,,,,,,,,,,,,,1772082198031.jpg,,,,Retaining wall intact throughout the stretch,6,There is no fence ,Reinforced Cement Concrete (RCC),1772082149316.jpg,,"Pedestrian, I see only people walking on the bridge",Intact;  path and fence not broken ,,,,,Safe to walk (clear path),,,,,,,,,1772082359946.jpg,https://kf.kobotoolbox.org/api/v2/assets/aLP6mR6GUPYRbYEjUKj73j/data/680594032/attachments/attFwC7kkTX7QpfDK44W9cGy/,No,0,,,,,Yes,1772082574727.jpg,,Yes,1772082610470.jpg,https://kf.kobotoolbox.org/api/v2/assets/aLP6mR6GUPYRbYEjUKj73j/data/680594032/attachments/attRQhrW4ssNBfbe6Rp9GHb9/,No,,,,OK,680594032,15188bc6-20d6-4e47-9f2d-478fc8a31a4e,26-02-2026 05:33,,,submitted_via_web,,v3tpAA3xLp479pfhqUuXwb,,uuid:15188bc6-20d6-4e47-9f2d-478fc8a31a4e,MCC,Central,Koramangala Challaghatta Valley,C100,,75,yes
163,21-02-2026,21-02-2026,,,"Yes, I feel safe to conduct the audit",A14,Right hand side (RHS),,,12.9868246 77.6043082 833.5 5.695,12.9868246,77.6043082,833.5,5.695,2026/02/21 11:00:00+0530,,,,,,,,,,,,,1771652842662.jpg,,,,Retaining wall intact throughout the stretch,4,"Yes, covered on sides and top",Reinforced Cement Concrete (RCC),1771652828508.jpg,,"Vehicular, I can see vehicles on the bridge",Intact;  path and fence not broken ,,,,,Obstructed path (parking),,,,,,,,,1771652213685.jpg,https://kf.kobotoolbox.org/api/v2/assets/aLP6mR6GUPYRbYEjUKj73j/data/678044594/attachments/attb8V7pyQipJSijW478mc5V/,No,0,1771652341595.jpg,,,,Yes,1771652896323.jpg,,Yes,1771652905111.jpg,https://kf.kobotoolbox.org/api/v2/assets/aLP6mR6GUPYRbYEjUKj73j/data/678044594/attachments/attHcCrh3h2aQZxJJiggSWTt/,No,,,,OK,678044594,aeeadf3c-9973-4ff3-bcd6-b5bbc7c3f88c,23-02-2026 11:00,,,submitted_via_web,,vJPQqaxfJYoZcmbGG5DBqs,,uuid:aeeadf3c-9973-4ff3-bcd6-b5bbc7c3f88c,MCC,Central,Koramangala Challaghatta Valley,C100,,76,
164,21-02-2026,21-02-2026,,,"Yes, I feel safe to conduct the audit",A14,Left hand side (LHS),,,12.9864908 77.6051681 833.5 4.612,12.9864908,77.6051681,833.5,4.612,2026/02/21 11:26:00+0530,,,,,,,,,,,,,1771653458576.jpg,,,,Retaining wall intact throughout the stretch,4,"Yes, covered on sides and top",Reinforced Cement Concrete (RCC),1771653447923.jpg,,"Vehicular, I can see vehicles on the bridge",Intact;  path and fence not broken ,,,,,Obstructed path (parking),,,,,,,,,1771653567716.jpg,https://kf.kobotoolbox.org/api/v2/assets/aLP6mR6GUPYRbYEjUKj73j/data/678044912/attachments/attgLg9ykpi2EuDkdE8v723j/,No,0,1771653587448.jpg,,,,Yes,,,Yes,,,No,,,,OK,678044912,24e28291-60e5-4e3a-b5af-1983b72d35b0,23-02-2026 11:01,,,submitted_via_web,,vJPQqaxfJYoZcmbGG5DBqs,,uuid:24e28291-60e5-4e3a-b5af-1983b72d35b0,MCC,Central,Koramangala Challaghatta Valley,C100,,77,yes
165,21-02-2026,21-02-2026,,,"Yes, I feel safe to conduct the audit",A14,Right hand side (RHS),,,12.9868045 77.6060648 831.8999633789062 6.215,12.9868045,77.6060648,831.8999634,6.215,2026/02/21 11:35:00+0530,,,,,,,,,,,,,,,,,Retaining wall intact throughout the stretch,3,There is no fence ,Solid Stone Masonry (SSM),1771654018710.jpg,,"Vehicular, I can see vehicles on the bridge",Intact;  path and fence not broken ,,,,,Obstructed path (parking),,,,,,,,,1771654081964.jpg,https://kf.kobotoolbox.org/api/v2/assets/aLP6mR6GUPYRbYEjUKj73j/data/678045265/attachments/attxwP5npUVGmGiLb6kHPgWV/,No,0,,,,,No,,,Yes,1771654112285.jpg,https://kf.kobotoolbox.org/api/v2/assets/aLP6mR6GUPYRbYEjUKj73j/data/678045265/attachments/atttEJxJbVKP2gkJWPvmLrUA/,Yes,1771654160331.jpg,https://kf.kobotoolbox.org/api/v2/assets/aLP6mR6GUPYRbYEjUKj73j/data/678045265/attachments/attxmFGKo53KWrqYF5PzkSua/,,OK,678045265,3a3ede53-1865-4a86-8f6d-fd2cdbe8aa86,23-02-2026 11:01,,,submitted_via_web,,vJPQqaxfJYoZcmbGG5DBqs,,uuid:3a3ede53-1865-4a86-8f6d-fd2cdbe8aa86,MCC,Central,Koramangala Challaghatta Valley,C100,,78,yes
142,22-02-2026,22-02-2026,,,"Yes, I feel safe to conduct the audit",A17,Left hand side (LHS),,,12.9835217 77.6126278 828.5 4.41,12.9835217,77.6126278,828.5,4.41,2026/02/22 10:35:00+0530,,,,,,,,,,,,,1771736827201.jpg,,,,Retaining wall intact throughout the stretch,5.4,There is no fence ,Reinforced Cement Concrete (RCC),1771736813089.jpg,,Not applicable ,Not applicable,,,,,Not applicable,,,,,,,,,,,Not applicable,Not applicable,,,,,Yes,1771736877685.jpg,,Yes,1771736905518.jpg,https://kf.kobotoolbox.org/api/v2/assets/aLP6mR6GUPYRbYEjUKj73j/data/677406438/attachments/attdFqgd5kfKuymzwbDyeCoV/,Yes,1771736919651.jpg,https://kf.kobotoolbox.org/api/v2/assets/aLP6mR6GUPYRbYEjUKj73j/data/677406438/attachments/attzzMBMdMs3XG9eAEvVPMBy/,,OK,677406438,d6075e33-32d2-457d-bd46-9a4be69a4f8a,22-02-2026 10:52,,,submitted_via_web,,vJPQqaxfJYoZcmbGG5DBqs,,uuid:d6075e33-32d2-457d-bd46-9a4be69a4f8a,MCC,Central,Koramangala Challaghatta Valley,C100,,79,yes
141,22-02-2026,22-02-2026,,,"No, I do not feel safe. I will stop the audit at this point.",A17,Left hand side (LHS),,,12.9831771 77.6127634 827.8999633789062 4.676,12.9831771,77.6127634,827.8999634,4.676,2026/02/22 10:28:00+0530,,,,,,,,,,,,,1771736396991.jpg,,,,Retaining wall intact throughout the stretch,4.8,There is no fence ,Reinforced Cement Concrete (RCC),1771736368133.jpg,,"Vehicular, I can see vehicles on the bridge",Intact;  path and fence not broken ,,,,,Safe to walk (clear path),,,,,,,,,1771736505213.jpg,https://kf.kobotoolbox.org/api/v2/assets/aLP6mR6GUPYRbYEjUKj73j/data/677406273/attachments/attkxCY3PHWnHGUTxFdtqDFX/,Yes,1,1771736526695.jpg,,,,Yes,1771736552090.jpg,,No,,,Yes,1771736656385.jpg,https://kf.kobotoolbox.org/api/v2/assets/aLP6mR6GUPYRbYEjUKj73j/data/677406273/attachments/att4D6YZXYWUTsFfaGMtbBak/,,OK,677406273,aeee84b0-f018-4ec9-aa4a-dccd06826fd0,22-02-2026 10:51,,,submitted_via_web,,vJPQqaxfJYoZcmbGG5DBqs,,uuid:aeee84b0-f018-4ec9-aa4a-dccd06826fd0,MCC,Central,Koramangala Challaghatta Valley,C100,,80,yes
139,22-02-2026,22-02-2026,,,"No, I do not feel safe. I will stop the audit at this point.",A17,Right hand side (RHS),,,12.9828041 77.6129049 828.2999877929688 4.792,12.9828041,77.6129049,828.2999878,4.792,2026/02/22 09:39:00+0530,,,,,,,,,,,,,1771734068426.jpg,,,,Retaining wall does not exist,0,"Yes, covered only on sides",Reinforced Cement Concrete (RCC),1771733982725.jpg,,"Vehicular, I can see vehicles on the bridge",Broken wall/fence,,,,,Safe to walk (clear path),,,,,,,,,1771734157167.jpg,https://kf.kobotoolbox.org/api/v2/assets/aLP6mR6GUPYRbYEjUKj73j/data/677405692/attachments/att6dLh5STerbkJN5m2jAbqg/,Yes,1,1771734244096.jpg,,,,Yes,1771734282770.jpg,,No,1771734315472.jpg,https://kf.kobotoolbox.org/api/v2/assets/aLP6mR6GUPYRbYEjUKj73j/data/677405692/attachments/attYHbVeEfPN2didW4cVgvNx/,No,1771734342842.jpg,https://kf.kobotoolbox.org/api/v2/assets/aLP6mR6GUPYRbYEjUKj73j/data/677405692/attachments/attS7v7wTzuy93z4edAefHaB/,,OK,677405692,ea7564f4-d48e-4b29-bd53-bdfe6da009e0,22-02-2026 10:50,,,submitted_via_web,,vJPQqaxfJYoZcmbGG5DBqs,,uuid:ea7564f4-d48e-4b29-bd53-bdfe6da009e0,MCC,Central,Koramangala Challaghatta Valley,C100,,81,yes
140,22-02-2026,22-02-2026,,,"Yes, I feel safe to conduct the audit",A17,Left hand side (LHS),,,12.9827093 77.6135043 827.2000122070312 4.133,12.9827093,77.6135043,827.2000122,4.133,2026/02/22 10:13:00+0530,,,,,,,,,,,,,1771735677413.jpg,,,,Broken in some places,5.8,There is no fence ,Reinforced Cement Concrete (RCC),1771735637798.jpg,,Not applicable ,Not applicable,,,,,Not applicable,,,,,,,,,,,Not applicable,Not applicable,,,,,No,1771735818490.jpg,,No,,,Cannot see,,,,OK,677406083,b08f3615-89eb-42d7-b14a-aff1def87321,22-02-2026 10:51,,,submitted_via_web,,vJPQqaxfJYoZcmbGG5DBqs,,uuid:b08f3615-89eb-42d7-b14a-aff1def87321,MCC,Central,Koramangala Challaghatta Valley,C100,,82,yes
77,22-02-2026,22-02-2026,,,"Yes, I feel safe to conduct the audit",A17,Left hand side (LHS),,,12.9824881 77.6140418 827.3999633789062 1.9,12.9824881,77.6140418,827.3999634,1.9,2026/02/22 09:49:00+0530,,,,,,,,,,,,,1771734330276.jpg,,,,Retaining wall intact throughout the stretch,5.1,There is no fence ,Reinforced Cement Concrete (RCC),1771734307006.jpg,,Not applicable ,Not applicable,,,,,Not applicable,,,,,,,,,,,Not applicable,Not applicable,,,,,Yes,1771734454296.jpg,,No,,,Yes,1771734507472.jpg,https://kf.kobotoolbox.org/api/v2/assets/aLP6mR6GUPYRbYEjUKj73j/data/677256898/attachments/attd4GRa24RExg4FEnNuryz8/,,OK,677256898,43590ff4-d57f-4954-b585-e585a929d531,22-02-2026 04:29,,,submitted_via_web,,vJPQqaxfJYoZcmbGG5DBqs,,uuid:43590ff4-d57f-4954-b585-e585a929d531,MCC,Central,Koramangala Challaghatta Valley,C100,,83,yes
138,22-02-2026,22-02-2026,,,"Yes, I feel safe to conduct the audit",A17,Left hand side (LHS),,,12.9817087 77.6155878 825.5 4.225,12.9817087,77.6155878,825.5,4.225,2026/02/22 09:14:00+0530,,,,,,,,,,,,,1771732235491.jpg,,,,Broken in some places,5,There is no fence ,"Both, SSM and RCC",1771732173546.jpg,,"Vehicular, I can see vehicles on the bridge",Broken wall/fence,,,,,Safe to walk (clear path),,,,,,,,,1771732391589.jpg,https://kf.kobotoolbox.org/api/v2/assets/aLP6mR6GUPYRbYEjUKj73j/data/677405538/attachments/attRPYaurcM9sBjExVuoXZX5/,Yes,5,,,,,Yes,1771732849261.jpg,,No,1771732896894.jpg,https://kf.kobotoolbox.org/api/v2/assets/aLP6mR6GUPYRbYEjUKj73j/data/677405538/attachments/atteB8hrTXeG7MVHoNfibaR6/,Cannot see,1771732929718.jpg,https://kf.kobotoolbox.org/api/v2/assets/aLP6mR6GUPYRbYEjUKj73j/data/677405538/attachments/att9aTdNc62jBaoEDPWdgSRw/,,OK,677405538,ac36fe67-5f85-43b4-b55f-dd1d96d9b7bc,22-02-2026 10:49,,,submitted_via_web,,vJPQqaxfJYoZcmbGG5DBqs,,uuid:ac36fe67-5f85-43b4-b55f-dd1d96d9b7bc,MCC,Central,Koramangala Challaghatta Valley,C100,,84,yes
74,22-02-2026,22-02-2026,,,"Yes, I feel safe to conduct the audit",A17,Right hand side (RHS),,,12.9814868 77.6157611 826.3999633789062 2.32,12.9814868,77.6157611,826.3999634,2.32,2026/02/22 08:17:00+0530,,,,,,,,,,,,,1771730346479.jpg,,,,Broken in some places,0.98,"Yes, covered only on sides","Both, SSM and RCC",1771730150902.jpg,,"Vehicular, I can see vehicles on the bridge",Broken wall/fence,,,,,Safe to walk (clear path),,,,,,,,,1771730780937.jpg,https://kf.kobotoolbox.org/api/v2/assets/aLP6mR6GUPYRbYEjUKj73j/data/677250094/attachments/atthxb35A7RxPULgdhM7GuNc/,Yes,5,1771731196897.jpg,,,,Yes,1771731377345.jpg,,No,,,Yes,1771731805541.jpg,https://kf.kobotoolbox.org/api/v2/assets/aLP6mR6GUPYRbYEjUKj73j/data/677250094/attachments/attwGv5vvmbrh9rh7ZYMnCjG/,,OK,677250094,05c6669a-fd84-4129-821a-4a18397723be,22-02-2026 03:45,,,submitted_via_web,,vJPQqaxfJYoZcmbGG5DBqs,,uuid:05c6669a-fd84-4129-821a-4a18397723be,MCC,Central,Koramangala Challaghatta Valley,C100,,85,yes
5,10-01-2026,10-01-2026,,,"Yes, I feel safe to conduct the audit",A1,Right hand side (RHS),,,12.9766103 77.6210173 823.5 4.085,12.9766103,77.6210173,823.5,4.085,2026/01/10 10:43:00+0530,,,,,,,,,,,,,1768022261626.jpg,,,,Retaining wall intact throughout the stretch,2,There is no fence ,Reinforced Cement Concrete (RCC),1768022236495.jpg,,"Vehicular, I can see vehicles on the bridge",Intact;  path and fence not broken ,,,,,Safe to walk (clear path),,,,,,,,,1768022310651.jpg,https://kf.kobotoolbox.org/api/v2/assets/aLP6mR6GUPYRbYEjUKj73j/data/645802355/attachments/attPdHTxMGoyTMdNC32dBa62/,Yes,2,1768022337037.jpg,,,,No,,,Yes,1768022393105.jpg,https://kf.kobotoolbox.org/api/v2/assets/aLP6mR6GUPYRbYEjUKj73j/data/645802355/attachments/attRmDXZ6qx5p238ZgtWfZyR/,No,,,,OK,645802355,94b8f243-54c1-4ccc-a329-f40e08f08295,10-01-2026 05:21,,,submitted_via_web,,vJPQqaxfJYoZcmbGG5DBqs,,uuid:94b8f243-54c1-4ccc-a329-f40e08f08295,Mod Foundation,Central,Koramangala Challaghatta Valley,C100,,86,yes
18,10-01-2026,10-01-2026,,,"Yes, I feel safe to conduct the audit",A1,Left hand side (LHS),,,12.9776844 77.6212643 823.8999633789062 4.715,12.9776844,77.6212643,823.8999634,4.715,2026/01/10 11:07:00+0530,,,,,,,,,,,,,1768023606481.jpg,,,,Retaining wall intact throughout the stretch,3,"Yes, covered only on sides",Reinforced Cement Concrete (RCC),1768023563987.jpg,,Not applicable ,Not applicable,,,,,Not applicable,,,,,,,,,,https://kf.kobotoolbox.org/api/v2/assets/aLP6mR6GUPYRbYEjUKj73j/data/645870370/attachments/att3X7kmGydABgJB4ioignNH/,Not applicable,Not applicable,,,,,Yes,1768023749441.jpg,,No,,,No,,,,OK,645870370,0a86d26d-a25a-4c7b-8e21-51ac1550f382,10-01-2026 06:49,,,submitted_via_web,,vJPQqaxfJYoZcmbGG5DBqs,,uuid:0a86d26d-a25a-4c7b-8e21-51ac1550f382,Mod Foundation,Central,Koramangala Challaghatta Valley,C100,,87,yes
20,10-01-2026,10-01-2026,,,"Yes, I feel safe to conduct the audit",A1,Left hand side (LHS),,,12.978397 77.6228839 822.2000122070312 4.199,12.978397,77.6228839,822.2000122,4.199,2026/01/10 11:22:00+0530,,,,,,,,,,,,,1768024604579.jpg,,,,Broken in some places,5,"Yes, covered only on sides",Reinforced Cement Concrete (RCC),1768024492481.jpg,,"Pedestrian, I see only people walking on the bridge",Intact;  path and fence not broken ,,,,,Safe to walk (clear path),,,,,,,,,1768024673754.jpg,https://kf.kobotoolbox.org/api/v2/assets/aLP6mR6GUPYRbYEjUKj73j/data/646336322/attachments/atthqiNij5L3otWXHYfJZeMD/,No,0,,,,,Yes,1768024805438.jpg,,Yes,1768024863732.jpg,https://kf.kobotoolbox.org/api/v2/assets/aLP6mR6GUPYRbYEjUKj73j/data/646336322/attachments/attkcMJKo2ZhrWdGykgHCe8C/,No,,https://kf.kobotoolbox.org/api/v2/assets/aLP6mR6GUPYRbYEjUKj73j/data/646336322/attachments/attwkcdzRroFAotFXe4G5MiT/,,OK,646336322,39e191da-8322-4ef2-9637-7f0c52e9ee82,11-01-2026 02:42,,,submitted_via_web,,vJPQqaxfJYoZcmbGG5DBqs,,uuid:39e191da-8322-4ef2-9637-7f0c52e9ee82,Mod Foundation,Central,Koramangala Challaghatta Valley,C100,,88,yes
9,10-01-2026,10-01-2026,,,"Yes, I feel safe to conduct the audit",A1,Left hand side (LHS),,,12.978452 77.6235022 822.7000122070312 5.0,12.978452,77.6235022,822.7000122,5,2026/01/10 11:35:00+0530,,,,,,,,,,,,,,,,,Retaining wall intact throughout the stretch,4,"Yes, covered only on sides",Reinforced Cement Concrete (RCC),1768025256009.jpg,,"Vehicular, I can see vehicles on the bridge",Intact;  path and fence not broken ,,,,,Safe to walk (clear path),,,,,,,,,1768025345707.jpg,https://kf.kobotoolbox.org/api/v2/assets/aLP6mR6GUPYRbYEjUKj73j/data/645839468/attachments/attbmhWvKK5eJ7UQgUCKHstC/,Yes,3,1768025410024.jpg,,,,Yes,1768025441092.jpg,,No,,,No,,,,OK,645839468,a22ae40b-7595-479b-9490-ad0cecb7cfdd,10-01-2026 06:11,,,submitted_via_web,,vJPQqaxfJYoZcmbGG5DBqs,,uuid:a22ae40b-7595-479b-9490-ad0cecb7cfdd,Mod Foundation,Central,Koramangala Challaghatta Valley,C100,,89,yes
22,10-01-2026,10-01-2026,,,"Yes, I feel safe to conduct the audit",A1,Left hand side (LHS),,,12.9786549 77.6246981 821.5999755859375 4.877,12.9786549,77.6246981,821.5999756,4.877,2026/01/10 11:44:00+0530,,,,,,,,,,,,,1768025860588.jpg,,,,Retaining wall intact throughout the stretch,4,"Yes, covered only on sides",Reinforced Cement Concrete (RCC),1768025827437.jpg,,"Pedestrian, I see only people walking on the bridge",Intact;  path and fence not broken ,,,,,Safe to walk (clear path),,,,,,,,,1768025959498.jpg,https://kf.kobotoolbox.org/api/v2/assets/aLP6mR6GUPYRbYEjUKj73j/data/646336368/attachments/att2kyb3JR55oaXFkSHfJ92c/,No,0,1768026136601.jpg,,,,Yes,1768026175069.jpg,,Yes,1768026228145.jpg,https://kf.kobotoolbox.org/api/v2/assets/aLP6mR6GUPYRbYEjUKj73j/data/646336368/attachments/attwWguh4CWZH9SeRVaaXWLN/,No,,https://kf.kobotoolbox.org/api/v2/assets/aLP6mR6GUPYRbYEjUKj73j/data/646336368/attachments/attSz4YC9UXCt77eV5jLz4Uc/,,OK,646336368,2a427e4e-22f5-49b1-9061-2f78b1a39fb0,11-01-2026 02:42,,,submitted_via_web,,vJPQqaxfJYoZcmbGG5DBqs,,uuid:2a427e4e-22f5-49b1-9061-2f78b1a39fb0,Mod Foundation,Central,Koramangala Challaghatta Valley,C100,,90,yes
15,10-01-2026,10-01-2026,,,"Yes, I feel safe to conduct the audit",A1,Left hand side (LHS),,,12.9786694 77.6252568 820.7999877929688 4.04,12.9786694,77.6252568,820.7999878,4.04,2026/01/10 11:51:00+0530,,,,,,,,,,,,,1768026119715.jpg,,,,Retaining wall intact throughout the stretch,4,"Yes, covered only on sides",Reinforced Cement Concrete (RCC),1768026109530.jpg,,"Pedestrian, I see only people walking on the bridge",Intact;  path and fence not broken ,,,,,Safe to walk (clear path),,,,,,,,,1768026160790.jpg,https://kf.kobotoolbox.org/api/v2/assets/aLP6mR6GUPYRbYEjUKj73j/data/645857269/attachments/att3e59QYkyodeqSPyENgNwi/,No,0,,,,,No,,,No,,,No,,,,OK,645857269,20eadc53-37b9-46cb-b9a1-548f44a9840e,10-01-2026 06:33,,,submitted_via_web,,vJPQqaxfJYoZcmbGG5DBqs,,uuid:20eadc53-37b9-46cb-b9a1-548f44a9840e,Mod Foundation,Central,Koramangala Challaghatta Valley,C100,,91,yes
10,10-01-2026,10-01-2026,,,"Yes, I feel safe to conduct the audit",A1,Left hand side (LHS),,,12.978704 77.6259047 819.7999877929688 3.42,12.978704,77.6259047,819.7999878,3.42,2026/01/10 11:55:00+0530,,,,,,,,,,,,,1768026385377.jpg,,,,Broken in some places,4,"Yes, covered only on sides",Reinforced Cement Concrete (RCC),1768026365269.jpg,,"Pedestrian, I see only people walking on the bridge",Intact;  path and fence not broken ,,,,,Safe to walk (clear path),,,,,,,,,1768026410894.jpg,https://kf.kobotoolbox.org/api/v2/assets/aLP6mR6GUPYRbYEjUKj73j/data/645853665/attachments/attVdg2LPxiNBWdQWKGtsNCs/,No,0,,,,,Yes,1768026506516.jpg,,Yes,1768026532183.jpg,https://kf.kobotoolbox.org/api/v2/assets/aLP6mR6GUPYRbYEjUKj73j/data/645853665/attachments/attBBvm8wmFap7CTX9ta64x3/,No,,,,OK,645853665,007e415b-2855-46f2-80ac-670012c64ec1,10-01-2026 06:29,,,submitted_via_web,,vJPQqaxfJYoZcmbGG5DBqs,,uuid:007e415b-2855-46f2-80ac-670012c64ec1,Mod Foundation,Central,Koramangala Challaghatta Valley,C100,,92,yes
16,10-01-2026,10-01-2026,,,"Yes, I feel safe to conduct the audit",A1,Right hand side (RHS),,,12.9785884 77.6273426 819.2999877929688 5.0,12.9785884,77.6273426,819.2999878,5,2026/01/10 12:01:00+0530,,,,,,,,,,,,,1768026790331.jpg,,,,Retaining wall does not exist,0,There is no fence ,Not applicable,1768026765616.jpg,,"Vehicular, I can see vehicles on the bridge",Broken wall/fence,,,,,Obstructed path (parking),,,,,,,,,1768026834023.jpg,https://kf.kobotoolbox.org/api/v2/assets/aLP6mR6GUPYRbYEjUKj73j/data/645858357/attachments/attZUNMdVr6RufJTDp2DFqZe/,Yes,1,1768026860483.jpg,,,,Yes,1768026878733.jpg,,No,,,Cannot see,,,,OK,645858357,4ad8563b-519a-46e4-bf6c-8c93d443f539,10-01-2026 06:35,,,submitted_via_web,,vJPQqaxfJYoZcmbGG5DBqs,,uuid:4ad8563b-519a-46e4-bf6c-8c93d443f539,Mod Foundation,Central,Koramangala Challaghatta Valley,C100,,93,yes
221,28-03-2026,28-03-2026,,,"Yes, I feel safe to conduct the audit",A38,Left hand side (LHS),,,13.0394303 77.5626562 824.7000122070312 3.79,13.0394303,77.5626562,824.7000122,3.79,2026/03/28 10:24:00+0530,,,,,,,,,,,,,1774673708690.jpg,,,,Retaining wall intact throughout the stretch,3,"Yes, covered on sides and top",Reinforced Cement Concrete (RCC),1774673699923.jpg,,Not applicable ,Not applicable,,,,,Not applicable,,,,,,,,,,,Not applicable,Not applicable,,,,,No,,,No,,,Yes,1774673742246.jpg,https://kf.kobotoolbox.org/api/v2/assets/aLP6mR6GUPYRbYEjUKj73j/data/709292475/attachments/att83wSKKv9EroCvHVfP88PN/,,OK,709292475,807d0021-88ba-4e27-bde5-e8997a482f44,28-03-2026 06:31,,,submitted_via_web,,vkbFwZJLxY6frYjhVP9c6i,,uuid:807d0021-88ba-4e27-bde5-e8997a482f44,Chetana,West,Hebbal Nagawara Valley,H200,,94,yes
220,28-03-2026,28-03-2026,,,"Yes, I feel safe to conduct the audit",A38,Left hand side (LHS),,,13.0400652 77.5636251 829.3999633789062 3.79,13.0400652,77.5636251,829.3999634,3.79,2026/03/28 10:07:00+0530,,,,,,,,,,,,,1774672748755.jpg,,,,Retaining wall intact throughout the stretch,2,"Yes, covered on sides and top",Reinforced Cement Concrete (RCC),1774672741508.jpg,,"Vehicular, I can see vehicles on the bridge",Intact;  path and fence not broken ,,,,,Safe to walk (clear path),,,,,,,,,1774672770557.jpg,https://kf.kobotoolbox.org/api/v2/assets/aLP6mR6GUPYRbYEjUKj73j/data/709292340/attachments/attjx8EJt6RxAfPcTJf68MBa/,No,0,,,,,Yes,1774672792205.jpg,,Yes,1774672800653.jpg,https://kf.kobotoolbox.org/api/v2/assets/aLP6mR6GUPYRbYEjUKj73j/data/709292340/attachments/attKYDFdCeVJAL6yu7dHqCYA/,Cannot see,,,,OK,709292340,9a1bdca1-c4f8-40ec-a9f2-0b11a1e32fe6,28-03-2026 06:31,,,submitted_via_web,,vkbFwZJLxY6frYjhVP9c6i,,uuid:9a1bdca1-c4f8-40ec-a9f2-0b11a1e32fe6,Chetana,North,Hebbal Nagawara Valley,H200,,95,yes
205,28-03-2026,28-03-2026,,,"Yes, I feel safe to conduct the audit",A38,Right hand side (RHS),,,13.0399507 77.5637442 825.8999633789062 4.52,13.0399507,77.5637442,825.8999634,4.52,2026/03/28 10:22:00+0530,,,,,,,,,,,,,1774673618060.jpg,,,,Broken in some places,3,"Yes, covered only on sides",Reinforced Cement Concrete (RCC),1774673565366.jpg,,"Vehicular, I can see vehicles on the bridge",Broken wall/fence,,,,,Obstructed path (solid waste),,,,,,,,,1774673669376.jpg,https://kf.kobotoolbox.org/api/v2/assets/aLP6mR6GUPYRbYEjUKj73j/data/709256041/attachments/attsAjJyUaYSNqztndbJWGQu/,No,0,,,,,No,,,No,,,No,,,,OK,709256041,f958000e-4764-4088-9486-e1a98e50acaf,28-03-2026 04:58,,,submitted_via_web,,vkbFwZJLxY6frYjhVP9c6i,,uuid:f958000e-4764-4088-9486-e1a98e50acaf,Chetana,North,Hebbal Nagawara Valley,H200,,96,yes
204,28-03-2026,28-03-2026,,,"Yes, I feel safe to conduct the audit",A38,Right hand side (RHS),,,13.0403492 77.5644074 824.7999877929688 4.688,13.0403492,77.5644074,824.7999878,4.688,2026/03/28 10:11:00+0530,,,,,,,,,,,,,1774672929008.jpg,,,,Retaining wall intact throughout the stretch,3,"Yes, covered on sides and top",Reinforced Cement Concrete (RCC),1774672919174.jpg,,"Vehicular, I can see vehicles on the bridge",Intact;  path and fence not broken ,,,,,Safe to walk (clear path),,,,,,,,,1774672975003.jpg,https://kf.kobotoolbox.org/api/v2/assets/aLP6mR6GUPYRbYEjUKj73j/data/709252273/attachments/att7LsfGvTHMPqEVKhnbhtkC/,No,0,1774673006448.jpg,,,,No,,,No,,,No,,,,OK,709252273,6e136662-37ec-4f86-95e9-356f0937d315,28-03-2026 04:46,,,submitted_via_web,,vkbFwZJLxY6frYjhVP9c6i,,uuid:6e136662-37ec-4f86-95e9-356f0937d315,Chetana,North,Hebbal Nagawara Valley,H200,,97,yes
213,28-03-2026,28-03-2026,,,"Yes, I feel safe to conduct the audit",A38,Left hand side (LHS),,,13.0404709 77.5643923 824.3999633789062 3.79,13.0404709,77.5643923,824.3999634,3.79,2026/03/28 09:51:00+0530,,,,,,,,,,,,,1774671761013.jpg,,,,Retaining wall intact throughout the stretch,3,"Yes, covered on sides and top",Reinforced Cement Concrete (RCC),1774671746584.jpg,,"Vehicular, I can see vehicles on the bridge",Intact;  path and fence not broken ,,,,,Safe to walk (clear path),,,,,,,,,1774671783792.jpg,https://kf.kobotoolbox.org/api/v2/assets/aLP6mR6GUPYRbYEjUKj73j/data/709265346/attachments/attjkNVpZCPsRfFURUXvSnPq/,No,0,,,,,Yes,1774671843667.jpg,,Yes,1774671856595.jpg,https://kf.kobotoolbox.org/api/v2/assets/aLP6mR6GUPYRbYEjUKj73j/data/709265346/attachments/attsWVhwTGH5K9qPqzpAq5oP/,Cannot see,,,,OK,709265346,e98263dd-0d29-4882-9634-4b07822a8f47,28-03-2026 05:24,,,submitted_via_web,,vkbFwZJLxY6frYjhVP9c6i,,uuid:e98263dd-0d29-4882-9634-4b07822a8f47,Chetana,North,Hebbal Nagawara Valley,H200,,98,yes
219,28-03-2026,28-03-2026,,,"Yes, I feel safe to conduct the audit",A38,Left hand side (LHS),,,13.040785 77.5647045 825.2000122070312 3.79,13.040785,77.5647045,825.2000122,3.79,2026/03/28 09:59:00+0530,,,,,,,,,,,,,1774672216989.jpg,,,,Retaining wall intact throughout the stretch,5,"Yes, covered on sides and top",Reinforced Cement Concrete (RCC),1774672204393.jpg,,Not applicable ,Not applicable,,,,,Not applicable,,,,,,,,,,,Not applicable,Not applicable,,,,,Yes,1774672268767.jpg,,Yes,,,Cannot see,,,,OK,709292142,75e52c09-eef7-4e35-8e6b-ba5cffc1ec60,28-03-2026 06:31,,,submitted_via_web,,vkbFwZJLxY6frYjhVP9c6i,,uuid:75e52c09-eef7-4e35-8e6b-ba5cffc1ec60,Chetana,North,Hebbal Nagawara Valley,H200,,99,yes
203,28-03-2026,28-03-2026,,,"Yes, I feel safe to conduct the audit",A38,Right hand side (RHS),,,13.0413685 77.5649554 825.0999755859375 4.561,13.0413685,77.5649554,825.0999756,4.561,2026/03/28 10:00:00+0530,,,,,,,,,,,,,1774672334685.jpg,,,,Retaining wall intact throughout the stretch,3,"Yes, covered on sides and top","Both, SSM and RCC",1774672305198.jpg,,Not applicable ,Not applicable,,,,,Not applicable,,,,,,,,,,,Not applicable,Not applicable,,,,,No,,,No,,,No,,,,OK,709249751,be888ada-21de-4064-8c01-f8a8b1ef4211,28-03-2026 04:37,,,submitted_via_web,,vkbFwZJLxY6frYjhVP9c6i,,uuid:be888ada-21de-4064-8c01-f8a8b1ef4211,Chetana,North,Hebbal Nagawara Valley,H200,,100,yes
212,28-03-2026,28-03-2026,,,"Yes, I feel safe to conduct the audit",A38,Left hand side (LHS),,,13.0416233 77.5651306 833.2999877929688 3.79,13.0416233,77.5651306,833.2999878,3.79,2026/03/28 09:42:00+0530,,,,,,,,,,,,,1774671192376.jpg,,,,Retaining wall intact throughout the stretch,6,"Yes, covered on sides and top",Reinforced Cement Concrete (RCC),1774671184040.jpg,,Not applicable ,Not applicable,,,,,Not applicable,,,,,,,,,,,Not applicable,Not applicable,,,,,Yes,1774671216791.jpg,,Yes,1774671224873.jpg,https://kf.kobotoolbox.org/api/v2/assets/aLP6mR6GUPYRbYEjUKj73j/data/709265325/attachments/attJPWySjUHQsa8FjUSUsKkq/,Cannot see,,,,OK,709265325,00c736ca-b4a6-411b-8c7b-329822433456,28-03-2026 05:24,,,submitted_via_web,,vkbFwZJLxY6frYjhVP9c6i,,uuid:00c736ca-b4a6-411b-8c7b-329822433456,Chetana,North,Hebbal Nagawara Valley,H200,,101,yes
202,28-03-2026,28-03-2026,,,"Yes, I feel safe to conduct the audit",A38,Right hand side (RHS),,,13.041894 77.5657176 825.0999755859375 4.864,13.041894,77.5657176,825.0999756,4.864,2026/03/28 09:49:00+0530,,,,,,,,,,,,,1774671685518.jpg,,,,Retaining wall intact throughout the stretch,4,"Yes, covered on sides and top",Reinforced Cement Concrete (RCC),1774671666302.jpg,,Not applicable ,Not applicable,,,,,Not applicable,,,,,,,,,,,Not applicable,Not applicable,,,,,No,,,No,,,No,,,,OK,709246895,d3258ece-cb6c-4e86-8d0a-ed835a85ccca,28-03-2026 04:28,,,submitted_via_web,,vkbFwZJLxY6frYjhVP9c6i,,uuid:d3258ece-cb6c-4e86-8d0a-ed835a85ccca,Chetana,North,Hebbal Nagawara Valley,H200,,102,yes
211,28-03-2026,28-03-2026,,,"Yes, I feel safe to conduct the audit",A38,Left hand side (LHS),,,13.042315 77.5659133 825.0 3.923,13.042315,77.5659133,825,3.923,2026/03/28 09:34:00+0530,,,,,,,,,,,,,1774670730299.jpg,,,,Retaining wall intact throughout the stretch,2.5,"Yes, covered on sides and top",Reinforced Cement Concrete (RCC),1774670713880.jpg,,Not applicable ,Not applicable,,,,,Not applicable,,,,,,,,,,,Not applicable,Not applicable,,,,,Yes,1774670772599.jpg,,Cannot see,,,No,,,,OK,709265263,2af9bbe3-f54f-46c6-a33d-2c09e0af1f7b,28-03-2026 05:24,,,submitted_via_web,,vkbFwZJLxY6frYjhVP9c6i,,uuid:2af9bbe3-f54f-46c6-a33d-2c09e0af1f7b,Chetana,North,Hebbal Nagawara Valley,H200,,103,yes
201,28-03-2026,28-03-2026,,,"Yes, I feel safe to conduct the audit",A38,Right hand side (RHS),,,13.0424951 77.5664245 825.5 4.474,13.0424951,77.5664245,825.5,4.474,2026/03/28 09:37:00+0530,,,,,,,,,,,,,1774670970032.jpg,,,,Retaining wall intact throughout the stretch,3,"Yes, covered on sides and top",Solid Stone Masonry (SSM),1774670941811.jpg,,"Vehicular, I can see vehicles on the bridge",Intact;  path and fence not broken ,,,,,Safe to walk (clear path),,,,,,,,,1774671035644.jpg,https://kf.kobotoolbox.org/api/v2/assets/aLP6mR6GUPYRbYEjUKj73j/data/709243231/attachments/attZvxhXANefkMJkzPzdVsUB/,No,0,1774671085044.jpg,,,,Yes,1774671120083.jpg,,No,,,No,,,,OK,709243231,38046177-3839-416a-88de-9e737f219b10,28-03-2026 04:17,,,submitted_via_web,,vkbFwZJLxY6frYjhVP9c6i,,uuid:38046177-3839-416a-88de-9e737f219b10,Chetana,North,Hebbal Nagawara Valley,H200,,104,yes
206,28-03-2026,28-03-2026,,,"Yes, I feel safe to conduct the audit",A38,Left hand side (LHS),,,13.0427321 77.5665849 825.3999633789062 4.203,13.0427321,77.5665849,825.3999634,4.203,2026/03/28 09:32:00+0530,,,,,,,,,,,,,1774670673243.jpg,,,,Retaining wall intact throughout the stretch,3,"Yes, covered only on sides",Reinforced Cement Concrete (RCC),1774670641343.jpg,,"Vehicular, I can see vehicles on the bridge",Intact;  path and fence not broken ,,,,,Safe to walk (clear path),,,,,,,,,1774670713962.jpg,https://kf.kobotoolbox.org/api/v2/assets/aLP6mR6GUPYRbYEjUKj73j/data/709264132/attachments/attvmY4Moi8NQjxdN4L4B7EK/,No,0,1774670756373.jpg,,,,Yes,1774670792211.jpg,,Yes,1774670810483.jpg,https://kf.kobotoolbox.org/api/v2/assets/aLP6mR6GUPYRbYEjUKj73j/data/709264132/attachments/attb6AKCUqLxdQv8GJWeVdbV/,Cannot see,,,,OK,709264132,3250f490-6939-407c-b496-106642ae35ac,28-03-2026 05:21,,,submitted_via_web,,vkbFwZJLxY6frYjhVP9c6i,,uuid:3250f490-6939-407c-b496-106642ae35ac,Chetana,North,Hebbal Nagawara Valley,H200,,105,yes
207,28-03-2026,28-03-2026,,,"No, I do not feel safe. I will stop the audit at this point.",A38,Left hand side (LHS),,,13.043255 77.5672641 825.8999633789062 4.888,13.043255,77.5672641,825.8999634,4.888,2026/03/28 10:01:00+0530,,,,,,,,,,,,,1774672368312.jpg,,,,Broken in some places,3,"Yes, covered only on sides",Reinforced Cement Concrete (RCC),1774672357289.jpg,,Not applicable ,Not applicable,,,,,Not applicable,,,,,,,,,,,Not applicable,Not applicable,,,,,No,1774672426150.jpg,,Cannot see,1774672465152.jpg,https://kf.kobotoolbox.org/api/v2/assets/aLP6mR6GUPYRbYEjUKj73j/data/709264193/attachments/att5hm3YA4gBkeAGVCzkkYxq/,Cannot see,1774672483270.jpg,https://kf.kobotoolbox.org/api/v2/assets/aLP6mR6GUPYRbYEjUKj73j/data/709264193/attachments/att4xNnk2R8yrcN6ippWX5rr/,,OK,709264193,ad2d20d7-28c7-45e5-af87-8d0e5e73b96c,28-03-2026 05:21,,,submitted_via_web,,vkbFwZJLxY6frYjhVP9c6i,,uuid:ad2d20d7-28c7-45e5-af87-8d0e5e73b96c,Chetana,North,Hebbal Nagawara Valley,H200,,106,yes
214,28-03-2026,28-03-2026,,,"Yes, I feel safe to conduct the audit",A38,Right hand side (RHS),,,13.0431031 77.5673846 824.5999755859375 3.958,13.0431031,77.5673846,824.5999756,3.958,2026/03/28 10:03:00+0530,,,,,,,,,,,,,1774672535194.jpg,,,,Retaining wall intact throughout the stretch,4,"Yes, covered only on sides",Reinforced Cement Concrete (RCC),1774672516859.jpg,,Not applicable ,Not applicable,,,,,Not applicable,,,,,,,,,1774672606179.jpg,https://kf.kobotoolbox.org/api/v2/assets/aLP6mR6GUPYRbYEjUKj73j/data/709266732/attachments/att8UQ38vmYcXtYm27Rq98h6/,Not applicable,Not applicable,,,,,No,1774672663261.jpg,,No,1774672685420.jpg,https://kf.kobotoolbox.org/api/v2/assets/aLP6mR6GUPYRbYEjUKj73j/data/709266732/attachments/attmUJ99fsX9BQeQizHsogpK/,Yes,1774672746605.jpg,https://kf.kobotoolbox.org/api/v2/assets/aLP6mR6GUPYRbYEjUKj73j/data/709266732/attachments/attFsc5Nm6yCWNpgQc3bLWVQ/,,OK,709266732,1fdc5de2-e222-440d-ac55-2aa9409ec063,28-03-2026 05:29,,,submitted_via_web,,vkbFwZJLxY6frYjhVP9c6i,,uuid:1fdc5de2-e222-440d-ac55-2aa9409ec063,Chetana,North,Hebbal Nagawara Valley,H200,,107,yes
215,28-03-2026,28-03-2026,,,"Yes, I feel safe to conduct the audit",A38,Right hand side (RHS),,,13.0439034 77.5677774 824.7999877929688 5.297,13.0439034,77.5677774,824.7999878,5.297,2026/03/28 10:23:00+0530,,,,,,,,,,,,,1774673687928.jpg,,,,Retaining wall intact throughout the stretch,4,"Yes, covered only on sides",Reinforced Cement Concrete (RCC),1774673671320.jpg,,Not applicable ,Not applicable,,,,,Not applicable,,,,,,,,,,,Not applicable,Not applicable,1774673763947.jpg,,,,Yes,1774673800971.jpg,,No,1774673842459.jpg,https://kf.kobotoolbox.org/api/v2/assets/aLP6mR6GUPYRbYEjUKj73j/data/709266835/attachments/att7wAi5t47rxzcG2tLfqEag/,No,1774673872981.jpg,https://kf.kobotoolbox.org/api/v2/assets/aLP6mR6GUPYRbYEjUKj73j/data/709266835/attachments/attYWwqUp2Rz4xVAnWNTUXRS/,,OK,709266835,edc3df25-7245-48be-ba58-5751724b30ee,28-03-2026 05:29,,,submitted_via_web,,vkbFwZJLxY6frYjhVP9c6i,,uuid:edc3df25-7245-48be-ba58-5751724b30ee,Chetana,North,Hebbal Nagawara Valley,H200,,108,yes
208,28-03-2026,28-03-2026,,,"No, I do not feel safe. I will stop the audit at this point.",A38,Left hand side (LHS),,,13.0440074 77.5677165 824.7999877929688 4.285,13.0440074,77.5677165,824.7999878,4.285,2026/03/28 10:15:00+0530,,,,,,,,,,,,,1774673205845.jpg,,,,Broken in some places,0,"Yes, covered only on sides",Reinforced Cement Concrete (RCC),1774673224316.jpg,,Not applicable ,Not applicable,,,,,Not applicable,,,,,,,,,,,Not applicable,Not applicable,,,,,Yes,1774673274625.jpg,,Yes,1774673296628.jpg,https://kf.kobotoolbox.org/api/v2/assets/aLP6mR6GUPYRbYEjUKj73j/data/709264270/attachments/attR4XwCyoJpG59xQQXMa5u8/,Yes,1774673949783.jpg,https://kf.kobotoolbox.org/api/v2/assets/aLP6mR6GUPYRbYEjUKj73j/data/709264270/attachments/attCtXJ9xhDqmJq9SpoAmptW/,,OK,709264270,fc01df31-170e-4175-9016-d9d33c6817a9,28-03-2026 05:21,,,submitted_via_web,,vkbFwZJLxY6frYjhVP9c6i,,uuid:fc01df31-170e-4175-9016-d9d33c6817a9,Chetana,North,Hebbal Nagawara Valley,H200,,109,yes
209,28-03-2026,28-03-2026,,,"No, I do not feel safe. I will stop the audit at this point.",A38,Left hand side (LHS),,,13.0448162 77.5681089 825.2000122070312 4.464,13.0448162,77.5681089,825.2000122,4.464,2026/03/28 10:31:00+0530,,,,,,,,,,,,,1774674154255.jpg,,,,Retaining wall intact throughout the stretch,3,There is no fence ,Reinforced Cement Concrete (RCC),1774674132127.jpg,,Not applicable ,Not applicable,,,,,Not applicable,,,,,,,,,,,Not applicable,Not applicable,,,,,No,,,No,,,No,,,,OK,709264335,ef7c7fed-daa7-4c39-b665-3c79ad8ac0b1,28-03-2026 05:22,,,submitted_via_web,,vkbFwZJLxY6frYjhVP9c6i,,uuid:ef7c7fed-daa7-4c39-b665-3c79ad8ac0b1,Chetana,North,Hebbal Nagawara Valley,H200,,110,yes
210,28-03-2026,28-03-2026,,,"Yes, I feel safe to conduct the audit",A38,Left hand side (LHS),,,13.0453875 77.5688506 825.0999755859375 4.662,13.0453875,77.5688506,825.0999756,4.662,2026/03/28 10:41:00+0530,,,,,,,,,,,,,1774674769918.jpg,,,,Broken in some places,1,"Yes, covered only on sides",Reinforced Cement Concrete (RCC),1774674751126.jpg,,"Vehicular, I can see vehicles on the bridge",Intact;  path and fence not broken ,,,,,Safe to walk (clear path),,,,,,,,,1774674823029.jpg,https://kf.kobotoolbox.org/api/v2/assets/aLP6mR6GUPYRbYEjUKj73j/data/709264365/attachments/attVKbDMzLoFiPgWQpFuKQeh/,No,0,1774674844541.jpg,,,,No,,,Cannot see,,,Cannot see,,,,OK,709264365,aca2a49c-71fd-4a5f-90c1-ba5935274a2e,28-03-2026 05:22,,,submitted_via_web,,vkbFwZJLxY6frYjhVP9c6i,,uuid:aca2a49c-71fd-4a5f-90c1-ba5935274a2e,Chetana,North,Hebbal Nagawara Valley,H200,,111,yes
216,28-03-2026,28-03-2026,,,"Yes, I feel safe to conduct the audit",A38,Right hand side (RHS),,,13.0452177 77.5688621 824.0999755859375 3.363,13.0452177,77.5688621,824.0999756,3.363,2026/03/28 10:38:00+0530,,,,,,,,,,,,,1774674610359.jpg,,,,Retaining wall intact throughout the stretch,3,"Yes, covered only on sides",Reinforced Cement Concrete (RCC),1774674577212.jpg,,"Vehicular, I can see vehicles on the bridge",Intact;  path and fence not broken ,,,,,Obstructed path (solid waste),,,,,,,,,1774674682668.jpg,https://kf.kobotoolbox.org/api/v2/assets/aLP6mR6GUPYRbYEjUKj73j/data/709266952/attachments/attgFHrZwcxXy4NAr4cMkN9P/,No,0,1774674708142.jpg,,,,No,1774674735704.jpg,,No,1774674758952.jpg,https://kf.kobotoolbox.org/api/v2/assets/aLP6mR6GUPYRbYEjUKj73j/data/709266952/attachments/att3H5Knjzei8VTyDEYyvCXN/,No,1774674772872.jpg,https://kf.kobotoolbox.org/api/v2/assets/aLP6mR6GUPYRbYEjUKj73j/data/709266952/attachments/attxmbHWrSDFZewCv92CrFrc/,,OK,709266952,ac81a005-36ea-472a-b410-cb3c1b818143,28-03-2026 05:29,,,submitted_via_web,,vkbFwZJLxY6frYjhVP9c6i,,uuid:ac81a005-36ea-472a-b410-cb3c1b818143,Chetana,North,Hebbal Nagawara Valley,H200,,112,yes
217,28-03-2026,28-03-2026,,,"Yes, I feel safe to conduct the audit",A38,Right hand side (RHS),,,13.0458714 77.5694078 824.0999755859375 3.375,13.0458714,77.5694078,824.0999756,3.375,2026/03/28 10:47:00+0530,,,,,,,,,,,,,1774675120825.jpg,,,,Retaining wall intact throughout the stretch,4,There is no fence ,Reinforced Cement Concrete (RCC),1774675108611.jpg,,Not applicable ,Not applicable,,,,,Not applicable,,,,,,,,,,,Not applicable,Not applicable,,,,,No,1774675168018.jpg,,No,1774675184304.jpg,https://kf.kobotoolbox.org/api/v2/assets/aLP6mR6GUPYRbYEjUKj73j/data/709267078/attachments/attycbqGrqSNxUgHRSWSDXMp/,No,1774675195465.jpg,https://kf.kobotoolbox.org/api/v2/assets/aLP6mR6GUPYRbYEjUKj73j/data/709267078/attachments/attrRaGYX8c6RKpUew6mbTMt/,,OK,709267078,79484a53-71f5-448a-9e1b-1f1d146bb819,28-03-2026 05:30,,,submitted_via_web,,vkbFwZJLxY6frYjhVP9c6i,,uuid:79484a53-71f5-448a-9e1b-1f1d146bb819,Chetana,North,Hebbal Nagawara Valley,H200,,113,yes
218,28-03-2026,28-03-2026,,,"No, I do not feel safe. I will stop the audit at this point.",A38,Right hand side (RHS),,,13.0464524 77.5699048 824.0999755859375 3.153,13.0464524,77.5699048,824.0999756,3.153,2026/03/28 10:54:00+0530,,,,,,,,,,,,,1774675517663.jpg,,,,Retaining wall intact throughout the stretch,1,There is no fence ,Reinforced Cement Concrete (RCC),1774675498712.jpg,,Not applicable ,Not applicable,,,,,Not applicable,,,,,,,,,,,Not applicable,Not applicable,,,,,No,1774675560142.jpg,,No,1774675576987.jpg,https://kf.kobotoolbox.org/api/v2/assets/aLP6mR6GUPYRbYEjUKj73j/data/709267180/attachments/att6uLYTxH9gPgb8qghi6ySE/,No,1774675595384.jpg,https://kf.kobotoolbox.org/api/v2/assets/aLP6mR6GUPYRbYEjUKj73j/data/709267180/attachments/attQvr5Aa96Ur2FihbRm7XNt/,,OK,709267180,1aa83e8c-eb0c-4724-beef-3bab03763178,28-03-2026 05:30,,,submitted_via_web,,vkbFwZJLxY6frYjhVP9c6i,,uuid:1aa83e8c-eb0c-4724-beef-3bab03763178,Chetana,North,Hebbal Nagawara Valley,H200,,114,yes
222,28-03-2026,28-03-2026,,,"Yes, I feel safe to conduct the audit",A38,Right hand side (RHS),,,13.0465081 77.5711081 823.7999877929688 4.066,13.0465081,77.5711081,823.7999878,4.066,2026/03/28 10:51:00+0530,,,,,,,,,,,,,,,,,Retaining wall intact throughout the stretch,1,"Yes, covered only on sides",Reinforced Cement Concrete (RCC),1774675301246.jpg,,Not applicable ,Not applicable,,,,,Not applicable,,,,,,,,,,,Not applicable,Not applicable,,,,,No,,,No,,,No,1774675351961.jpg,https://kf.kobotoolbox.org/api/v2/assets/aLP6mR6GUPYRbYEjUKj73j/data/709292573/attachments/attcM34CTVidtLYqVLgLPkW9/,,OK,709292573,4e36c4e1-748a-4466-a6e8-8ba69e5c5aca,28-03-2026 06:31,,,submitted_via_web,,vkbFwZJLxY6frYjhVP9c6i,,uuid:4e36c4e1-748a-4466-a6e8-8ba69e5c5aca,Chetana,North,Hebbal Nagawara Valley,H200,,115,yes
69,21-02-2026,21-02-2026,,,"Yes, I feel safe to conduct the audit",A19,Right hand side (RHS),,,13.0228428 77.6267922 817.3999633789062 4.036,13.0228428,77.6267922,817.3999634,4.036,2026/02/21 12:10:00+0530,,,,,,,,,,,,,1771656088456.jpg,,,,Retaining wall does not exist,0,"Yes, covered only on sides",Not applicable,1771656063939.jpg,,"Vehicular, I can see vehicles on the bridge",Intact;  path and fence not broken ,,,,,Obstructed path (solid waste),,,,,,,,,1771656116077.jpg,https://kf.kobotoolbox.org/api/v2/assets/aLP6mR6GUPYRbYEjUKj73j/data/676773074/attachments/attKDwre5oqCTgtaNDZmC4PS/,Yes,2,1771656150519.jpg,,,,Yes,1771656181081.jpg,,No,,,Cannot see,,,,OK,676773074,e4516165-b3a8-4fb1-b227-c64d8389c0fb,21-02-2026 06:45,,,submitted_via_web,,v3tpAA3xLp479pfhqUuXwb,,uuid:e4516165-b3a8-4fb1-b227-c64d8389c0fb,Mod Foundation,North,Hebbal Nagawara Valley,H300,,116,yes
160,21-02-2026,23-02-2026,,,"Yes, I feel safe to conduct the audit",A18,Right hand side (RHS),,,13.0238114 77.6264025 808.877685546875 4.982,13.0238114,77.6264025,808.8776855,4.982,2026/02/21 12:11:00+0530,,,,,,,,,,,,,1771656142067.jpg,,,,Retaining wall intact throughout the stretch,4,There is no fence ,Reinforced Cement Concrete (RCC),1771656123039.jpg,,Not applicable ,Not applicable,,,,,Not applicable,,,,,,,,,,,Not applicable,Not applicable,,,,,No,,,Cannot see,,,No,,,,OK,677765762,3f7d5bff-200a-4527-b93b-9eeece0cf544,23-02-2026 05:40,,,submitted_via_web,,vJPQqaxfJYoZcmbGG5DBqs,,uuid:3f7d5bff-200a-4527-b93b-9eeece0cf544,Mod Foundation,North,Hebbal Nagawara Valley,H300,,117,yes
159,21-02-2026,23-02-2026,,,"Yes, I feel safe to conduct the audit",A18,Right hand side (RHS),,,13.0256198 77.6257248 808.4110107421875 4.229,13.0256198,77.6257248,808.4110107,4.229,2026/02/21 11:53:00+0530,,,,,,,,,,,,,1771655054275.jpg,,,,Broken in some places,4,"Yes, covered only on sides",Reinforced Cement Concrete (RCC),1771655030187.jpg,,"Pedestrian, I see only people walking on the bridge",Intact;  path and fence not broken ,,,,,Obstructed path (solid waste),,,,,,,,,1771655086812.jpg,https://kf.kobotoolbox.org/api/v2/assets/aLP6mR6GUPYRbYEjUKj73j/data/677765581/attachments/attACLE2QF39fMKyLY4Rc8mM/,Yes,1,,,,,Yes,1771655151869.jpg,,Yes,,,No,,,,OK,677765581,bb94af81-07c9-4131-974e-5b21f3dcd201,23-02-2026 05:40,,,submitted_via_web,,vJPQqaxfJYoZcmbGG5DBqs,,uuid:bb94af81-07c9-4131-974e-5b21f3dcd201,Mod Foundation,North,Hebbal Nagawara Valley,H300,,118,yes
71,21-02-2026,21-02-2026,,,"Yes, I feel safe to conduct the audit",A18,Left hand side (LHS),,,13.0263312 77.6253654 815.3999633789062 4.847,13.0263312,77.6253654,815.3999634,4.847,2026/02/21 11:48:00+0530,,,,,,,,,,,,,1771654860084.jpg,,,,Broken in some places,2,"Yes, covered only on sides",Reinforced Cement Concrete (RCC),1771654835022.jpg,,"Vehicular, I can see vehicles on the bridge",Broken wall/fence,,,,,Obstructed path (solid waste),,,,,,,,,1771654917949.jpg,https://kf.kobotoolbox.org/api/v2/assets/aLP6mR6GUPYRbYEjUKj73j/data/676774457/attachments/att72YcsJgFE6A2UTjcrznj7/,Yes,2,1771654939007.jpg,,,,Yes,1771654967663.jpg,,Yes,1771654980952.jpg,https://kf.kobotoolbox.org/api/v2/assets/aLP6mR6GUPYRbYEjUKj73j/data/676774457/attachments/attTBNmvy892HZ2ye8HMLYwt/,No,,,,OK,676774457,9ee57982-29ec-41f6-87c3-3ec46360fbfc,21-02-2026 06:47,,,submitted_via_web,,v3tpAA3xLp479pfhqUuXwb,,uuid:9ee57982-29ec-41f6-87c3-3ec46360fbfc,Mod Foundation,North,Hebbal Nagawara Valley,H300,,119,yes
68,21-02-2026,21-02-2026,,,"Yes, I feel safe to conduct the audit",A19,Right hand side (RHS),,,13.0263944 77.6255789 815.7999877929688 4.848,13.0263944,77.6255789,815.7999878,4.848,2026/02/21 11:53:00+0530,,,,,,,,,,,,,1771655137925.jpg,,,,Retaining wall intact throughout the stretch,4,"Yes, covered only on sides",Reinforced Cement Concrete (RCC),1771655121033.jpg,,"Vehicular, I can see vehicles on the bridge",Intact;  path and fence not broken ,,,,,Safe to walk (clear path),,,,,,,,,1771655175349.jpg,https://kf.kobotoolbox.org/api/v2/assets/aLP6mR6GUPYRbYEjUKj73j/data/676772939/attachments/attxua7CyrGi3yUf7UKRcc8j/,Yes,2,1771655216280.jpg,,,,Yes,1771655238328.jpg,,Yes,1771655260438.jpg,https://kf.kobotoolbox.org/api/v2/assets/aLP6mR6GUPYRbYEjUKj73j/data/676772939/attachments/attC4Wt3H8sKqRPPSRtYkneJ/,No,,,,OK,676772939,105c48e6-4073-4b2a-b64a-25cfd63ef1bf,21-02-2026 06:44,,,submitted_via_web,,v3tpAA3xLp479pfhqUuXwb,,uuid:105c48e6-4073-4b2a-b64a-25cfd63ef1bf,Mod Foundation,North,Hebbal Nagawara Valley,H300,,120,yes
76,21-02-2026,21-02-2026,,,"Yes, I feel safe to conduct the audit",A18,Left hand side (LHS),,,13.0268205 77.6252636 817.1396201236352 4.265,13.0268205,77.6252636,817.1396201,4.265,2026/02/21 11:43:00+0530,,,,,,,,,,,,,1771654519263.jpg,,,,Retaining wall does not exist,0,"Yes, covered only on sides",Reinforced Cement Concrete (RCC),1771654508685.jpg,,Not applicable ,Not applicable,,,,,Not applicable,,,,,,,,,,,Not applicable,Not applicable,,,,,Yes,1771654578117.jpg,,No,,,Cannot see,,,,OK,677254111,1d65669a-87f0-42c7-b789-9f91cce8be1e,22-02-2026 04:13,,,submitted_via_web,,vJPQqaxfJYoZcmbGG5DBqs,,uuid:1d65669a-87f0-42c7-b789-9f91cce8be1e,Mod Foundation,North,Hebbal Nagawara Valley,H300,,121,yes
73,21-02-2026,21-02-2026,,,"Yes, I feel safe to conduct the audit",A19,Right hand side (RHS),,,13.0271527 77.6252858 807.32421875 3.806,13.0271527,77.6252858,807.3242188,3.806,2026/02/21 11:38:00+0530,,,,,,,,,,,,,1771654304007.jpg,,,,Broken in some places,2,"Yes, covered only on sides",Reinforced Cement Concrete (RCC),1771654281590.jpg,,Not applicable ,Not applicable,,,,,Not applicable,,,,,,,,,,,Not applicable,Not applicable,,,,,Yes,1771654408563.jpg,,No,,,No,,,,OK,676774587,d2a34d05-f4a4-47f9-a05b-8a81612497d4,21-02-2026 06:48,,,submitted_via_web,,v3tpAA3xLp479pfhqUuXwb,,uuid:d2a34d05-f4a4-47f9-a05b-8a81612497d4,Mod Foundation,North,Hebbal Nagawara Valley,H300,,122,yes
158,21-02-2026,23-02-2026,,,"Yes, I feel safe to conduct the audit",A18,Left hand side (LHS),,,13.028084 77.6249247 804.852783203125 4.982,13.028084,77.6249247,804.8527832,4.982,2026/02/21 11:35:00+0530,,,,,,,,,,,,,1771653992054.jpg,,,,Retaining wall intact throughout the stretch,3,"Yes, covered only on sides",Reinforced Cement Concrete (RCC),1771653963153.jpg,,"Pedestrian, I see only people walking on the bridge",Intact;  path and fence not broken ,,,,,Safe to walk (clear path),,,,,,,,,1771654022112.jpg,https://kf.kobotoolbox.org/api/v2/assets/aLP6mR6GUPYRbYEjUKj73j/data/677765460/attachments/att34cSddisbhpRsDjscm93q/,No,0,1771654090219.jpg,,,,Yes,1771654135440.jpg,,Yes,,,No,,,,OK,677765460,0160ae4c-8090-4bb0-9d36-c30dda5da55f,23-02-2026 05:40,,,submitted_via_web,,vJPQqaxfJYoZcmbGG5DBqs,,uuid:0160ae4c-8090-4bb0-9d36-c30dda5da55f,Mod Foundation,North,Hebbal Nagawara Valley,H300,,123,yes
67,21-02-2026,21-02-2026,,,"Yes, I feel safe to conduct the audit",A19,Right hand side (RHS),,,13.0280985 77.6250863 814.2000122070312 5.0,13.0280985,77.6250863,814.2000122,5,2026/02/21 11:28:00+0530,,,,,,,,,,,,,1771653630926.jpg,,,,Broken in some places,5,There is no fence ,Reinforced Cement Concrete (RCC),1771653611543.jpg,,"Pedestrian, I see only people walking on the bridge",Intact;  path and fence not broken ,,,,,Safe to walk (clear path),,,,,,,,,1771653663533.jpg,https://kf.kobotoolbox.org/api/v2/assets/aLP6mR6GUPYRbYEjUKj73j/data/676772835/attachments/attpXTD3E5kwCdBzMumMdTvD/,No,0,1771653689970.jpg,,,,Yes,1771653729542.jpg,,No,,https://kf.kobotoolbox.org/api/v2/assets/aLP6mR6GUPYRbYEjUKj73j/data/676772835/attachments/attxPkifuHca3R9QuPyPkcxn/,No,,https://kf.kobotoolbox.org/api/v2/assets/aLP6mR6GUPYRbYEjUKj73j/data/676772835/attachments/attwqh62niBTxW5opnzQwfAX/,,OK,676772835,a41e745b-3b50-4598-a2db-41d65a202d7f,21-02-2026 06:44,,,submitted_via_web,,v3tpAA3xLp479pfhqUuXwb,,uuid:a41e745b-3b50-4598-a2db-41d65a202d7f,Mod Foundation,North,Hebbal Nagawara Valley,H300,,124,yes
162,21-02-2026,23-02-2026,,,"Yes, I feel safe to conduct the audit",A20,Left hand side (LHS),,,13.0286408 77.6248032 814.7999877929688 3.928,13.0286408,77.6248032,814.7999878,3.928,2026/02/21 11:29:00+0530,,,,,,,,,,,,,1771653732439.jpg,,,,Retaining wall does not exist,,"Yes, covered only on sides",Not applicable,1771653697665.jpg,,Not applicable ,Not applicable,,,,,Not applicable,,,,,,,,,,,Not applicable,Not applicable,,,,,Yes,1771653849833.jpg,,No,,,No,,,,OK,677977301,7a3cc38e-9577-40e1-89d1-5884f25f25ae,23-02-2026 09:48,,,submitted_via_web,,v3tpAA3xLp479pfhqUuXwb,,uuid:7a3cc38e-9577-40e1-89d1-5884f25f25ae,Mod Foundation,North,Hebbal Nagawara Valley,H300,,125,yes
66,21-02-2026,21-02-2026,,,"Yes, I feel safe to conduct the audit",A18,Right hand side (RHS),,,13.0291284 77.6248145 814.0 6.428,13.0291284,77.6248145,814,6.428,2026/02/21 11:30:00+0530,,,,,,,,,,,,,1771653718152.jpg,,,,Retaining wall intact throughout the stretch,4,There is no fence ,Reinforced Cement Concrete (RCC),1771653697992.jpg,,Not applicable ,Not applicable,,,,,Not applicable,,,,,,,,,,,Not applicable,Not applicable,,,,,Yes,1771653763894.jpg,,No,,,No,,,,OK,676756218,13f87e97-7427-496d-97fc-a7b0bd7b7861,21-02-2026 06:07,,,submitted_via_web,,v3tpAA3xLp479pfhqUuXwb,,uuid:13f87e97-7427-496d-97fc-a7b0bd7b7861,Mod Foundation,North,Hebbal Nagawara Valley,H300,,126,yes
161,21-02-2026,23-02-2026,,,"Yes, I feel safe to conduct the audit",A20,Left hand side (LHS),,,13.0307602 77.6251009 813.0999755859375 3.955,13.0307602,77.6251009,813.0999756,3.955,2026/02/21 10:49:00+0530,,,,,,,,,,,,,1771651471195.jpg,,,,Broken in some places,1.5,"Yes, covered only on sides",Reinforced Cement Concrete (RCC),1771651384582.jpg,,"Vehicular, I can see vehicles on the bridge",Broken wall/fence,,,,,Obstructed path (solid waste),,,,,,,,,1771651582896.jpg,https://kf.kobotoolbox.org/api/v2/assets/aLP6mR6GUPYRbYEjUKj73j/data/677976957/attachments/attAspQi9HzyvmPgaNRxVvRs/,Yes,2,1771651661250.jpg,,,,Yes,1771651781652.jpg,,No,,,No,,,,OK,677976957,c0827f7c-fabe-4211-922f-e6fb048d30d5,23-02-2026 09:47,,,submitted_via_web,,v3tpAA3xLp479pfhqUuXwb,,uuid:c0827f7c-fabe-4211-922f-e6fb048d30d5,Mod Foundation,North,Hebbal Nagawara Valley,H300,,127,yes
75,21-02-2026,21-02-2026,,,"Yes, I feel safe to conduct the audit",A18,Right hand side (RHS),,,13.0309197 77.625326 813.3999633789062 3.79,13.0309197,77.625326,813.3999634,3.79,2026/02/21 11:18:00+0530,,,,,,,,,,,,,1771653002692.jpg,,,,Retaining wall intact throughout the stretch,5,There is no fence ,"Both, SSM and RCC",1771652991522.jpg,,"Vehicular, I can see vehicles on the bridge",Intact;  path and fence not broken ,,,,,Obstructed path (solid waste),,,,,,,,,1771653030523.jpg,https://kf.kobotoolbox.org/api/v2/assets/aLP6mR6GUPYRbYEjUKj73j/data/677254078/attachments/attLhGhahMSNiA7jCV8AfwGL/,Yes,2,1771653064814.jpg,,,,Yes,1771653091252.jpg,,Yes,1771653100181.jpg,https://kf.kobotoolbox.org/api/v2/assets/aLP6mR6GUPYRbYEjUKj73j/data/677254078/attachments/attjSMZGSpV2D9Gjdnu3qVww/,No,,,,OK,677254078,e5b34887-94f8-4133-94a9-782c0da0776b,22-02-2026 04:12,,,submitted_via_web,,vJPQqaxfJYoZcmbGG5DBqs,,uuid:e5b34887-94f8-4133-94a9-782c0da0776b,Mod Foundation,North,Hebbal Nagawara Valley,H300,,128,yes
157,21-02-2026,23-02-2026,,,"Yes, I feel safe to conduct the audit",A18,Left hand side (LHS),,,13.0317437 77.6253245 812.7999877929688 4.376,13.0317437,77.6253245,812.7999878,4.376,2026/02/21 11:10:00+0530,,,,,,,,,,,,,1771652497463.jpg,,,,Retaining wall intact throughout the stretch,5,There is no fence ,Reinforced Cement Concrete (RCC),1771652478663.jpg,,Not applicable ,Not applicable,,,,,Not applicable,,,,,,,,,,,Not applicable,Not applicable,,,,,Yes,1771652554708.jpg,,Yes,1771652576136.jpg,https://kf.kobotoolbox.org/api/v2/assets/aLP6mR6GUPYRbYEjUKj73j/data/677765136/attachments/attddXG4Xu4pApX3hBejbucU/,No,,,,OK,677765136,9a7680a3-a419-4628-b3e0-55a8ded0ed70,23-02-2026 05:39,,,submitted_via_web,,vJPQqaxfJYoZcmbGG5DBqs,,uuid:9a7680a3-a419-4628-b3e0-55a8ded0ed70,Mod Foundation,North,Hebbal Nagawara Valley,H300,,129,yes
70,21-02-2026,21-02-2026,,,"Yes, I feel safe to conduct the audit",A19,Right hand side (RHS),,,"13.0322652, 77.6255736",13.0322652,77.6255736,,,2026/02/21 11:04:00+0530,,,,,,,,,,,,,1771652179854.jpg,,,,Retaining wall intact throughout the stretch,5.5,There is no fence ,Reinforced Cement Concrete (RCC),1771652154691.jpg,,"Pedestrian, I see only people walking on the bridge",Intact;  path and fence not broken ,,,,,Safe to walk (clear path),,,,,,,,,1771652242940.jpg,https://kf.kobotoolbox.org/api/v2/assets/aLP6mR6GUPYRbYEjUKj73j/data/676774409/attachments/att3k7K7L7vFawcMG9xjm3VM/,Yes,2,1771652260853.jpg,,,,Yes,1771652345135.jpg,,Yes,1771652366830.jpg,https://kf.kobotoolbox.org/api/v2/assets/aLP6mR6GUPYRbYEjUKj73j/data/676774409/attachments/attf6GYZMbvynoVa3ttdsdNS/,No,,,,OK,676774409,b67655c1-6202-4e52-b75d-87edbc3fcfed,21-02-2026 06:47,,,submitted_via_web,,v3tpAA3xLp479pfhqUuXwb,,uuid:b67655c1-6202-4e52-b75d-87edbc3fcfed,Mod Foundation,North,Hebbal Nagawara Valley,H300,,130,yes
65,21-02-2026,21-02-2026,,,"Yes, I feel safe to conduct the audit",A18,Left hand side (LHS),,,13.0323488 77.6254892 813.0 4.783,13.0323488,77.6254892,813,4.783,2026/02/21 11:00:00+0530,,,,,,,,,,,,,1771651979611.jpg,,,,Retaining wall intact throughout the stretch,4,There is no fence ,Reinforced Cement Concrete (RCC),1771651957015.jpg,,"Pedestrian, I see only people walking on the bridge",Intact;  path and fence not broken ,,,,,Safe to walk (clear path),,,,,,,,,1771652050783.jpg,https://kf.kobotoolbox.org/api/v2/assets/aLP6mR6GUPYRbYEjUKj73j/data/676756005/attachments/attNa6L822GnQj6mY5gaSHAj/,Yes,2,1771652089421.jpg,,,,Yes,1771652119031.jpg,,Yes,1771652142623.jpg,https://kf.kobotoolbox.org/api/v2/assets/aLP6mR6GUPYRbYEjUKj73j/data/676756005/attachments/attfaQh2JLvUYsEwLKB3pWKU/,No,,,,OK,676756005,9adeabba-2394-423e-82e4-8bfb261edea3,21-02-2026 06:07,,,submitted_via_web,,v3tpAA3xLp479pfhqUuXwb,,uuid:9adeabba-2394-423e-82e4-8bfb261edea3,Mod Foundation,North,Hebbal Nagawara Valley,H300,,131,yes
64,21-02-2026,21-02-2026,,,"Yes, I feel safe to conduct the audit",A18,Left hand side (LHS),,,13.0332015 77.6256478 812.7999877929688 3.979,13.0332015,77.6256478,812.7999878,3.979,2026/02/21 10:46:00+0530,,,,,,,,,,,,,1771651229033.jpg,,,,Retaining wall intact throughout the stretch,4,There is no fence ,"Both, SSM and RCC",1771651167155.jpg,,"Vehicular, I can see vehicles on the bridge",Intact;  path and fence not broken ,,,,,Safe to walk (clear path),,,,,,,,,1771651315658.jpg,https://kf.kobotoolbox.org/api/v2/assets/aLP6mR6GUPYRbYEjUKj73j/data/676739659/attachments/attn5ST5CWRjxmDivLsPzNeB/,Yes,2,1771651375301.jpg,,,,Yes,1771651526374.jpg,,Yes,1771651548740.jpg,https://kf.kobotoolbox.org/api/v2/assets/aLP6mR6GUPYRbYEjUKj73j/data/676739659/attachments/attH9xjaGGCWmGLv68xP3pQQ/,No,,,,OK,676739659,c4e39a9d-0a52-454c-a5da-d8231e92fe8b,21-02-2026 05:27,,,submitted_via_web,,v3tpAA3xLp479pfhqUuXwb,,uuid:c4e39a9d-0a52-454c-a5da-d8231e92fe8b,Mod Foundation,North,Hebbal Nagawara Valley,H300,,132,yes
72,21-02-2026,21-02-2026,,,"Yes, I feel safe to conduct the audit",A19,Right hand side (RHS),,,13.0331595 77.6258375 814.0999755859375 4.854,13.0331595,77.6258375,814.0999756,4.854,2026/02/21 10:46:00+0530,,,,,,,,,,,,,1771651398182.jpg,,,,Broken in some places,3,There is no fence ,Solid Stone Masonry (SSM),1771651370283.jpg,,"Vehicular, I can see vehicles on the bridge",Intact;  path and fence not broken ,,,,,Safe to walk (clear path),,,,,,,,,1771651665477.jpg,https://kf.kobotoolbox.org/api/v2/assets/aLP6mR6GUPYRbYEjUKj73j/data/676774522/attachments/attxJc48fweahEGwuBM3crUi/,Yes,2,1771651760509.jpg,,,,Yes,1771651785079.jpg,,Yes,1771651821954.jpg,https://kf.kobotoolbox.org/api/v2/assets/aLP6mR6GUPYRbYEjUKj73j/data/676774522/attachments/attKj8qcJeMaKdKQdrkAyyiE/,Cannot see,,,,OK,676774522,493740cc-3f4d-48c4-9f2c-d290961010de,21-02-2026 06:47,,,submitted_via_web,,v3tpAA3xLp479pfhqUuXwb,,uuid:493740cc-3f4d-48c4-9f2c-d290961010de,Mod Foundation,North,Hebbal Nagawara Valley,H300,,133,yes
195,21-03-2026,21-03-2026,,,"Yes, I feel safe to conduct the audit",A35,Right hand side (RHS),,,13.0126964 77.6450844 827.5999755859375 2.7,13.0126964,77.6450844,827.5999756,2.7,2026/03/21 10:41:00+0530,,,,,,,,,,,,,1774069923226.jpg,,,,Retaining wall intact throughout the stretch,1,There is no fence ,Reinforced Cement Concrete (RCC),1774069916252.jpg,,Not applicable ,Not applicable,,,,,Not applicable,,,,,,,,,1774069935574.jpg,https://kf.kobotoolbox.org/api/v2/assets/aLP6mR6GUPYRbYEjUKj73j/data/702733015/attachments/attyCyvzU9hPqNjyvqRQhk8o/,Not applicable,Not applicable,,,,,No,,,No,1774069966868.jpg,https://kf.kobotoolbox.org/api/v2/assets/aLP6mR6GUPYRbYEjUKj73j/data/702733015/attachments/att3s6KqewVMBU5zyUHvZrLU/,No,1774069978595.jpg,https://kf.kobotoolbox.org/api/v2/assets/aLP6mR6GUPYRbYEjUKj73j/data/702733015/attachments/attodv4KSYACdPaNsedBy9hX/,,OK,702733015,7d446478-fde8-4b69-9b70-49e84e93157e,21-03-2026 05:37,,,submitted_via_web,,vkbFwZJLxY6frYjhVP9c6i,,uuid:7d446478-fde8-4b69-9b70-49e84e93157e,Adithya,North,Hebbal Nagawara Valley,H400,,134,yes
194,21-03-2026,21-03-2026,,,"Yes, I feel safe to conduct the audit",A35,Left hand side (LHS),,,13.0141733 77.64468 824.0999755859375 2.2,13.0141733,77.64468,824.0999756,2.2,2026/03/21 10:31:00+0530,,,,,,,,,,,,,1774069311470.jpg,,,,Retaining wall intact throughout the stretch,0,There is no fence ,Reinforced Cement Concrete (RCC),1774069304488.jpg,,Not applicable ,Not applicable,,,,,Not applicable,,,,,,,,,1774069330289.jpg,https://kf.kobotoolbox.org/api/v2/assets/aLP6mR6GUPYRbYEjUKj73j/data/702732804/attachments/attvB4mRHKDPhBa8n4vzLKSU/,Not applicable,Not applicable,,,,,No,,,No,,,No,,,,OK,702732804,bc96581d-da1c-4be7-b2bf-59cbfac1ca5d,21-03-2026 05:36,,,submitted_via_web,,vkbFwZJLxY6frYjhVP9c6i,,uuid:bc96581d-da1c-4be7-b2bf-59cbfac1ca5d,Adithya,North,Hebbal Nagawara Valley,H400,,135,yes
193,21-03-2026,21-03-2026,,,"Yes, I feel safe to conduct the audit",A35,Right hand side (RHS),,,13.01461 77.64471 823.8999633789062 2.1,13.01461,77.64471,823.8999634,2.1,2026/03/21 10:25:00+0530,,,,,,,,,,,,,1774068979419.jpg,,,,Broken in some places,0,"Yes, covered only on sides",Reinforced Cement Concrete (RCC),1774068968438.jpg,,Not applicable ,Not applicable,,,,,Not applicable,,,,,,,,,,,Not applicable,Not applicable,,,,,No,,,No,,,No,1774069039722.jpg,https://kf.kobotoolbox.org/api/v2/assets/aLP6mR6GUPYRbYEjUKj73j/data/702732756/attachments/attUCXcpVjZjo9Q8ZMmZk6jj/,,OK,702732756,d4958b8a-e0e7-4e8e-bfb2-54e604f9754b,21-03-2026 05:36,,,submitted_via_web,,vkbFwZJLxY6frYjhVP9c6i,,uuid:d4958b8a-e0e7-4e8e-bfb2-54e604f9754b,Adithya,North,Hebbal Nagawara Valley,H400,,136,yes
187,21-03-2026,21-03-2026,,,"Yes, I feel safe to conduct the audit",A35,Left hand side (LHS),,,13.0152868 77.6447682 822.8999633789062 4.824,13.0152868,77.6447682,822.8999634,4.824,2026/03/21 10:07:00+0530,,,,,,,,,,,,,1774067903608.jpg,,,,Retaining wall intact throughout the stretch,3,"Yes, covered only on sides",Solid Stone Masonry (SSM),1774067891654.jpg,,"Vehicular, I can see vehicles on the bridge",Intact;  path and fence not broken ,,,,,Safe to walk (clear path),,,,,,,,,1774067956263.jpg,https://kf.kobotoolbox.org/api/v2/assets/aLP6mR6GUPYRbYEjUKj73j/data/702713187/attachments/attLPpaLexPYfYZ2qXuEd2D2/,No,0,1774068083128.jpg,,,,Yes,1774067992560.jpg,,No,1774068021082.jpg,https://kf.kobotoolbox.org/api/v2/assets/aLP6mR6GUPYRbYEjUKj73j/data/702713187/attachments/att2YYTyeNvXXzbchtnSKZjh/,No,,,,OK,702713187,42610df8-576a-44fc-82f1-3d1bed397ead,21-03-2026 04:43,,,submitted_via_web,,vkbFwZJLxY6frYjhVP9c6i,,uuid:42610df8-576a-44fc-82f1-3d1bed397ead,Adithya,North,Hebbal Nagawara Valley,H400,,137,yes
192,21-03-2026,21-03-2026,,,"Yes, I feel safe to conduct the audit",A35,Left hand side (LHS),,,13.0162467 77.64473 822.3999633789062 2.2,13.0162467,77.64473,822.3999634,2.2,2026/03/21 10:15:00+0530,,,,,,,,,,,,,1774068365555.jpg,,,,Retaining wall intact throughout the stretch,4,"Yes, covered only on sides",Solid Stone Masonry (SSM),1774068354568.jpg,,"Pedestrian, I see only people walking on the bridge",Intact;  path and fence not broken ,,,,,Safe to walk (clear path),,,,,,,,,1774068403403.jpg,https://kf.kobotoolbox.org/api/v2/assets/aLP6mR6GUPYRbYEjUKj73j/data/702732734/attachments/attLT4aGW35ZH6rhCxkZ8v8V/,No,0,1774068419631.jpg,,,,No,,,Yes,1774068515112.jpg,https://kf.kobotoolbox.org/api/v2/assets/aLP6mR6GUPYRbYEjUKj73j/data/702732734/attachments/attVEoJqyMsPhScoDekKryo7/,No,,,,OK,702732734,7f9d6ee0-a07c-4ea8-a2a3-f1343cb5c7b3,21-03-2026 05:36,,,submitted_via_web,,vkbFwZJLxY6frYjhVP9c6i,,uuid:7f9d6ee0-a07c-4ea8-a2a3-f1343cb5c7b3,Adithya,North,Hebbal Nagawara Valley,H400,,138,yes
186,21-03-2026,21-03-2026,,,"Yes, I feel safe to conduct the audit",A35,Right hand side (RHS),,,13.0164271 77.6448796 822.3999633789062 4.824,13.0164271,77.6448796,822.3999634,4.824,2026/03/21 09:55:00+0530,,,,,,,,,,,,,1774067154698.jpg,,,,Retaining wall intact throughout the stretch,4,"Yes, covered only on sides",Solid Stone Masonry (SSM),1774067137069.jpg,,"Pedestrian, I see only people walking on the bridge",Intact;  path and fence not broken ,,,,,Safe to walk (clear path),,,,,,,,,1774067232910.jpg,https://kf.kobotoolbox.org/api/v2/assets/aLP6mR6GUPYRbYEjUKj73j/data/702713022/attachments/att2uLFyENCECbRRySt8e6Pm/,No,0,1774067277033.jpg,,,,No,,,Yes,1774067341949.jpg,https://kf.kobotoolbox.org/api/v2/assets/aLP6mR6GUPYRbYEjUKj73j/data/702713022/attachments/attNHDorpXX247TveaCiVSJR/,No,,,,OK,702713022,68c6b27b-5f03-4f86-ae60-655c2946dbf8,21-03-2026 04:42,,,submitted_via_web,,vkbFwZJLxY6frYjhVP9c6i,,uuid:68c6b27b-5f03-4f86-ae60-655c2946dbf8,Adithya,North,Hebbal Nagawara Valley,H400,,139,yes
191,21-03-2026,21-03-2026,,,"Yes, I feel safe to conduct the audit",A35,Left hand side (LHS),,,13.0172983 77.6448467 822.0 2.2,13.0172983,77.6448467,822,2.2,2026/03/21 10:03:00+0530,,,,,,,,,,,,,1774067624259.jpg,,,,Retaining wall intact throughout the stretch,4,"Yes, covered only on sides",Solid Stone Masonry (SSM),1774067614530.jpg,,Not applicable ,Not applicable,,,,,Not applicable,,,,,,,,,,,Not applicable,Not applicable,,,,,No,,,Yes,1774067689576.jpg,https://kf.kobotoolbox.org/api/v2/assets/aLP6mR6GUPYRbYEjUKj73j/data/702732659/attachments/att4TjbzSs57sdVkEVXttDsW/,No,,,,OK,702732659,0bf313a8-d801-4d0b-9204-21ebb23a7728,21-03-2026 05:35,,,submitted_via_web,,vkbFwZJLxY6frYjhVP9c6i,,uuid:0bf313a8-d801-4d0b-9204-21ebb23a7728,Adithya,North,Hebbal Nagawara Valley,H400,,140,yes
185,21-03-2026,21-03-2026,,,"Yes, I feel safe to conduct the audit",A35,Right hand side (RHS),,,13.0178927 77.6448907 822.5 4.288,13.0178927,77.6448907,822.5,4.288,2026/03/21 09:46:00+0530,,,,,,,,,,,,,1774066683563.jpg,,,,Broken in some places,3,"Yes, covered only on sides",Solid Stone Masonry (SSM),1774066668365.jpg,,"Vehicular, I can see vehicles on the bridge",Intact;  path and fence not broken ,,,,,Safe to walk (clear path),,,,,,,,,1774066718970.jpg,https://kf.kobotoolbox.org/api/v2/assets/aLP6mR6GUPYRbYEjUKj73j/data/702705754/attachments/attpmh3BkE8CgNq5Rh8iP5z2/,No,0,1774066737987.jpg,,,,Yes,1774066755659.jpg,,No,1774066796318.jpg,https://kf.kobotoolbox.org/api/v2/assets/aLP6mR6GUPYRbYEjUKj73j/data/702705754/attachments/attPTsYBpGJNwSNJsMnGCYw8/,No,,,,OK,702705754,4c6a78fe-0d6f-4e65-90ed-0ee66a93c9db,21-03-2026 04:22,,,submitted_via_web,,vkbFwZJLxY6frYjhVP9c6i,,uuid:4c6a78fe-0d6f-4e65-90ed-0ee66a93c9db,Adithya,North,Hebbal Nagawara Valley,H400,,141,yes
190,21-03-2026,21-03-2026,,,"Yes, I feel safe to conduct the audit",A35,Left hand side (LHS),,,13.0179753 77.6449588 822.5 2.92,13.0179753,77.6449588,822.5,2.92,2026/03/21 09:52:00+0530,,,,,,,,,,,,,1774066965796.jpg,,,,Retaining wall intact throughout the stretch,4,"Yes, covered only on sides",Solid Stone Masonry (SSM),1774066958107.jpg,,"Pedestrian, I see only people walking on the bridge",Intact;  path and fence not broken ,,,,,Safe to walk (clear path),,,,,,,,,1774066995413.jpg,https://kf.kobotoolbox.org/api/v2/assets/aLP6mR6GUPYRbYEjUKj73j/data/702732599/attachments/attcfFdMN8Wq744r99okAiGY/,No,0,1774067013137.jpg,,,,No,,,No,1774067079491.jpg,https://kf.kobotoolbox.org/api/v2/assets/aLP6mR6GUPYRbYEjUKj73j/data/702732599/attachments/attxxaDBU2fJbmGpBRWQHjSH/,No,,,,OK,702732599,841ccb85-fb02-4b06-a704-727a79003017,21-03-2026 05:35,,,submitted_via_web,,vkbFwZJLxY6frYjhVP9c6i,,uuid:841ccb85-fb02-4b06-a704-727a79003017,Adithya,North,Hebbal Nagawara Valley,H400,,142,yes
184,21-03-2026,21-03-2026,,,"Yes, I feel safe to conduct the audit",A35,Right hand side (RHS),,,13.0195944 77.6450534 821.2999877929688 3.859,13.0195944,77.6450534,821.2999878,3.859,2026/03/21 09:39:00+0530,,,,,,,,,,,,,1774066250203.jpg,,,,Retaining wall intact throughout the stretch,3,"Yes, covered only on sides",Solid Stone Masonry (SSM),1774066231531.jpg,,"Pedestrian, I see only people walking on the bridge",Broken wall/fence,,,,,Safe to walk (clear path),,,,,,,,,1774066294798.jpg,https://kf.kobotoolbox.org/api/v2/assets/aLP6mR6GUPYRbYEjUKj73j/data/702702953/attachments/attGAv2ZackRXycyVmkNxK5q/,No,0,1774066319891.jpg,,,,Yes,1774066351072.jpg,,No,,,No,,,,OK,702702953,466a937e-926b-4004-8baa-ffdc56b83e6f,21-03-2026 04:13,,,submitted_via_web,,vkbFwZJLxY6frYjhVP9c6i,,uuid:466a937e-926b-4004-8baa-ffdc56b83e6f,Adithya,North,Hebbal Nagawara Valley,H400,,143,yes
189,21-03-2026,21-03-2026,,,"Yes, I feel safe to conduct the audit",A35,Left hand side (LHS),,,13.0205365 77.6449894 820.2000122070312 4.6,13.0205365,77.6449894,820.2000122,4.6,2026/03/21 09:41:00+0530,,,,,,,,,,,,,,,,,Retaining wall intact throughout the stretch,4,"Yes, covered only on sides",Solid Stone Masonry (SSM),1774066321117.jpg,,"Pedestrian, I see only people walking on the bridge",Intact;  path and fence not broken ,,,,,Safe to walk (clear path),,,,,,,,,1774066341664.jpg,https://kf.kobotoolbox.org/api/v2/assets/aLP6mR6GUPYRbYEjUKj73j/data/702732521/attachments/attvJ9EPxRryECdSMD55sizz/,No,0,1774066352679.jpg,,,,No,,,Yes,1774066387786.jpg,https://kf.kobotoolbox.org/api/v2/assets/aLP6mR6GUPYRbYEjUKj73j/data/702732521/attachments/atteonrfcSkYuf3TF6HWVEZf/,No,,,,OK,702732521,fcbdf0c7-dcca-43dc-bb37-ba15ae08a613,21-03-2026 05:35,,,submitted_via_web,,vkbFwZJLxY6frYjhVP9c6i,,uuid:fcbdf0c7-dcca-43dc-bb37-ba15ae08a613,Adithya,North,Hebbal Nagawara Valley,H400,,144,yes
183,21-03-2026,21-03-2026,,,"Yes, I feel safe to conduct the audit",A35,Right hand side (RHS),,,13.0214671 77.6451504 819.5999755859375 3.752,13.0214671,77.6451504,819.5999756,3.752,2026/03/21 09:30:00+0530,,,,,,,,,,,,,1774065826634.jpg,,,,Retaining wall intact throughout the stretch,3,"Yes, covered only on sides",Solid Stone Masonry (SSM),1774065798715.jpg,,Not applicable ,Not applicable,,,,,Not applicable,,,,,,,,,1774065873615.jpg,https://kf.kobotoolbox.org/api/v2/assets/aLP6mR6GUPYRbYEjUKj73j/data/702700430/attachments/attixoiu3r6WVHiaahsD4uXj/,Not applicable,Not applicable,,,,,No,,,No,,,No,,,,OK,702700430,f929f287-a569-496a-91d3-06c53661b971,21-03-2026 04:05,,,submitted_via_web,,vkbFwZJLxY6frYjhVP9c6i,,uuid:f929f287-a569-496a-91d3-06c53661b971,Adithya,North,Hebbal Nagawara Valley,H400,,145,yes
188,21-03-2026,21-03-2026,,,"Yes, I feel safe to conduct the audit",A35,Left hand side (LHS),,,13.0225702 77.645049 818.8999633789062 5.932,13.0225702,77.645049,818.8999634,5.932,2026/03/21 09:29:00+0530,,,,,,,,,,,,,1774065639218.jpg,,,,Retaining wall intact throughout the stretch,5,"Yes, covered only on sides",Solid Stone Masonry (SSM),1774065623899.jpg,,"Pedestrian, I see only people walking on the bridge",Intact;  path and fence not broken ,,,,,Safe to walk (clear path),,,,,,,,,1774065720784.jpg,https://kf.kobotoolbox.org/api/v2/assets/aLP6mR6GUPYRbYEjUKj73j/data/702732427/attachments/attxTCTTAvpZdVFh9HXP5Euz/,No,0,1774065737782.jpg,,,,Yes,1774065773010.jpg,,No,,,No,,,,OK,702732427,563c3d72-56db-4a0e-a727-a9df0280d80c,21-03-2026 05:35,,,submitted_via_web,,vkbFwZJLxY6frYjhVP9c6i,,uuid:563c3d72-56db-4a0e-a727-a9df0280d80c,Adithya,North,Hebbal Nagawara Valley,H400,,146,yes
182,21-03-2026,21-03-2026,,,"Yes, I feel safe to conduct the audit",A35,Right hand side (RHS),,,13.0231261 77.6450903 818.7000122070312 4.716,13.0231261,77.6450903,818.7000122,4.716,2026/03/21 09:20:00+0530,,,,,,,,,,,,,1774065240164.jpg,,,,Retaining wall intact throughout the stretch,3,"Yes, covered only on sides",Solid Stone Masonry (SSM),1774065214236.jpg,,"Vehicular, I can see vehicles on the bridge",Broken wall/fence,,,,,Safe to walk (clear path),,,,,,,,,1774065346468.jpg,https://kf.kobotoolbox.org/api/v2/assets/aLP6mR6GUPYRbYEjUKj73j/data/702697275/attachments/attpTqqGXdSpSSDgRKwH7s9Q/,No,0,1774065375105.jpg,,,,No,1774065433532.jpg,,Yes,1774065443624.jpg,https://kf.kobotoolbox.org/api/v2/assets/aLP6mR6GUPYRbYEjUKj73j/data/702697275/attachments/attnmgzeh6KcfuXXCVFMfDX3/,No,1774065457974.jpg,https://kf.kobotoolbox.org/api/v2/assets/aLP6mR6GUPYRbYEjUKj73j/data/702697275/attachments/att5ZAVFbSTD7U66caybJYMc/,,OK,702697275,c85e549a-2f9e-462f-9506-a8b0b52d2e04,21-03-2026 03:58,,,submitted_via_web,,vkbFwZJLxY6frYjhVP9c6i,,uuid:c85e549a-2f9e-462f-9506-a8b0b52d2e04,Adithya,North,Hebbal Nagawara Valley,H400,,147,yes
230,19-04-2026,19-04-2026,,,"Yes, I feel safe to conduct the audit",A35,Left hand side (LHS),,,13.0239031 77.6451512 822.0 2.275,13.0239031,77.6451512,822,2.275,2026/04/19 10:03:00+0530,,,,,,,,,,,,,1776573267185.jpg,https://kf.kobotoolbox.org/api/v2/assets/aLP6mR6GUPYRbYEjUKj73j/data/729180174/attachments/attNuYceACxZNBDmYUkcAizB/,,,Retaining wall intact throughout the stretch,0,"Yes, covered only on sides",Reinforced Cement Concrete (RCC),1776573257738.jpg,https://kf.kobotoolbox.org/api/v2/assets/aLP6mR6GUPYRbYEjUKj73j/data/729180174/attachments/att5TPm8Xjm7fSgCUcYWyQ8y/,Not applicable ,Not applicable,,,,,Not applicable,,,,,,,,,,,Not applicable,Not applicable,,,,,No,,,No,1776573338290.jpg,,Cannot see,1776573353427.jpg,,,OK,729180174,d49fc708-01d3-445d-867e-a04686efb7e6,19-04-2026 06:11,,,submitted_via_web,,vkbFwZJLxY6frYjhVP9c6i,,uuid:d49fc708-01d3-445d-867e-a04686efb7e6,Adithya,East,Hebbal Nagawara Valley,H400,,148,yes
231,19-04-2026,19-04-2026,,,"Yes, I feel safe to conduct the audit",A35,Left hand side (LHS),,,13.0245772 77.6452882 817.2999877929688 3.0,13.0245772,77.6452882,817.2999878,3,2026/04/19 10:16:00+0530,,,,,,,,,,,,,1776574036409.jpg,https://kf.kobotoolbox.org/api/v2/assets/aLP6mR6GUPYRbYEjUKj73j/data/729180371/attachments/attftVnJXovskhKzAgGWZgmQ/,,,Broken in some places,3,"Yes, covered only on sides",Reinforced Cement Concrete (RCC),1776574028411.jpg,https://kf.kobotoolbox.org/api/v2/assets/aLP6mR6GUPYRbYEjUKj73j/data/729180371/attachments/attwgfxwnpijPyHiEYdAZqEQ/,Not applicable ,Not applicable,,,,,Not applicable,,,,,,,,,,,Not applicable,Not applicable,,,,,No,,,No,,,No,,,,OK,729180371,eeee8587-f949-49b7-adfc-a13ab150890b,19-04-2026 06:11,,,submitted_via_web,,vkbFwZJLxY6frYjhVP9c6i,,uuid:eeee8587-f949-49b7-adfc-a13ab150890b,Adithya,East,Hebbal Nagawara Valley,H400,,149,yes
232,19-04-2026,19-04-2026,,,"Yes, I feel safe to conduct the audit",A35,Left hand side (LHS),,,13.0257483 77.6445667 817.2000122070312 1.5,13.0257483,77.6445667,817.2000122,1.5,2026/04/19 10:37:00+0530,,,,,,,,,,,,,1776575324474.jpg,https://kf.kobotoolbox.org/api/v2/assets/aLP6mR6GUPYRbYEjUKj73j/data/729180575/attachments/attR2yvNm9ZMpwEwtk2RSeFC/,,,Retaining wall intact throughout the stretch,3,"Yes, covered only on sides",Reinforced Cement Concrete (RCC),1776575295246.jpg,https://kf.kobotoolbox.org/api/v2/assets/aLP6mR6GUPYRbYEjUKj73j/data/729180575/attachments/attAuBZMo3jeMXpG5wEqSUUk/,Not applicable ,Not applicable,,,,,Not applicable,,,,,,,,,,,Not applicable,Not applicable,,,,,No,,,No,,,No,1776575446524.jpg,,,OK,729180575,09743be6-1c56-4e68-a049-c5d4f60e4350,19-04-2026 06:12,,,submitted_via_web,,vkbFwZJLxY6frYjhVP9c6i,,uuid:09743be6-1c56-4e68-a049-c5d4f60e4350,Adithya,East,Hebbal Nagawara Valley,H400,,150,yes
354,09-05-2026,09-05-2026,,,"Yes, I feel safe to conduct the audit",A35,Right hand side (RHS),,,13.0260359 77.6443697 817.0999755859375 2.325,13.0260359,77.6443697,817.0999756,2.325,2026/05/09 10:06:00+0530,,,,,,,,,,,,,1778301453194.jpg,https://kf.kobotoolbox.org/api/v2/assets/aLP6mR6GUPYRbYEjUKj73j/data/747067898/attachments/attntHkr8YV2NPhUgo67Xrqz/,,,Retaining wall intact throughout the stretch,0,"Yes, covered only on sides",Reinforced Cement Concrete (RCC),1778301446367.jpg,https://kf.kobotoolbox.org/api/v2/assets/aLP6mR6GUPYRbYEjUKj73j/data/747067898/attachments/attRCfXPZT8j4LAaaRHkbQLU/,"Pedestrian, I see only people walking on the bridge",Intact;  path and fence not broken ,,,,,Safe to walk (clear path),,,,,,,,,1778301471928.jpg,https://kf.kobotoolbox.org/api/v2/assets/aLP6mR6GUPYRbYEjUKj73j/data/747067898/attachments/attfoNd62ntManc3fWsfieNZ/,No,0,1778301495151.jpg,,https://kf.kobotoolbox.org/api/v2/assets/aLP6mR6GUPYRbYEjUKj73j/data/747067898/attachments/attP7JeQkztTf68bN3RmXK8f/,,No,,,No,,,No,,,,OK,747067898,d5c4fdee-0908-4bfb-a249-88b16c8e4b10,09-05-2026 05:58,,,submitted_via_web,,vkbFwZJLxY6frYjhVP9c6i,,uuid:d5c4fdee-0908-4bfb-a249-88b16c8e4b10,Adithya,East,Hebbal Nagawara Valley,H400,,151,yes
353,09-05-2026,09-05-2026,,,"Yes, I feel safe to conduct the audit",A35,Right hand side (RHS),,,13.0270783 77.6440117 816.5 2.1,13.0270783,77.6440117,816.5,2.1,2026/05/09 10:03:00+0530,,,,,,,,,,,,,1778301231991.jpg,https://kf.kobotoolbox.org/api/v2/assets/aLP6mR6GUPYRbYEjUKj73j/data/747067718/attachments/att3A7KQ6RkZkTW27pLF73d9/,,,Retaining wall intact throughout the stretch,1,"Yes, covered only on sides",Reinforced Cement Concrete (RCC),1778301221032.jpg,https://kf.kobotoolbox.org/api/v2/assets/aLP6mR6GUPYRbYEjUKj73j/data/747067718/attachments/attnJtWJPydVsJEPoCssUVDJ/,Not applicable ,Not applicable,,,,,Not applicable,,,,,,,,,,,Not applicable,0,,,,,No,,,No,,,No,,,,OK,747067718,6ad0528c-63f3-4a2d-b892-a940a9f0afaf,09-05-2026 05:57,,,submitted_via_web,,vkbFwZJLxY6frYjhVP9c6i,,uuid:6ad0528c-63f3-4a2d-b892-a940a9f0afaf,Adithya,East,Hebbal Nagawara Valley,H400,,152,yes
233,19-04-2026,19-04-2026,,,"Yes, I feel safe to conduct the audit",A35,Left hand side (LHS),,,13.0271491 77.643793 816.5 2.35,13.0271491,77.643793,816.5,2.35,2026/04/19 10:54:00+0530,,,,,,,,,,,,,1776576302708.jpg,https://kf.kobotoolbox.org/api/v2/assets/aLP6mR6GUPYRbYEjUKj73j/data/729180636/attachments/attbGiE8YikVfMiwfiyyQUTK/,,,Broken in some places,1,There is no fence ,Reinforced Cement Concrete (RCC),1776576294643.jpg,https://kf.kobotoolbox.org/api/v2/assets/aLP6mR6GUPYRbYEjUKj73j/data/729180636/attachments/att2YXUtS93DR5LfLc8wnbA3/,Not applicable ,Not applicable,,,,,Not applicable,,,,,,,,,,,Not applicable,Not applicable,,,,,No,,,Yes,1776576398090.jpg,,No,,,,OK,729180636,40eb2b27-7117-4045-b30e-ebcee9f3cf40,19-04-2026 06:12,,,submitted_via_web,,vkbFwZJLxY6frYjhVP9c6i,,uuid:40eb2b27-7117-4045-b30e-ebcee9f3cf40,Adithya,East,Hebbal Nagawara Valley,H400,,153,yes
234,19-04-2026,19-04-2026,,,"Yes, I feel safe to conduct the audit",A35,Left hand side (LHS),,,13.02786 77.6433433 817.0999755859375 5.3,13.02786,77.6433433,817.0999756,5.3,2026/04/19 11:02:00+0530,,,,,,,,,,,,,1776576780234.jpg,https://kf.kobotoolbox.org/api/v2/assets/aLP6mR6GUPYRbYEjUKj73j/data/729180763/attachments/attCqdzSaG5gDSNrz7VpnkRu/,,,Retaining wall intact throughout the stretch,1,"Yes, covered only on sides",Reinforced Cement Concrete (RCC),1776576771853.jpg,https://kf.kobotoolbox.org/api/v2/assets/aLP6mR6GUPYRbYEjUKj73j/data/729180763/attachments/attfh9djxhn8VU3vpY8kqCbL/,Not applicable ,Not applicable,,,,,Not applicable,,,,,,,,,,,Not applicable,Not applicable,,,,,Yes,1776576804818.jpg,,Yes,1776576815187.jpg,,Yes,1776576836129.jpg,,,OK,729180763,d1706a07-c8d4-4651-bb3d-c38b9bc76825,19-04-2026 06:12,,,submitted_via_web,,vkbFwZJLxY6frYjhVP9c6i,,uuid:d1706a07-c8d4-4651-bb3d-c38b9bc76825,Adithya,East,Hebbal Nagawara Valley,H400,,154,yes
352,09-05-2026,09-05-2026,,,"Yes, I feel safe to conduct the audit",A35,Right hand side (RHS),,,13.0279644 77.6434384 817.3999633789062 3.667,13.0279644,77.6434384,817.3999634,3.667,2026/05/09 09:50:00+0530,,,,,,,,,,,,,1778300500503.jpg,https://kf.kobotoolbox.org/api/v2/assets/aLP6mR6GUPYRbYEjUKj73j/data/747067274/attachments/attvswVenpcvjf4dqYRo3Yib/,,,Retaining wall intact throughout the stretch,1,"Yes, covered only on sides",Reinforced Cement Concrete (RCC),1778300486253.jpg,https://kf.kobotoolbox.org/api/v2/assets/aLP6mR6GUPYRbYEjUKj73j/data/747067274/attachments/attstjtioGntyx4UA3ZWe2bT/,Not applicable ,Not applicable,,,,,Not applicable,,,,,,,,,,,Not applicable,0,,,,,Yes,1778300529378.jpg,https://kf.kobotoolbox.org/api/v2/assets/aLP6mR6GUPYRbYEjUKj73j/data/747067274/attachments/attr3J4baidnqnv79noTBs4u/,Yes,1778300553051.jpg,https://kf.kobotoolbox.org/api/v2/assets/aLP6mR6GUPYRbYEjUKj73j/data/747067274/attachments/attTTC5gTbKCZvqNtSAPGWM4/,Yes,1778300565477.jpg,https://kf.kobotoolbox.org/api/v2/assets/aLP6mR6GUPYRbYEjUKj73j/data/747067274/attachments/att9gUBCxwqTiYeBPnpCVnkP/,,OK,747067274,2f5fda0d-30a0-42a5-94a0-d4d6271d1d24,09-05-2026 05:57,,,submitted_via_web,,vkbFwZJLxY6frYjhVP9c6i,,uuid:2f5fda0d-30a0-42a5-94a0-d4d6271d1d24,Adithya,East,Hebbal Nagawara Valley,H400,,155,yes
344,09-05-2026,09-05-2026,,,"Yes, I feel safe to conduct the audit",A35,Left hand side (LHS),,,13.02894394 77.64299813 889.0177807857 38.786,13.02894394,77.64299813,889.0177808,38.786,,,,,,,,,,,,,,1778294539217.jpg,https://kf.kobotoolbox.org/api/v2/assets/aLP6mR6GUPYRbYEjUKj73j/data/747012135/attachments/attELHrew9JYNxwjFKBZwNJZ/,,,Retaining wall intact throughout the stretch,0,"Yes, covered only on sides",Reinforced Cement Concrete (RCC),1778294494362.jpg,https://kf.kobotoolbox.org/api/v2/assets/aLP6mR6GUPYRbYEjUKj73j/data/747012135/attachments/attjBKnCv8QrXEy5Xus7ULzV/,"Vehicular, I can see vehicles on the bridge",Intact;  path and fence not broken ,,,,,Safe to walk (clear path),,,,,,,,,1778294658684.jpg,https://kf.kobotoolbox.org/api/v2/assets/aLP6mR6GUPYRbYEjUKj73j/data/747012135/attachments/attqgnrbxeKzZr38WDUzdH9Y/,No,0,1778294725595.jpg,,https://kf.kobotoolbox.org/api/v2/assets/aLP6mR6GUPYRbYEjUKj73j/data/747012135/attachments/atthKiWzkruDTCBaAmR5axQo/,,Yes,1778294782867.jpg,https://kf.kobotoolbox.org/api/v2/assets/aLP6mR6GUPYRbYEjUKj73j/data/747012135/attachments/attcHpNHVayDywesGdC662Xj/,No,1778294808175.jpg,https://kf.kobotoolbox.org/api/v2/assets/aLP6mR6GUPYRbYEjUKj73j/data/747012135/attachments/attU8x4soSUdSP6GLDz2mX7U/,No,,,,OK,747012135,e226099a-45df-4e34-a4b0-4247243265f0,09-05-2026 03:07,,,submitted_via_web,,vkbFwZJLxY6frYjhVP9c6i,,uuid:e226099a-45df-4e34-a4b0-4247243265f0,Adithya,East,Hebbal Nagawara Valley,H400,,156,yes
345,09-05-2026,09-05-2026,,,"Yes, I feel safe to conduct the audit",A35,Right hand side (RHS),,,13.0297647 77.6441925 815.5 3.79,13.0297647,77.6441925,815.5,3.79,2026/05/09 08:22:00+0530,,,,,,,,,,,,,1778295301525.jpg,https://kf.kobotoolbox.org/api/v2/assets/aLP6mR6GUPYRbYEjUKj73j/data/747036730/attachments/attRzA46iqCfwVcHkhRT8awB/,,,Retaining wall intact throughout the stretch,2,"Yes, covered only on sides",Reinforced Cement Concrete (RCC),1778295291630.jpg,https://kf.kobotoolbox.org/api/v2/assets/aLP6mR6GUPYRbYEjUKj73j/data/747036730/attachments/attVasYRojAFvTvAEhgkWGuw/,Not applicable ,Not applicable,,,,,Not applicable,,,,,,,,,,,Not applicable,0,,,,,No,,,No,,,Yes,1778295351514.jpg,https://kf.kobotoolbox.org/api/v2/assets/aLP6mR6GUPYRbYEjUKj73j/data/747036730/attachments/att6uDQY7BSYHGu9w9QDHuFN/,,OK,747036730,43a4b4f9-0615-4055-8e11-73dc7af66678,09-05-2026 04:39,,,submitted_via_web,,vkbFwZJLxY6frYjhVP9c6i,,uuid:43a4b4f9-0615-4055-8e11-73dc7af66678,Adithya,East,Hebbal Nagawara Valley,H400,,157,yes
346,09-05-2026,09-05-2026,,,"Yes, I feel safe to conduct the audit",A35,Right hand side (RHS),,,13.02930498 77.64517211 887.9879507446 40.361,13.029774,77.645212,887.9879507,40.361,,,,,,,,,,,,,,1778296176039.jpg,https://kf.kobotoolbox.org/api/v2/assets/aLP6mR6GUPYRbYEjUKj73j/data/747017324/attachments/attqUy7KHqfpfVCgLWvyhzpi/,,,Retaining wall intact throughout the stretch,5,"Yes, covered only on sides",Reinforced Cement Concrete (RCC),1778296135995.jpg,https://kf.kobotoolbox.org/api/v2/assets/aLP6mR6GUPYRbYEjUKj73j/data/747017324/attachments/attmFz9N9jR8wQNCcdbKJWsh/,Not applicable ,Not applicable,,,,,Not applicable,,,,,,,,,1778296197392.jpg,https://kf.kobotoolbox.org/api/v2/assets/aLP6mR6GUPYRbYEjUKj73j/data/747017324/attachments/attu3oiQmuXSiivsGY54sh4H/,Not applicable,0,1778296214112.jpg,,https://kf.kobotoolbox.org/api/v2/assets/aLP6mR6GUPYRbYEjUKj73j/data/747017324/attachments/attnzYvkUUFS3aYAufGpQqa5/,,Yes,1778296254370.jpg,https://kf.kobotoolbox.org/api/v2/assets/aLP6mR6GUPYRbYEjUKj73j/data/747017324/attachments/attrX8jcSNEsBygkdGa5fxZF/,No,1778296264978.jpg,https://kf.kobotoolbox.org/api/v2/assets/aLP6mR6GUPYRbYEjUKj73j/data/747017324/attachments/attfxrBnMYTSDnN7UQBRjXxp/,Yes,1778296273187.jpg,https://kf.kobotoolbox.org/api/v2/assets/aLP6mR6GUPYRbYEjUKj73j/data/747017324/attachments/attNjZtAFNy5o45KKPpMcoaD/,,OK,747017324,e1042cfc-6ff2-4624-8f9c-a65594d1bea4,09-05-2026 03:30,,,submitted_via_web,,vkbFwZJLxY6frYjhVP9c6i,,uuid:e1042cfc-6ff2-4624-8f9c-a65594d1bea4,Adithya,East,Hebbal Nagawara Valley,H400,,158,yes
347,09-05-2026,09-05-2026,,,"Yes, I feel safe to conduct the audit",A35,Right hand side (RHS),,,13.0306637 77.6455338 812.3999633789062 28.844,13.0306637,77.6455338,812.3999634,28.844,2026/05/09 08:51:00+0530,,,,,,,,,,,,,1778296997793.jpg,https://kf.kobotoolbox.org/api/v2/assets/aLP6mR6GUPYRbYEjUKj73j/data/747066848/attachments/atttLkEGeeNTu9njxMfDKNZ3/,,,Retaining wall intact throughout the stretch,4,"Yes, covered only on sides",Reinforced Cement Concrete (RCC),1778296984855.jpg,https://kf.kobotoolbox.org/api/v2/assets/aLP6mR6GUPYRbYEjUKj73j/data/747066848/attachments/attYNq5jJbxzP2bEYEKGwLMN/,Not applicable ,Not applicable,,,,,Not applicable,,,,,,,,,1778297024036.jpg,https://kf.kobotoolbox.org/api/v2/assets/aLP6mR6GUPYRbYEjUKj73j/data/747066848/attachments/attbFQtvT9mCi5PXxHR4yn4a/,Not applicable,0,,,,,No,,,No,1778297062788.jpg,https://kf.kobotoolbox.org/api/v2/assets/aLP6mR6GUPYRbYEjUKj73j/data/747066848/attachments/atta8ePDkWAhtjnEGTt7rHeU/,Yes,1778297070317.jpg,https://kf.kobotoolbox.org/api/v2/assets/aLP6mR6GUPYRbYEjUKj73j/data/747066848/attachments/att5ejv3xtgZD2LQFWQTawNR/,,OK,747066848,8a8b5806-a161-42dd-ada0-3e3581b03b39,09-05-2026 05:56,,,submitted_via_web,,vkbFwZJLxY6frYjhVP9c6i,,uuid:8a8b5806-a161-42dd-ada0-3e3581b03b39,Adithya,East,Hebbal Nagawara Valley,H400,,159,yes
348,2026-05-09T09:02:25.298+0530:00,2026-05-09T09:04:33.788+0530:00,,,"Yes, I feel safe to conduct the audit",A35,Right hand side (RHS),,,13.03125745 77.64585340 884.8330929565 44.012,13.031416,77.645589,884.833093,44.012,,,,,,,,,,,,,,1778297593057.jpg,https://kf.kobotoolbox.org/api/v2/assets/aLP6mR6GUPYRbYEjUKj73j/data/747034976/attachments/attwWsVorVmaPH4H5ksqUChU/,,,Retaining wall intact throughout the stretch,5,"Yes, covered on sides and top",Reinforced Cement Concrete (RCC),1778297583025.jpg,https://kf.kobotoolbox.org/api/v2/assets/aLP6mR6GUPYRbYEjUKj73j/data/747034976/attachments/attoh5qQMBB97gQTA7duSndy/,Not applicable ,Not applicable,,,,,Not applicable,,,,,,,,,1778297606875.jpg,https://kf.kobotoolbox.org/api/v2/assets/aLP6mR6GUPYRbYEjUKj73j/data/747034976/attachments/attPDq9uLcvy6gKzJY5pZfgU/,Not applicable,0,1778297619416.jpg,,https://kf.kobotoolbox.org/api/v2/assets/aLP6mR6GUPYRbYEjUKj73j/data/747034976/attachments/att7NcZwhvz2boMLdjRpyN2A/,,Yes,1778297644489.jpg,https://kf.kobotoolbox.org/api/v2/assets/aLP6mR6GUPYRbYEjUKj73j/data/747034976/attachments/att8ums6T34Lweew5zBHKgdg/,No,,,Yes,1778297663841.jpg,https://kf.kobotoolbox.org/api/v2/assets/aLP6mR6GUPYRbYEjUKj73j/data/747034976/attachments/attE7mgs9f6pjGrt3JvQcBGg/,,OK,747034976,b38ec339-e31a-474f-b20d-ce90e9cdb476,2026-05-09T04:33:45,,,submitted_via_web,,vkbFwZJLxY6frYjhVP9c6i,,uuid:b38ec339-e31a-474f-b20d-ce90e9cdb476,Adithya,East,Hebbal Nagawara Valley,H400,,160,yes
351,09-05-2026,09-05-2026,,,"Yes, I feel safe to conduct the audit",A35,Left hand side (LHS),,,13.0320867 77.6453283 811.5999755859375 2.3,13.0320867,77.6453283,811.5999756,2.3,2026/05/09 09:21:00+0530,,,,,,,,,,,,,1778298730879.jpg,https://kf.kobotoolbox.org/api/v2/assets/aLP6mR6GUPYRbYEjUKj73j/data/747067169/attachments/attz6sHjAVi3zvVutFyzdpbk/,,,Retaining wall intact throughout the stretch,3,"Yes, covered only on sides",Reinforced Cement Concrete (RCC),1778298723103.jpg,https://kf.kobotoolbox.org/api/v2/assets/aLP6mR6GUPYRbYEjUKj73j/data/747067169/attachments/attdDiy9SEWEwXnux6yfCSoa/,Not applicable ,Not applicable,,,,,Not applicable,,,,,,,,,,,Not applicable,0,,,,,No,,,Yes,1778298769552.jpg,https://kf.kobotoolbox.org/api/v2/assets/aLP6mR6GUPYRbYEjUKj73j/data/747067169/attachments/att24u8kTeu97HqwRNg7oaVx/,Yes,1778298778824.jpg,https://kf.kobotoolbox.org/api/v2/assets/aLP6mR6GUPYRbYEjUKj73j/data/747067169/attachments/attygnDdDveJXeRTfzkUpiH9/,,OK,747067169,0122df77-4605-456d-8d7d-173747fc63a6,09-05-2026 05:56,,,submitted_via_web,,vkbFwZJLxY6frYjhVP9c6i,,uuid:0122df77-4605-456d-8d7d-173747fc63a6,Adithya,East,Hebbal Nagawara Valley,H400,,161,yes
349,09-05-2026,09-05-2026,,,"Yes, I feel safe to conduct the audit",A35,Right hand side (RHS),,,13.0325867 77.645615 811.0 2.0,13.0325867,77.645615,811,2,2026/05/09 09:14:00+0530,,,,,,,,,,,,,1778298306160.jpg,https://kf.kobotoolbox.org/api/v2/assets/aLP6mR6GUPYRbYEjUKj73j/data/747067039/attachments/attBkzoM7NqGHYcgmpKfqdcg/,,,Retaining wall intact throughout the stretch,2,"Yes, covered only on sides",Reinforced Cement Concrete (RCC),1778298297517.jpg,https://kf.kobotoolbox.org/api/v2/assets/aLP6mR6GUPYRbYEjUKj73j/data/747067039/attachments/atteBFFjZzByQKxT5hMhxDvg/,"Vehicular, I can see vehicles on the bridge",Intact;  path and fence not broken ,,,,,Safe to walk (clear path),,,,,,,,,1778298357698.jpg,https://kf.kobotoolbox.org/api/v2/assets/aLP6mR6GUPYRbYEjUKj73j/data/747067039/attachments/attKKcZtWmPyJhBvUNvXPLgC/,No,0,1778298381001.jpg,,https://kf.kobotoolbox.org/api/v2/assets/aLP6mR6GUPYRbYEjUKj73j/data/747067039/attachments/attfoPYKWeHNBq22j57CVRWF/,,Yes,1778298399726.jpg,https://kf.kobotoolbox.org/api/v2/assets/aLP6mR6GUPYRbYEjUKj73j/data/747067039/attachments/attq2bLwvCMZ8WkH49bVfpAv/,Yes,1778298414059.jpg,https://kf.kobotoolbox.org/api/v2/assets/aLP6mR6GUPYRbYEjUKj73j/data/747067039/attachments/attsRA3duv4TyKSKFnMYS2vU/,Yes,1778298425319.jpg,https://kf.kobotoolbox.org/api/v2/assets/aLP6mR6GUPYRbYEjUKj73j/data/747067039/attachments/attjvyBmBXYGu7D9eAnMBVV8/,,OK,747067039,cdd059bb-2509-4d51-a253-55603dcd8137,09-05-2026 05:56,,,submitted_via_web,,vkbFwZJLxY6frYjhVP9c6i,,uuid:cdd059bb-2509-4d51-a253-55603dcd8137,Adithya,East,Hebbal Nagawara Valley,H400,,162,yes
350,09-05-2026,09-05-2026,,,"Yes, I feel safe to conduct the audit",A35,Left hand side (LHS),,,13.0327989 77.6456434 811.5999755859375 3.314,13.0327989,77.6456434,811.5999756,3.314,2026/05/09 09:17:00+0530,,,,,,,,,,,,,1778298510248.jpg,https://kf.kobotoolbox.org/api/v2/assets/aLP6mR6GUPYRbYEjUKj73j/data/747067105/attachments/attrhuCeCK5NKSu8t9wS7j2X/,,,Broken in some places,2,"Yes, covered only on sides",Reinforced Cement Concrete (RCC),1778298502187.jpg,https://kf.kobotoolbox.org/api/v2/assets/aLP6mR6GUPYRbYEjUKj73j/data/747067105/attachments/att9f9UiqsBEiJi354XWH98H/,"Vehicular, I can see vehicles on the bridge",Intact;  path and fence not broken ,,,,,Safe to walk (clear path),,,,,,,,,1778298527256.jpg,https://kf.kobotoolbox.org/api/v2/assets/aLP6mR6GUPYRbYEjUKj73j/data/747067105/attachments/attNGXrx4gNZeZsfJddpm2Dg/,No,0,1778298544024.jpg,,https://kf.kobotoolbox.org/api/v2/assets/aLP6mR6GUPYRbYEjUKj73j/data/747067105/attachments/attjw7e4ChLn9g7MCqEjjfKB/,,No,1778298555239.jpg,https://kf.kobotoolbox.org/api/v2/assets/aLP6mR6GUPYRbYEjUKj73j/data/747067105/attachments/att7A3FTzjseurYjMx7ewE85/,No,,,Yes,1778298595113.jpg,https://kf.kobotoolbox.org/api/v2/assets/aLP6mR6GUPYRbYEjUKj73j/data/747067105/attachments/att6hLgyE877VCrWP8fruVGF/,,OK,747067105,5ec44b40-8d7c-4e3e-bccf-f58291e9b3a6,09-05-2026 05:56,,,submitted_via_web,,vkbFwZJLxY6frYjhVP9c6i,,uuid:5ec44b40-8d7c-4e3e-bccf-f58291e9b3a6,Adithya,East,Hebbal Nagawara Valley,H400,,163,yes
303,08-04-2026,08-04-2026,,,"Yes, I feel safe to conduct the audit",A40,Left hand side (LHS),,,13.0153337 77.5367611 812.2000122070312 4.832,13.0153337,77.5367611,812.2000122,4.832,2026/04/08 14:56:00+0530,,,,,,,,,,,,,1775640531460.jpg,,,,Retaining wall intact throughout the stretch,4.8,"Yes, covered only on sides",Reinforced Cement Concrete (RCC),1775640491771.jpg,,"Vehicular, I can see vehicles on the bridge",Intact;  path and fence not broken ,,,,,Safe to walk (clear path),,,,,,,,,1775640621731.jpg,https://kf.kobotoolbox.org/api/v2/assets/aLP6mR6GUPYRbYEjUKj73j/data/719187012/attachments/attKfpSBUcLP3bRDm2N4BiKV/,Yes,1,1775640679039.jpg,,https://kf.kobotoolbox.org/api/v2/assets/aLP6mR6GUPYRbYEjUKj73j/data/719187012/attachments/attx2a9qEiZLBW7gFvPaSjVU/,,Yes,1775641692022.jpg,https://kf.kobotoolbox.org/api/v2/assets/aLP6mR6GUPYRbYEjUKj73j/data/719120656/attachments/attkMKTWfxSJDYbcrr2G5ujT/,No,,,Yes,1775641721730.jpg,https://kf.kobotoolbox.org/api/v2/assets/aLP6mR6GUPYRbYEjUKj73j/data/719120656/attachments/attJozuLZecsHAcjn7zcT3Zt/,,OK,719120656,8bcb9984-9892-4eae-8604-3682849bf93d,08-04-2026 10:11,,,submitted_via_web,,vkbFwZJLxY6frYjhVP9c6i,,uuid:8bcb9984-9892-4eae-8604-3682849bf93d,RIT SoA,West,Vrishabhavati Valley,,V205,164,yes
316,08-04-2026,08-04-2026,,,"Yes, I feel safe to conduct the audit",A41,Right hand side (RHS),,,13.0151144 77.5366103 813.0999755859375 4.913,13.0151144,77.5366103,813.0999756,4.913,2026/04/08 14:56:00+0530,,,,,,,,,,,,,1775640655318.jpg,,,,Retaining wall intact throughout the stretch,5.57,"Yes, covered on sides and top",Reinforced Cement Concrete (RCC),1775640611365.jpg,,"Vehicular, I can see vehicles on the bridge",Intact;  path and fence not broken ,,,,,Safe to walk (clear path),,,,,,,,,1775640893860.jpg,https://kf.kobotoolbox.org/api/v2/assets/aLP6mR6GUPYRbYEjUKj73j/data/719191186/attachments/attY687CHT6Axy8Lgjt5TJzA/,No,0,,,,,No,,,No,,,Yes,1775646398557.jpg,https://kf.kobotoolbox.org/api/v2/assets/aLP6mR6GUPYRbYEjUKj73j/data/719187099/attachments/attU8np26Tjx3ZTUmkUeHUCE/,,OK,719187099,ae134acc-5f9b-449b-b7f3-c92a62f08edd,08-04-2026 11:14,,,submitted_via_web,,vkbFwZJLxY6frYjhVP9c6i,,uuid:ae134acc-5f9b-449b-b7f3-c92a62f08edd,RIT SoA,West,Vrishabhavati Valley,,V205,165,yes
296,08-04-2026,08-04-2026,,,"Yes, I feel safe to conduct the audit",A45,Left hand side (LHS),,,13.0138867 77.53643 810.7999877929688 3.4,13.0140262,77.5362748,810.7999878,3.4,2026/04/08 14:48:00+0530,,,,,,,,,,,,,1775640391708.jpg,,,,Retaining wall intact throughout the stretch,6,"Yes, covered only on sides",Reinforced Cement Concrete (RCC),1775640270048.jpg,,"Vehicular, I can see vehicles on the bridge",Intact;  path and fence not broken ,,,,,Safe to walk (clear path),,,,,,,,,1775640505826.jpg,https://kf.kobotoolbox.org/api/v2/assets/aLP6mR6GUPYRbYEjUKj73j/data/719181721/attachments/atti7dfx4oX7ZwyG86sedhxa/,Yes,1,1775640651359.jpg,,https://kf.kobotoolbox.org/api/v2/assets/aLP6mR6GUPYRbYEjUKj73j/data/719181721/attachments/attmmepkdorVqEh7BaXz7oh2/,,No,,,No,,,Cannot see,,,,OK,719191186,2874386d-96cd-48ba-9ef8-64a26dfe6959,08-04-2026 11:18,,,submitted_via_web,,vkbFwZJLxY6frYjhVP9c6i,,uuid:2874386d-96cd-48ba-9ef8-64a26dfe6959,RIT SoA,West,Vrishabhavati Valley,,V205,166,yes
289,08-04-2026,08-04-2026,,,"Yes, I feel safe to conduct the audit",A42,Left hand side (LHS),,,13.0132658 77.5362264 795.7096001001917 4.463,13.0130838,77.5359104,795.7096001,4.463,2026/04/08 14:57:00+0530,,,,,,,,,,,,,1775641218942.jpg,,,,Retaining wall intact throughout the stretch,6,"Yes, covered only on sides",Reinforced Cement Concrete (RCC),1775641111596.jpg,,"Vehicular, I can see vehicles on the bridge",Intact;  path and fence not broken ,,,,,Safe to walk (clear path),,,,,,,,,1775641480788.jpg,https://kf.kobotoolbox.org/api/v2/assets/aLP6mR6GUPYRbYEjUKj73j/data/719120656/attachments/attw4UdwmeD2vAKAkp2Usd2o/,No,0,,,,,Yes,1775644149037.jpg,https://kf.kobotoolbox.org/api/v2/assets/aLP6mR6GUPYRbYEjUKj73j/data/719187122/attachments/attih6sm7Gjzj4Z6uD83boBm/,Yes,1775644160504.jpg,https://kf.kobotoolbox.org/api/v2/assets/aLP6mR6GUPYRbYEjUKj73j/data/719187122/attachments/attJk5dD5MZvWqexHkV8H3e9/,Yes,1775644176556.jpg,https://kf.kobotoolbox.org/api/v2/assets/aLP6mR6GUPYRbYEjUKj73j/data/719187122/attachments/attzRtbpotpCk7x29CtWjvak/,,OK,719187122,6b7f8410-db30-4d1b-b901-7190c1e90500,08-04-2026 11:14,,,submitted_via_web,,vkbFwZJLxY6frYjhVP9c6i,,uuid:6b7f8410-db30-4d1b-b901-7190c1e90500,RIT SoA,West,Vrishabhavati Valley,,V205,167,yes
335,08-04-2026,08-04-2026,,,"Yes, I feel safe to conduct the audit",A46,Right hand side (RHS),,,13.0121642 77.5358793 801.0 4.903,13.0121642,77.5358793,801,4.903,2026/04/08 14:47:00+0530,,,,,,,,,,,,,1775640436125.jpg,,,,Retaining wall intact throughout the stretch,5,"Yes, covered only on sides",Reinforced Cement Concrete (RCC),1775640240541.jpg,,"Vehicular, I can see vehicles on the bridge",Intact;  path and fence not broken ,,,,,Safe to walk (clear path),,,,,,,,,1775640551566.jpg,https://kf.kobotoolbox.org/api/v2/assets/aLP6mR6GUPYRbYEjUKj73j/data/719227791/attachments/attpxWpr74HRHyuo6FstaDn8/,No,0,1775640690027.jpg,,https://kf.kobotoolbox.org/api/v2/assets/aLP6mR6GUPYRbYEjUKj73j/data/719227791/attachments/attjr2a2QADP45WKTrjDnG8g/,,Yes,1775645898063.jpg,https://kf.kobotoolbox.org/api/v2/assets/aLP6mR6GUPYRbYEjUKj73j/data/719176115/attachments/attGgGNJi5sg2hYC3uVdxaL3/,Yes,,,Yes,1775645950827.jpg,https://kf.kobotoolbox.org/api/v2/assets/aLP6mR6GUPYRbYEjUKj73j/data/719176115/attachments/attmQrNbw86e5yBLGUW8DY9D/,,OK,719176115,ba153a44-d9a8-496f-8353-b0d53d919d19,08-04-2026 11:04,,,submitted_via_web,,vkbFwZJLxY6frYjhVP9c6i,,uuid:ba153a44-d9a8-496f-8353-b0d53d919d19,RIT SoA,West,Vrishabhavati Valley,,V205,168,yes
329,08-04-2026,08-04-2026,,,"Yes, I feel safe to conduct the audit",A43,Right hand side (RHS),,,13.0118658 77.535907 801.0999755859375 4.984,13.0118658,77.535907,801.0999756,4.984,2026/04/08 14:51:00+0530,,,,,,,,,,,,,1775640511916.jpg,,,,Retaining wall intact throughout the stretch,4.5,"Yes, covered only on sides",Reinforced Cement Concrete (RCC),1775640456728.jpg,,Not applicable ,Not applicable,,,,,Not applicable,,,,,,,,,,,Not applicable,Not applicable,,,,,No,,,No,,,Yes,1775647422937.jpg,,,OK,719228626,e9890574-a439-498a-bc3d-5a85b72e9530,08-04-2026 12:02,,,submitted_via_web,,vkbFwZJLxY6frYjhVP9c6i,,uuid:e9890574-a439-498a-bc3d-5a85b72e9530,RIT SoA,West,Vrishabhavati Valley,,V205,169,yes
290,08-04-2026,08-04-2026,,,"Yes, I feel safe to conduct the audit",A47,Right hand side (RHS),,,13.0112021 77.5361027 802.5999755859375 4.479,13.0112021,77.5361027,802.5999756,4.479,2026/04/08 14:35:00+0530,,,,,,,,,,,,,1775639395708.jpg,,,,Retaining wall intact throughout the stretch,6,"Yes, covered only on sides",Reinforced Cement Concrete (RCC),1775639294012.jpg,,Not applicable ,Not applicable,,,,,Not applicable,,,,,,,,,,,Not applicable,Not applicable,,,,,Yes,1775644461477.jpg,https://kf.kobotoolbox.org/api/v2/assets/aLP6mR6GUPYRbYEjUKj73j/data/719187177/attachments/att2Tnofosq7PHiy5s2w4HL5/,No,,,Yes,1775644485045.jpg,https://kf.kobotoolbox.org/api/v2/assets/aLP6mR6GUPYRbYEjUKj73j/data/719187177/attachments/attquaVTyRT36ACygkR9q5f4/,,OK,719187177,d60d16a5-b4ff-4a6c-868f-ebc9a4752a97,08-04-2026 11:14,,,submitted_via_web,,vkbFwZJLxY6frYjhVP9c6i,,uuid:d60d16a5-b4ff-4a6c-868f-ebc9a4752a97,RIT SoA,West,Vrishabhavati Valley,,V205,170,yes
302,08-04-2026,08-04-2026,,,"Yes, I feel safe to conduct the audit",A44,Right hand side (RHS),,,13.0105521 77.5361733 803.0 4.711,13.0105521,77.5361733,803,4.711,2026/04/08 14:39:00+0530,,,,,,,,,,,,,1775640166253.jpg,,,,Retaining wall intact throughout the stretch,3,"Yes, covered only on sides",Reinforced Cement Concrete (RCC),1775640055470.jpg,,"Vehicular, I can see vehicles on the bridge",Intact;  path and fence not broken ,,,,,Safe to walk (clear path),,,,,,,,,1775640480158.jpg,https://kf.kobotoolbox.org/api/v2/assets/aLP6mR6GUPYRbYEjUKj73j/data/719186840/attachments/att3LTiwP4DSAnTQymfLX8te/,No,0,1775640735812.jpg,,https://kf.kobotoolbox.org/api/v2/assets/aLP6mR6GUPYRbYEjUKj73j/data/719186840/attachments/attxqwkdZGqhwmqh6T9yuu24/,,No,,,No,,,Yes,1775648941892.jpg,,,OK,719230940,ea88f73f-4d17-4d5e-8b7a-ff39e791ce90,08-04-2026 12:04,,,submitted_via_web,,vkbFwZJLxY6frYjhVP9c6i,,uuid:ea88f73f-4d17-4d5e-8b7a-ff39e791ce90,RIT SoA,West,Vrishabhavati Valley,,V205,171,yes
323,08-04-2026,08-04-2026,,,"Yes, I feel safe to conduct the audit",A48,Left hand side (LHS),,,13.0102679 77.5365797 799.5999755859375 4.99,13.0102679,77.5365797,799.5999756,4.99,2026/04/08 14:38:00+0530,,,,,,,,,,,,,1775639695102.jpg,,,,Retaining wall intact throughout the stretch,3,"Yes, covered only on sides",Reinforced Cement Concrete (RCC),1775639674012.jpg,,Not applicable ,Not applicable,,,,,Not applicable,,,,,,,,,,,Not applicable,Not applicable,,,,,No,,,Cannot see,,,Cannot see,,,,OK,719182740,f26add6b-e5e9-43ca-aa08-1573f9f7458a,08-04-2026 11:10,,,submitted_via_web,,vkbFwZJLxY6frYjhVP9c6i,,uuid:f26add6b-e5e9-43ca-aa08-1573f9f7458a,RIT SoA,West,Vrishabhavati Valley,,V202,172,yes
305,08-04-2026,08-04-2026,,,"Yes, I feel safe to conduct the audit",A40,Right hand side (RHS),,,13.0091499 77.5353078 794.5 4.422,13.0091499,77.5353078,794.5,4.422,2026/04/08 15:29:00+0530,,,,,,,,,,,,,1775642640477.jpg,,,,Broken in some places,3,"Yes, covered only on sides",Reinforced Cement Concrete (RCC),1775642622920.jpg,,"Vehicular, I can see vehicles on the bridge",Intact;  path and fence not broken ,,,,,Safe to walk (clear path),,,,,,,,,1775642667982.jpg,https://kf.kobotoolbox.org/api/v2/assets/aLP6mR6GUPYRbYEjUKj73j/data/719187063/attachments/attnh6Pdjx2XYEPGizqyd8QL/,No,0,,,,,No,,,No,,,Yes,1775643852725.jpg,,,OK,719228195,63c96937-84c1-4fcc-8f77-0af276f56a1a,08-04-2026 12:01,,,submitted_via_web,,vkbFwZJLxY6frYjhVP9c6i,,uuid:63c96937-84c1-4fcc-8f77-0af276f56a1a,RIT SoA,West,Vrishabhavati Valley,,V202,173,yes
297,08-04-2026,08-04-2026,,,"Yes, I feel safe to conduct the audit",A45,Left hand side (LHS),,,13.0090646 77.5354314 794.5 4.532,13.0090646,77.5354314,794.5,4.532,2026/04/08 15:20:00+0530,,,,,,,,,,,,,1775641926653.jpg,,,,Retaining wall does not exist,,"Yes, covered only on sides",Not applicable,,,"Vehicular, I can see vehicles on the bridge",Broken wall/fence,,,,,Safe to walk (clear path),,,,,,,,,1775641980625.jpg,https://kf.kobotoolbox.org/api/v2/assets/aLP6mR6GUPYRbYEjUKj73j/data/719181828/attachments/attjqE5xNshjJCgkKzx2CCQs/,No,0,,,,,No,,,No,,,Yes,1775644529342.jpg,https://kf.kobotoolbox.org/api/v2/assets/aLP6mR6GUPYRbYEjUKj73j/data/719191428/attachments/atty6Vtp6wv3zCQfymbX4agU/,,OK,719191428,3e6c4b3d-bda2-4e1c-9d0f-fd15e30ad38c,08-04-2026 11:18,,,submitted_via_web,,vkbFwZJLxY6frYjhVP9c6i,,uuid:3e6c4b3d-bda2-4e1c-9d0f-fd15e30ad38c,RIT SoA,West,Vrishabhavati Valley,,V202,174,yes
342,08-04-2026,08-04-2026,,,"No, I do not feel safe. I will stop the audit at this point.",A46,Left hand side (LHS),,,13.008158 77.5356576 798.5999755859375 4.978,13.00868,77.53522,798.5999756,4.978,2026/04/08 17:12:00+0530,,,,,,,,,,,,,,,,,Retaining wall intact throughout the stretch,0,"Yes, covered only on sides",Reinforced Cement Concrete (RCC),1775648603926.jpg,,Not applicable ,Not applicable,,,,,Not applicable,,,,,,,,,,,Not applicable,Not applicable,,,,,No,,,Yes,1775644902072.jpg,,Yes,,,,OK,719197280,387f05c5-ba2e-4ee9-a6dc-fba54b50c9d6,08-04-2026 11:24,,,submitted_via_web,,vkbFwZJLxY6frYjhVP9c6i,,uuid:387f05c5-ba2e-4ee9-a6dc-fba54b50c9d6,RIT SoA,West,Vrishabhavati Valley,,V202,175,yes
317,08-04-2026,08-04-2026,,,"Yes, I feel safe to conduct the audit",A41,Right hand side (RHS),,,13.0083467 77.5348736 794.0 4.998,13.0083467,77.5348736,794,4.998,2026/04/08 15:24:00+0530,,,,,,,,,,,,,1775642272088.jpg,,,,Broken in some places,7.5,"Yes, covered only on sides",Reinforced Cement Concrete (RCC),1775642240991.jpg,,"Vehicular, I can see vehicles on the bridge",Intact;  path and fence not broken ,,,,,Safe to walk (clear path),,,,,,,,,1775642336146.jpg,https://kf.kobotoolbox.org/api/v2/assets/aLP6mR6GUPYRbYEjUKj73j/data/719191252/attachments/attbquSZtouyGeVwUevMxefQ/,No,0,1775642378138.jpg,,https://kf.kobotoolbox.org/api/v2/assets/aLP6mR6GUPYRbYEjUKj73j/data/719191252/attachments/attpJjuHHzrZgc7qm4LMinZT/,,No,,,No,,,Cannot see,,,,OK,719187211,b553944e-fbc8-435b-a6d2-ceaa033b1974,08-04-2026 11:14,,,submitted_via_web,,vkbFwZJLxY6frYjhVP9c6i,,uuid:b553944e-fbc8-435b-a6d2-ceaa033b1974,RIT SoA,West,Vrishabhavati Valley,,V202,176,yes
337,08-04-2026,08-04-2026,,,"Yes, I feel safe to conduct the audit",A42,Right hand side (RHS),,,13.007819 77.5345211 785.4652400201478 4.735,13.007819,77.5345211,785.46524,4.735,2026/04/08 15:44:00+0530,,,,,,,,,,,,,1775643697971.jpg,,,,Retaining wall intact throughout the stretch,6,"Yes, covered only on sides","Both, SSM and RCC",1775643601103.jpg,,"Pedestrian, I see only people walking on the bridge",Intact;  path and fence not broken ,,,,,Safe to walk (clear path),,,,,,,,,1775643786614.jpg,https://kf.kobotoolbox.org/api/v2/assets/aLP6mR6GUPYRbYEjUKj73j/data/719228195/attachments/att3rriSJMR8hRHppxfuLGrz/,No,0,,,,,No,,,No,,,Yes,1775643457678.jpg,https://kf.kobotoolbox.org/api/v2/assets/aLP6mR6GUPYRbYEjUKj73j/data/719175855/attachments/attS8J4wQSwenAhVgjdemm8H/,,OK,719175855,cf08814f-0884-4edd-bf39-1568715dd107,08-04-2026 11:04,,,submitted_via_web,,vkbFwZJLxY6frYjhVP9c6i,,uuid:cf08814f-0884-4edd-bf39-1568715dd107,RIT SoA,West,Vrishabhavati Valley,,V202,177,yes
291,08-04-2026,08-04-2026,,,"Yes, I feel safe to conduct the audit",A47,Right hand side (RHS),,,13.0073688 77.5340572 793.2000122070312 3.79,13.0073688,77.5340572,793.2000122,3.79,2026/04/08 15:16:00+0530,,,,,,,,,,,,,1775641865219.jpg,,,,Retaining wall does not exist,0,"Yes, covered only on sides",Reinforced Cement Concrete (RCC),1775641807648.jpg,,Not applicable ,Not applicable,,,,,Not applicable,,,,,,,,,,,Not applicable,Not applicable,,,,,Yes,1775644943846.jpg,https://kf.kobotoolbox.org/api/v2/assets/aLP6mR6GUPYRbYEjUKj73j/data/719187209/attachments/attkrHrTRCssqEgfTTNt3ieW/,No,,,Yes,1775644998734.jpg,https://kf.kobotoolbox.org/api/v2/assets/aLP6mR6GUPYRbYEjUKj73j/data/719187209/attachments/attsoaFtgzG9qcbDfEQMhVSf/,,OK,719187209,0e90156f-20a6-48ff-8232-67b15a77814b,08-04-2026 11:14,,,submitted_via_web,,vkbFwZJLxY6frYjhVP9c6i,,uuid:0e90156f-20a6-48ff-8232-67b15a77814b,RIT SoA,West,Vrishabhavati Valley,,V202,178,yes
307,08-04-2026,08-04-2026,,,"Yes, I feel safe to conduct the audit",A44,Right hand side (RHS),,,13.0066005 77.533078 791.0999755859375 4.93,13.0066005,77.533078,791.0999756,4.93,2026/04/08 15:49:00+0530,,,,,,,,,,,,,1775643844410.jpg,,,,Retaining wall intact throughout the stretch,3,"Yes, covered only on sides",Reinforced Cement Concrete (RCC),1775643711204.jpg,,"Vehicular, I can see vehicles on the bridge",Intact;  path and fence not broken ,,,,,Safe to walk (clear path),,,,,,,,,1775643991034.jpg,https://kf.kobotoolbox.org/api/v2/assets/aLP6mR6GUPYRbYEjUKj73j/data/719187094/attachments/attVSEJh6KED5MNEai8kKBZd/,Yes,1,1775644041510.jpg,,https://kf.kobotoolbox.org/api/v2/assets/aLP6mR6GUPYRbYEjUKj73j/data/719187094/attachments/attUAft5jcJd5mV8pu5wvk7a/,,No,,,No,,,Yes,1775649688925.jpg,,,OK,719228671,f4c3e288-59e2-44f9-939a-dde1eb94cc50,08-04-2026 12:02,,,submitted_via_web,,vkbFwZJLxY6frYjhVP9c6i,,uuid:f4c3e288-59e2-44f9-939a-dde1eb94cc50,RIT SoA,West,Vrishabhavati Valley,,V202,179,yes
324,08-04-2026,08-04-2026,,,"No, I do not feel safe. I will stop the audit at this point.",A48,Right hand side (RHS),,,13.0065344 77.5330931 791.2999877929688 5.127,13.0065344,77.5330931,791.2999878,5.127,2026/04/08 15:11:00+0530,,,,,,,,,,,,,1775641370307.jpg,,,,Retaining wall intact throughout the stretch,3,"Yes, covered only on sides",Reinforced Cement Concrete (RCC),1775641355681.jpg,,Not applicable ,Not applicable,,,,,Not applicable,,,,,,,,,,,Not applicable,Not applicable,,,,,Yes,1775642078703.jpg,https://kf.kobotoolbox.org/api/v2/assets/aLP6mR6GUPYRbYEjUKj73j/data/719181828/attachments/attJSqfB33QiefVoXgRnGou5/,No,,,Yes,1775642121157.jpg,https://kf.kobotoolbox.org/api/v2/assets/aLP6mR6GUPYRbYEjUKj73j/data/719181828/attachments/attXH8n9RkKMMdKWtGhKpMao/,,OK,719181828,db7b4940-0eb3-4e24-be07-1ddfc73897d6,08-04-2026 11:09,,,submitted_via_web,,vkbFwZJLxY6frYjhVP9c6i,,uuid:db7b4940-0eb3-4e24-be07-1ddfc73897d6,RIT SoA,West,Vrishabhavati Valley,,V202,180,yes
298,08-04-2026,08-04-2026,,,"Yes, I feel safe to conduct the audit",A45,Left hand side (LHS),,,13.006487 77.5331071 791.0999755859375 4.77,13.006487,77.5331071,791.0999756,4.77,2026/04/08 15:38:00+0530,,,,,,,,,,,,,1775643005174.jpg,,,,Retaining wall intact throughout the stretch,3,"Yes, covered only on sides",Reinforced Cement Concrete (RCC),1775642965252.jpg,,"Vehicular, I can see vehicles on the bridge",Broken wall/fence,,,,,Safe to walk (clear path),,,,,,,,,1775643063803.jpg,https://kf.kobotoolbox.org/api/v2/assets/aLP6mR6GUPYRbYEjUKj73j/data/719181979/attachments/attBhpG52PTHXv2VRDAJF9Bx/,Yes,1,1775643141526.jpg,,https://kf.kobotoolbox.org/api/v2/assets/aLP6mR6GUPYRbYEjUKj73j/data/719181979/attachments/attfVhfGQ3yZSZonSXwprKhz/,,No,,,Cannot see,,,Yes,1775645363537.jpg,https://kf.kobotoolbox.org/api/v2/assets/aLP6mR6GUPYRbYEjUKj73j/data/719191532/attachments/attHDszKmQn7DS3Jz4bzj5jg/,,OK,719191532,52722fa9-3e88-4d23-8a7e-39bd7b6ff5f6,08-04-2026 11:18,,,submitted_via_web,,vkbFwZJLxY6frYjhVP9c6i,,uuid:52722fa9-3e88-4d23-8a7e-39bd7b6ff5f6,RIT SoA,West,Vrishabhavati Valley,,V202,181,yes
330,08-04-2026,08-04-2026,,,"Yes, I feel safe to conduct the audit",A43,Left hand side (LHS),,,13.0065107 77.5331944 791.2999877929688 4.219,13.0065107,77.5331944,791.2999878,4.219,2026/04/08 15:53:00+0530,,,,,,,,,,,,,1775643887734.jpg,,,,Retaining wall intact throughout the stretch,5,"Yes, covered only on sides",Reinforced Cement Concrete (RCC),1775643867891.jpg,,Not applicable ,Not applicable,,,,,Not applicable,,,,,,,,,,,Not applicable,Not applicable,,,,,No,,,Cannot see,,,Cannot see,,,,OK,719228772,941226cb-77f3-497d-83c8-2dacb2c3d5a6,08-04-2026 12:02,,,submitted_via_web,,vkbFwZJLxY6frYjhVP9c6i,,uuid:941226cb-77f3-497d-83c8-2dacb2c3d5a6,RIT SoA,West,Vrishabhavati Valley,,V202,182,yes
306,08-04-2026,08-04-2026,,,"Yes, I feel safe to conduct the audit",A40,Left hand side (LHS),,,13.0060407 77.5323507 786.8232097218907 4.769,13.0060407,77.5323507,786.8232097,4.769,2026/04/08 15:45:00+0530,,,,,,,,,,,,,1775643437949.jpg,,,,Retaining wall intact throughout the stretch,10,There is no fence ,Reinforced Cement Concrete (RCC),1775643399418.jpg,,Not applicable ,Not applicable,,,,,Not applicable,,,,,,,,,,,Not applicable,Not applicable,,,,,Yes,1775648603550.jpg,,Yes,1775648620491.jpg,,Yes,1775648642599.jpg,,,OK,719228349,7931b316-d6c6-4695-8293-dc1cfe421381,08-04-2026 12:01,,,submitted_via_web,,vkbFwZJLxY6frYjhVP9c6i,,uuid:7931b316-d6c6-4695-8293-dc1cfe421381,RIT SoA,West,Vrishabhavati Valley,,V202,183,yes
336,08-04-2026,08-04-2026,,,"Yes, I feel safe to conduct the audit",A46,Left hand side (LHS),,,13.0055594 77.5317927 791.3999633789062 4.876,13.0055594,77.5317927,791.3999634,4.876,2026/04/08 16:16:00+0530,,,,,,,,,,,,,1775645319112.jpg,,,,Retaining wall intact throughout the stretch,2,"Yes, covered only on sides",Reinforced Cement Concrete (RCC),1775645293405.jpg,,Not applicable ,Not applicable,,,,,Not applicable,,,,,,,,,,,Not applicable,Not applicable,,,,,No,,,Cannot see,,,Yes,1775641958616.jpg,https://kf.kobotoolbox.org/api/v2/assets/aLP6mR6GUPYRbYEjUKj73j/data/719175706/attachments/attxtfne57nC344XvAwA8VcE/,,OK,719175706,1f5903e9-1fa0-4a11-a212-fdd1ec1cbd26,08-04-2026 11:04,,,submitted_via_web,,vkbFwZJLxY6frYjhVP9c6i,,uuid:1f5903e9-1fa0-4a11-a212-fdd1ec1cbd26,RIT SoA,West,Vrishabhavati Valley,,V202,184,yes
325,08-04-2026,08-04-2026,,,"No, I do not feel safe. I will stop the audit at this point.",A48,Left hand side (LHS),,,13.005696 77.5317511 793.0 3.845,13.005696,77.5317511,793,3.845,2026/04/08 15:25:00+0530,,,,,,,,,,,,,1775642191370.jpg,,,,Broken in some places,4,There is no fence ,Reinforced Cement Concrete (RCC),1775642176562.jpg,,Not applicable ,Not applicable,,,,,Not applicable,,,,,,,,,,,Not applicable,Not applicable,,,,,No,,,No,,,Yes,1775644404748.jpg,https://kf.kobotoolbox.org/api/v2/assets/aLP6mR6GUPYRbYEjUKj73j/data/719182160/attachments/attyJT2TrENwBrpeuXoiasjr/,,OK,719182160,d6fc232d-4eba-4cd7-952a-4a36823690f8,08-04-2026 11:09,,,submitted_via_web,,vkbFwZJLxY6frYjhVP9c6i,,uuid:d6fc232d-4eba-4cd7-952a-4a36823690f8,RIT SoA,West,Vrishabhavati Valley,,V202,185,yes
292,08-04-2026,08-04-2026,,,"Yes, I feel safe to conduct the audit",A47,Right hand side (RHS),,,13.0054879 77.5315862 786.353271484375 3.79,13.0054879,77.5315862,786.3532715,3.79,2026/04/08 15:44:00+0530,,,,,,,,,,,,,1775643374644.jpg,,,,Retaining wall intact throughout the stretch,5.3,"Yes, covered only on sides",Reinforced Cement Concrete (RCC),1775643358568.jpg,,Not applicable ,Not applicable,,,,,Not applicable,,,,,,,,,,,Not applicable,Not applicable,,,,,Yes,1775645364676.jpg,https://kf.kobotoolbox.org/api/v2/assets/aLP6mR6GUPYRbYEjUKj73j/data/719187258/attachments/attxSAK6Am6k5SQne2GTbmYk/,No,,,Yes,1775645389616.jpg,https://kf.kobotoolbox.org/api/v2/assets/aLP6mR6GUPYRbYEjUKj73j/data/719187258/attachments/att9KuHFiBdpHTmwQYNvWWnu/,,OK,719187258,4f48859e-ae71-4c12-b30f-beac884bd20b,08-04-2026 11:14,,,submitted_via_web,,vkbFwZJLxY6frYjhVP9c6i,,uuid:4f48859e-ae71-4c12-b30f-beac884bd20b,RIT SoA,West,Vrishabhavati Valley,,V202,186,yes
318,08-04-2026,08-04-2026,,,"Yes, I feel safe to conduct the audit",A41,Right hand side (RHS),,,13.0055279 77.5313846 799.0999755859375 4.938,13.0055944,77.5313261,799.0999756,4.938,2026/04/08 15:44:00+0530,,,,,,,,,,,,,1775643438369.jpg,,,,Retaining wall intact throughout the stretch,2,"Yes, covered on sides and top",Reinforced Cement Concrete (RCC),1775643374760.jpg,,Not applicable ,Not applicable,,,,,Not applicable,,,,,,,,,,,Not applicable,Not applicable,,,,,Yes,1775645196776.jpg,https://kf.kobotoolbox.org/api/v2/assets/aLP6mR6GUPYRbYEjUKj73j/data/719187216/attachments/attsVkWmLMPmwy7BSvLU7ZRo/,No,,,Yes,1775645232880.jpg,https://kf.kobotoolbox.org/api/v2/assets/aLP6mR6GUPYRbYEjUKj73j/data/719187216/attachments/attN7i8hdiMTjvvivM3LoFCR/,,OK,719187216,5f7a7c87-1c0f-46ab-8c6e-60055d1d7fb2,08-04-2026 11:14,,,submitted_via_web,,vkbFwZJLxY6frYjhVP9c6i,,uuid:5f7a7c87-1c0f-46ab-8c6e-60055d1d7fb2,RIT SoA,West,Vrishabhavati Valley,,V202,187,yes
286,08-04-2026,08-04-2026,,,"No, I do not feel safe. I will stop the audit at this point.",A42,Left hand side (LHS),,,13.0057724 77.5309042 785.2718513558776 2.5,13.0057724,77.5309042,785.2718514,2.5,2026/04/08 16:37:00+0530,,,,,,,,,,,,,1775646629192.jpg,,,,Retaining wall intact throughout the stretch,10,There is no fence ,Reinforced Cement Concrete (RCC),1775646599300.jpg,,Not applicable ,Not applicable,,,,,Not applicable,,,,,,,,,,,Not applicable,Not applicable,,,,,Yes,1775642730312.jpg,https://kf.kobotoolbox.org/api/v2/assets/aLP6mR6GUPYRbYEjUKj73j/data/719187063/attachments/att5vrjxqwqDN9bNM85ERs8e/,Yes,1775642753208.jpg,https://kf.kobotoolbox.org/api/v2/assets/aLP6mR6GUPYRbYEjUKj73j/data/719187063/attachments/attN3qcPxi3fVxKi9fYhZ942/,Yes,1775642782502.jpg,https://kf.kobotoolbox.org/api/v2/assets/aLP6mR6GUPYRbYEjUKj73j/data/719187063/attachments/att4SvQDUCU9AheD2codyJLh/,,OK,719187063,9a51a6f7-5253-459f-8573-245692489c93,08-04-2026 11:14,,,submitted_via_web,,vkbFwZJLxY6frYjhVP9c6i,,uuid:9a51a6f7-5253-459f-8573-245692489c93,RIT SoA,West,Vrishabhavati Valley,,V202,188,yes
331,08-04-2026,08-04-2026,,,"Yes, I feel safe to conduct the audit",A43,Right hand side (RHS),,,13.0058562 77.5304297 789.3999633789062 3.872,13.0058562,77.5304297,789.3999634,3.872,2026/04/08 16:06:00+0530,,,,,,,,,,,,,,,,,Broken in some places,5,"Yes, covered only on sides",Reinforced Cement Concrete (RCC),1775644656895.jpg,,"Vehicular, I can see vehicles on the bridge",Broken wall/fence,,,,,Safe to walk (clear path),,,,,,,,,1775644745533.jpg,https://kf.kobotoolbox.org/api/v2/assets/aLP6mR6GUPYRbYEjUKj73j/data/719199396/attachments/atti39LSJCVZyC4WoJgEAUCZ/,Yes,3,1775644794166.jpg,,https://kf.kobotoolbox.org/api/v2/assets/aLP6mR6GUPYRbYEjUKj73j/data/719199396/attachments/att6oLvEY3pAZdw6SScCascv/,,No,,,No,,,Yes,1775649620297.jpg,,,OK,719228924,7ce11e46-ac63-4473-92fc-76b96a9c34a0,08-04-2026 12:02,,,submitted_via_web,,vkbFwZJLxY6frYjhVP9c6i,,uuid:7ce11e46-ac63-4473-92fc-76b96a9c34a0,RIT SoA,West,Vrishabhavati Valley,V200,,189,yes
299,08-04-2026,08-04-2026,,,"Yes, I feel safe to conduct the audit",A45,Left hand side (LHS),,,13.0057758 77.5303151 790.7999877929688 3.6,13.0057758,77.5303151,790.7999878,3.6,2026/04/08 16:00:00+0530,,,,,,,,,,,,,1775644309665.jpg,,,,Retaining wall intact throughout the stretch,4,"Yes, covered only on sides",Reinforced Cement Concrete (RCC),1775644300742.jpg,,"Vehicular, I can see vehicles on the bridge",Broken wall/fence,,,,,Safe to walk (clear path),,,,,,,,,1775644331805.jpg,https://kf.kobotoolbox.org/api/v2/assets/aLP6mR6GUPYRbYEjUKj73j/data/719182160/attachments/attCbsEkmQj7jATorjsenF3Z/,No,0,,,,,No,,,No,,,Yes,1775646379562.jpg,https://kf.kobotoolbox.org/api/v2/assets/aLP6mR6GUPYRbYEjUKj73j/data/719191681/attachments/attmmC9tjAz6FhA7BUs5Kkyg/,,OK,719191681,31abc512-3d88-4562-8859-40daec63188a,08-04-2026 11:18,,,submitted_via_web,,vkbFwZJLxY6frYjhVP9c6i,,uuid:31abc512-3d88-4562-8859-40daec63188a,RIT SoA,West,Vrishabhavati Valley,V200,,190,yes
312,08-04-2026,08-04-2026,,,"Yes, I feel safe to conduct the audit",A44,Right hand side (RHS),,,13.009512 77.5280709 796.8999633789062 3.79,13.009512,77.5280709,796.8999634,3.79,2026/04/08 16:41:00+0530,,,,,,,,,,,,,1775646745523.jpg,,,,Retaining wall does not exist,0,"Yes, covered only on sides",Not applicable,1775646730174.jpg,,Not applicable ,Not applicable,,,,,Not applicable,,,,,,,,,,,Not applicable,Not applicable,,,,,No,,,Cannot see,,,Yes,1775646753329.jpg,,,OK,719199741,3ee9245e-51cb-4902-8c50-4f7aa44ba100,08-04-2026 11:27,,,submitted_via_web,,vkbFwZJLxY6frYjhVP9c6i,,uuid:3ee9245e-51cb-4902-8c50-4f7aa44ba100,RIT SoA,West,Vrishabhavati Valley,V200,,191,yes
315,08-04-2026,08-04-2026,,,"Yes, I feel safe to conduct the audit",A40,Left hand side (LHS),,,13.0096593 77.5282185 796.5 4.408,13.0096593,77.5282185,796.5,4.408,2026/04/08 16:24:00+0530,,,,,,,,,,,,,1775645694092.jpg,,,,Retaining wall intact throughout the stretch,3,"Yes, covered only on sides",Reinforced Cement Concrete (RCC),1775645681406.jpg,,Not applicable ,Not applicable,,,,,Not applicable,,,,,,,,,,,Not applicable,Not applicable,,,,,Yes,1775645843961.jpg,https://kf.kobotoolbox.org/api/v2/assets/aLP6mR6GUPYRbYEjUKj73j/data/719187031/attachments/attQ796N89RUNXnuN44C96ZC/,No,,,Yes,1775645887571.jpg,https://kf.kobotoolbox.org/api/v2/assets/aLP6mR6GUPYRbYEjUKj73j/data/719187031/attachments/attT2gqUrRmQ2eipWM5Twn3Y/,,OK,719187031,c6009454-41b8-41e7-af47-e4c20a7b117d,08-04-2026 11:14,,,submitted_via_web,,vkbFwZJLxY6frYjhVP9c6i,,uuid:c6009454-41b8-41e7-af47-e4c20a7b117d,RIT SoA,West,Vrishabhavati Valley,V200,,192,yes
308,08-04-2026,08-04-2026,,,"No, I do not feel safe. I will stop the audit at this point.",A44,Right hand side (RHS),,,13.0090123 77.528569 795.3999633789062 4.942,13.0090123,77.528569,795.3999634,4.942,2026/04/08 16:34:00+0530,,,,,,,,,,,,,1775646340608.jpg,,,,Retaining wall intact throughout the stretch,3,"Yes, covered only on sides",Reinforced Cement Concrete (RCC),1775646323181.jpg,,Not applicable ,Not applicable,,,,,Not applicable,,,,,,,,,,,Not applicable,Not applicable,,,,,Yes,1775643935502.jpg,,Cannot see,,,Cannot see,,,,OK,719199336,b6d9d969-7cf5-4754-95df-e63bb01a719f,08-04-2026 11:27,,,submitted_via_web,,vkbFwZJLxY6frYjhVP9c6i,,uuid:b6d9d969-7cf5-4754-95df-e63bb01a719f,RIT SoA,West,Vrishabhavati Valley,V200,,193,yes
314,08-04-2026,08-04-2026,,,"Yes, I feel safe to conduct the audit",A40,Left hand side (LHS),,,13.0089943 77.5294626 794.5 4.981,13.0089943,77.5294626,794.5,4.981,2026/04/08 16:17:00+0530,,,,,,,,,,,,,1775645324879.jpg,,,,Retaining wall intact throughout the stretch,4,"Yes, covered only on sides",Reinforced Cement Concrete (RCC),1775645311653.jpg,,Not applicable ,Not applicable,,,,,Not applicable,,,,,,,,,,,Not applicable,Not applicable,,,,,No,,,No,,,Yes,1775640900657.jpg,https://kf.kobotoolbox.org/api/v2/assets/aLP6mR6GUPYRbYEjUKj73j/data/719186840/attachments/attXdFU3DqXhbS2Fyb2sH4EQ/,,OK,719186840,c08dff10-ff61-4515-8207-65e0dc52b73b,08-04-2026 11:14,,,submitted_via_web,,vkbFwZJLxY6frYjhVP9c6i,,uuid:c08dff10-ff61-4515-8207-65e0dc52b73b,RIT SoA,West,Vrishabhavati Valley,V200,,194,yes
304,08-04-2026,08-04-2026,,,"Yes, I feel safe to conduct the audit",A44,Right hand side (RHS),,,13.0088321 77.5302143 793.7999877929688 4.677,13.0088321,77.5302143,793.7999878,4.677,2026/04/08 16:22:00+0530,,,,,,,,,,,,,1775645684898.jpg,,,,Retaining wall intact throughout the stretch,3,There is no fence ,Reinforced Cement Concrete (RCC),1775645620595.jpg,,"Vehicular, I can see vehicles on the bridge",Intact;  path and fence not broken ,,,,,Safe to walk (clear path),,,,,,,,,1775645726740.jpg,https://kf.kobotoolbox.org/api/v2/assets/aLP6mR6GUPYRbYEjUKj73j/data/719187031/attachments/attnADeCV6DdF3uhkp8oBAKW/,No,0,,,,,No,,,Cannot see,,,Cannot see,,,,OK,719229008,36e3a3a9-911b-43b3-97a8-17ebbc201e65,08-04-2026 12:02,,,submitted_via_web,,vkbFwZJLxY6frYjhVP9c6i,,uuid:36e3a3a9-911b-43b3-97a8-17ebbc201e65,RIT SoA,West,Vrishabhavati Valley,V200,,195,yes
311,08-04-2026,08-04-2026,,,"Yes, I feel safe to conduct the audit",A40,Left hand side (LHS),,,13.0087738 77.5303889 792.3999633789062 4.665,13.0087738,77.5303889,792.3999634,4.665,2026/04/08 16:09:00+0530,,,,,,,,,,,,,1775644822484.jpg,,,,Retaining wall intact throughout the stretch,3,"Yes, covered only on sides",Reinforced Cement Concrete (RCC),1775644811825.jpg,,Not applicable ,Not applicable,,,,,Not applicable,,,,,,,,,,,Not applicable,Not applicable,,,,,No,,,Cannot see,,,No,,,,OK,719199591,2556f5ab-77ad-4321-9e95-0d511ddb7852,08-04-2026 11:27,,,submitted_via_web,,vkbFwZJLxY6frYjhVP9c6i,,uuid:2556f5ab-77ad-4321-9e95-0d511ddb7852,RIT SoA,West,Vrishabhavati Valley,V200,,196,yes
310,08-04-2026,08-04-2026,,,"Yes, I feel safe to conduct the audit",A40,Left hand side (LHS),,,13.0078149 77.5305627 787.7999877929688 4.859,13.0078149,77.5305627,787.7999878,4.859,2026/04/08 16:02:00+0530,,,,,,,,,,,,,1775644414250.jpg,,,,Retaining wall intact throughout the stretch,3,"Yes, covered on sides and top",Reinforced Cement Concrete (RCC),1775644388107.jpg,,Not applicable ,Not applicable,,,,,Not applicable,,,,,,,,,,,Not applicable,Not applicable,,,,,Yes,1775640714487.jpg,,Yes,1775640750314.jpg,,Cannot see,,,,OK,719199168,58a66b6e-0595-401d-aa5b-5be648bc27a7,08-04-2026 11:27,,,submitted_via_web,,vkbFwZJLxY6frYjhVP9c6i,,uuid:58a66b6e-0595-401d-aa5b-5be648bc27a7,RIT SoA,West,Vrishabhavati Valley,V200,,197,yes
309,08-04-2026,08-04-2026,,,"Yes, I feel safe to conduct the audit",A40,Left hand side (LHS),,,13.0074966 77.5301724 793.5 4.404,13.0074966,77.5301724,793.5,4.404,2026/04/08 15:56:00+0530,,,,,,,,,,,,,1775644017088.jpg,,,,Retaining wall intact throughout the stretch,3,"Yes, covered only on sides",Reinforced Cement Concrete (RCC),1775644004959.jpg,,"Vehicular, I can see vehicles on the bridge",Intact;  path and fence not broken ,,,,,Safe to walk (clear path),,,,,,,,,1775644049879.jpg,https://kf.kobotoolbox.org/api/v2/assets/aLP6mR6GUPYRbYEjUKj73j/data/719187122/attachments/attUGgWrvguudkCgDySFskD7/,Yes,1,1775644106719.jpg,,https://kf.kobotoolbox.org/api/v2/assets/aLP6mR6GUPYRbYEjUKj73j/data/719187122/attachments/attTwVMx9pELQgQM7VruXZE7/,,No,,,Cannot see,,,Yes,1775644827063.jpg,,,OK,719199396,ab524fd1-8cab-4335-978e-89d3419f0659,08-04-2026 11:27,,,submitted_via_web,,vkbFwZJLxY6frYjhVP9c6i,,uuid:ab524fd1-8cab-4335-978e-89d3419f0659,RIT SoA,West,Vrishabhavati Valley,V200,,198,yes
313,08-04-2026,08-04-2026,,,"Yes, I feel safe to conduct the audit",A44,Right hand side (RHS),,,13.0075076 77.5300902 793.0 4.986,13.0075076,77.5300902,793,4.986,2026/04/08 16:11:00+0530,,,,,,,,,,,,,1775645039324.jpg,,,,Retaining wall intact throughout the stretch,3,"Yes, covered only on sides",Reinforced Cement Concrete (RCC),1775644985618.jpg,,"Vehicular, I can see vehicles on the bridge",Broken wall/fence,,,,,Obstructed path (solid waste),,,,,,,,,1775645083035.jpg,https://kf.kobotoolbox.org/api/v2/assets/aLP6mR6GUPYRbYEjUKj73j/data/719187216/attachments/attbANpN8Hg7JSmx4hfamHw7/,Yes,1,1775645163826.jpg,,https://kf.kobotoolbox.org/api/v2/assets/aLP6mR6GUPYRbYEjUKj73j/data/719187216/attachments/attccM3bTFmwHkfFLdyR6Lb8/,,No,,,Cannot see,,,Cannot see,,,,OK,719199957,be2d9caa-228c-4c6b-aec6-f049f760fdc8,08-04-2026 11:27,,,submitted_via_web,,vkbFwZJLxY6frYjhVP9c6i,,uuid:be2d9caa-228c-4c6b-aec6-f049f760fdc8,RIT SoA,West,Vrishabhavati Valley,V200,,199,yes
287,08-04-2026,08-04-2026,,,"Yes, I feel safe to conduct the audit",A42,Left hand side (LHS),,,13.0068762 77.5299726 790.648260855911 4.692,13.0068762,77.5299726,790.6482609,4.692,2026/04/08 16:52:00+0530,,,,,,,,,,,,,1775647566786.jpg,,,,Retaining wall intact throughout the stretch,4,"Yes, covered only on sides",Reinforced Cement Concrete (RCC),1775647535967.jpg,,"Vehicular, I can see vehicles on the bridge",Broken wall/fence,,,,,Safe to walk (clear path),,,,,,,,,,,Yes,1,1775647706718.jpg,,https://kf.kobotoolbox.org/api/v2/assets/aLP6mR6GUPYRbYEjUKj73j/data/719229687/attachments/attpd7susBQXjqNa9GFQC9G9/,,Yes,1775643479474.jpg,https://kf.kobotoolbox.org/api/v2/assets/aLP6mR6GUPYRbYEjUKj73j/data/719187090/attachments/attMqnFUPqJ2ewLu75h3jfFS/,Cannot see,,,Cannot see,,,,OK,719187090,f5640a34-d34a-409a-83a8-b10995f4a0b8,08-04-2026 11:14,,,submitted_via_web,,vkbFwZJLxY6frYjhVP9c6i,,uuid:f5640a34-d34a-409a-83a8-b10995f4a0b8,RIT SoA,West,Vrishabhavati Valley,V200,,200,yes
319,08-04-2026,08-04-2026,,,"Yes, I feel safe to conduct the audit",A41,Right hand side (RHS),,,13.0067976 77.5298772 795.5999755859375 4.242,13.0067976,77.5298772,795.5999756,4.242,2026/04/08 15:58:00+0530,,,,,,,,,,,,,1775644360081.jpg,,,,Broken in some places,3.9,"Yes, covered only on sides",Reinforced Cement Concrete (RCC),1775644281829.jpg,,"Vehicular, I can see vehicles on the bridge",Intact;  path and fence not broken ,,,,,Obstructed path (solid waste),,,,,,,,,1775644421735.jpg,https://kf.kobotoolbox.org/api/v2/assets/aLP6mR6GUPYRbYEjUKj73j/data/719191428/attachments/attzPerg2YXjUUgiSA5xKg2i/,Yes,1,1775644482513.jpg,,https://kf.kobotoolbox.org/api/v2/assets/aLP6mR6GUPYRbYEjUKj73j/data/719191428/attachments/attXE2tpb5Byk4xVVBntLB5L/,,Yes,1775644187011.jpg,https://kf.kobotoolbox.org/api/v2/assets/aLP6mR6GUPYRbYEjUKj73j/data/719187094/attachments/attkJtgtHKfgZPmDdr7wRWYg/,Cannot see,,,Yes,1775644228251.jpg,https://kf.kobotoolbox.org/api/v2/assets/aLP6mR6GUPYRbYEjUKj73j/data/719187094/attachments/attfCg3Be3aHYwa54Frzvjot/,,OK,719187094,374e07d7-576d-472b-8c40-20426a03a5ee,08-04-2026 11:14,,,submitted_via_web,,vkbFwZJLxY6frYjhVP9c6i,,uuid:374e07d7-576d-472b-8c40-20426a03a5ee,RIT SoA,West,Vrishabhavati Valley,V200,,201,yes
332,08-04-2026,08-04-2026,,,"Yes, I feel safe to conduct the audit",A43,Right hand side (RHS),,,13.006083 77.5297575 794.5999755859375 4.46,13.006083,77.5297575,794.5999756,4.46,2026/04/08 16:20:00+0530,,,,,,,,,,,,,1775645540362.jpg,,,,Retaining wall does not exist,0,There is no fence ,Not applicable,1775645515140.jpg,,Not applicable ,Not applicable,,,,,Not applicable,,,,,,,,,,,Not applicable,Not applicable,,,,,No,,,No,,,Cannot see,,,,OK,719175602,5cf94e02-80c7-4e53-9306-ce39034e130a,08-04-2026 11:04,,,submitted_via_web,,vkbFwZJLxY6frYjhVP9c6i,,uuid:5cf94e02-80c7-4e53-9306-ce39034e130a,RIT SoA,West,Vrishabhavati Valley,V200,,202,yes
339,08-04-2026,08-04-2026,,,"Yes, I feel safe to conduct the audit",A46,Left hand side (LHS),,,13.00548 77.5299146 790.5 4.843,13.0053077,77.5298454,790.5,4.843,2026/04/08 16:32:00+0530,,,,,,,,,,,,,1775646274463.jpg,,,,Retaining wall intact throughout the stretch,6,"Yes, covered only on sides",Reinforced Cement Concrete (RCC),1775646253295.jpg,,Not applicable ,Not applicable,,,,,Not applicable,,,,,,,,,,,Not applicable,Not applicable,,,,,Yes,1775641424333.jpg,https://kf.kobotoolbox.org/api/v2/assets/aLP6mR6GUPYRbYEjUKj73j/data/719197039/attachments/attttPg7uYEvnMaAEBCa6u3q/,No,,,No,,,,OK,719197039,8b5193d5-c7a4-4a02-8312-01806cf1b0ce,08-04-2026 11:24,,,submitted_via_web,,vkbFwZJLxY6frYjhVP9c6i,,uuid:8b5193d5-c7a4-4a02-8312-01806cf1b0ce,RIT SoA,West,Vrishabhavati Valley,V200,,203,yes
320,08-04-2026,08-04-2026,,,"Yes, I feel safe to conduct the audit",A41,Right hand side (RHS),,,13.0050305 77.5294656 790.0 4.676,13.0050305,77.5294656,790,4.676,2026/04/08 16:16:00+0530,,,,,,,,,,,,,1775645302029.jpg,,,,Broken in some places,3,"Yes, covered only on sides",Solid Stone Masonry (SSM),1775645291458.jpg,,Not applicable ,Not applicable,,,,,Not applicable,,,,,,,,,,,Not applicable,Not applicable,,,,,No,,,No,,,Yes,1775640870106.jpg,https://kf.kobotoolbox.org/api/v2/assets/aLP6mR6GUPYRbYEjUKj73j/data/719181721/attachments/att6Jkbs9Gjm5HfKsX5KsnBv/,,OK,719181721,baddbdd6-cdc9-4b79-8cf7-88438ded36b3,08-04-2026 11:09,,,submitted_via_web,,vkbFwZJLxY6frYjhVP9c6i,,uuid:baddbdd6-cdc9-4b79-8cf7-88438ded36b3,RIT SoA,West,Vrishabhavati Valley,V200,,204,yes
293,08-04-2026,08-04-2026,,,"Yes, I feel safe to conduct the audit",A47,Right hand side (RHS),,,13.0048339 77.5296999 797.5228341814129 4.956,13.0048339,77.5296999,797.5228342,4.956,2026/04/08 15:56:00+0530,,,,,,,,,,,,,1775644067409.jpg,,,,Retaining wall intact throughout the stretch,6,"Yes, covered only on sides",Reinforced Cement Concrete (RCC),1775644056346.jpg,,Not applicable ,Not applicable,,,,,Not applicable,,,,,,,,,,,Not applicable,Not applicable,,,,,Yes,1775645719779.jpg,https://kf.kobotoolbox.org/api/v2/assets/aLP6mR6GUPYRbYEjUKj73j/data/719187299/attachments/attb9WfBQyQwF3TvAmpGhDxj/,No,,,Yes,1775645750837.jpg,https://kf.kobotoolbox.org/api/v2/assets/aLP6mR6GUPYRbYEjUKj73j/data/719187299/attachments/attBWUnncczJN2idE88t6eM7/,,OK,719187299,bfa3f4c3-3c7d-424c-a1f0-a091e98fc9b6,08-04-2026 11:14,,,submitted_via_web,,vkbFwZJLxY6frYjhVP9c6i,,uuid:bfa3f4c3-3c7d-424c-a1f0-a091e98fc9b6,RIT SoA,West,Vrishabhavati Valley,V200,,205,yes
326,08-04-2026,08-04-2026,,,"Yes, I feel safe to conduct the audit",A48,Left hand side (LHS),,,13.0041032 77.5293403 788.0 3.908,13.0041032,77.5293403,788,3.908,2026/04/08 15:45:00+0530,,,,,,,,,,,,,1775643377658.jpg,,,,Retaining wall intact throughout the stretch,3,"Yes, covered on sides and top",Reinforced Cement Concrete (RCC),1775643363238.jpg,,"Vehicular, I can see vehicles on the bridge",Intact;  path and fence not broken ,,,,,Obstructed path (parking),,,,,,,,,1775643408600.jpg,https://kf.kobotoolbox.org/api/v2/assets/aLP6mR6GUPYRbYEjUKj73j/data/719197146/attachments/attZnAwek45CKYez4EE6m5ve/,Yes,2,1775643427120.jpg,,https://kf.kobotoolbox.org/api/v2/assets/aLP6mR6GUPYRbYEjUKj73j/data/719197146/attachments/attWctNdd59VLHBwoKHJvsAP/,,No,,,No,,,Yes,1775645484174.jpg,,,OK,719228108,0d45a781-603b-4d25-b1ea-7ed974a68240,08-04-2026 12:01,,,submitted_via_web,,vkbFwZJLxY6frYjhVP9c6i,,uuid:0d45a781-603b-4d25-b1ea-7ed974a68240,RIT SoA,West,Vrishabhavati Valley,V200,,206,yes
338,08-04-2026,08-04-2026,,,"Yes, I feel safe to conduct the audit",A42,Left hand side (LHS),,,13.0040269 77.5293841 788.3999633789062 4.076,13.0040269,77.5293841,788.3999634,4.076,2026/04/08 17:07:00+0530,,,,,,,,,,,,,1775648407797.jpg,,,,Retaining wall intact throughout the stretch,3,"Yes, covered on sides and top",Reinforced Cement Concrete (RCC),1775648316934.jpg,,"Vehicular, I can see vehicles on the bridge",Intact;  path and fence not broken ,,,,,Safe to walk (clear path),,,,,,,,,1775648473619.jpg,https://kf.kobotoolbox.org/api/v2/assets/aLP6mR6GUPYRbYEjUKj73j/data/719228349/attachments/attdpCidveeo5BeoKaSJVF24/,Yes,2,,,,,No,,,No,,,Yes,,,,OK,719196956,aab9ac8c-92b2-43b6-beec-e3de394cc2d9,08-04-2026 11:24,,,submitted_via_web,,vkbFwZJLxY6frYjhVP9c6i,,uuid:aab9ac8c-92b2-43b6-beec-e3de394cc2d9,RIT SoA,West,Vrishabhavati Valley,V200,,207,yes
333,08-04-2026,08-04-2026,,,"Yes, I feel safe to conduct the audit",A43,Left hand side (LHS),,,13.003598 77.5290835 785.7999877929688 4.573,13.003598,77.5290835,785.7999878,4.573,2026/04/08 16:39:00+0530,,,,,,,,,,,,,1775646690991.jpg,,,,Retaining wall intact throughout the stretch,3.3,"Yes, covered only on sides",Reinforced Cement Concrete (RCC),1775646664758.jpg,,"Vehicular, I can see vehicles on the bridge",Intact;  path and fence not broken ,,,,,Obstructed path (parking),,,,,,,,,,,No,0,,,,,No,,,No,,,Yes,1775644127536.jpg,https://kf.kobotoolbox.org/api/v2/assets/aLP6mR6GUPYRbYEjUKj73j/data/719175942/attachments/att2peWHrQci3rSAjrjbwFwV/,,OK,719175942,62a15444-0987-4f90-833f-4397542238e3,08-04-2026 11:04,,,submitted_via_web,,vkbFwZJLxY6frYjhVP9c6i,,uuid:62a15444-0987-4f90-833f-4397542238e3,RIT SoA,West,Vrishabhavati Valley,V200,,208,yes
300,08-04-2026,08-04-2026,,,"Yes, I feel safe to conduct the audit",A45,Left hand side (LHS),,,13.0035633 77.52899 786.8999633789062 4.333,13.0035633,77.52899,786.8999634,4.333,2026/04/08 16:12:00+0530,,,,,,,,,,,,,1775645091926.jpg,,,,Retaining wall intact throughout the stretch,3,"Yes, covered only on sides",Reinforced Cement Concrete (RCC),1775645067313.jpg,,"Vehicular, I can see vehicles on the bridge",Broken wall/fence,,,,,Safe to walk (clear path),,,,,,,,,1775645124403.jpg,https://kf.kobotoolbox.org/api/v2/assets/aLP6mR6GUPYRbYEjUKj73j/data/719182556/attachments/attL6m4Mcodp3bDWSRNEkJdv/,Yes,1,1775645214392.jpg,,https://kf.kobotoolbox.org/api/v2/assets/aLP6mR6GUPYRbYEjUKj73j/data/719182556/attachments/attDsfuDzMyQPHqAyUAZkRPf/,,Yes,1775647059811.jpg,https://kf.kobotoolbox.org/api/v2/assets/aLP6mR6GUPYRbYEjUKj73j/data/719191758/attachments/att8nrkKPsxATF6e87YVKHJM/,No,,,Yes,1775647059811.jpg,,,OK,719191758,fc563e5a-a777-4953-a2b4-2a74fb9d6c79,08-04-2026 11:19,,,submitted_via_web,,vkbFwZJLxY6frYjhVP9c6i,,uuid:fc563e5a-a777-4953-a2b4-2a74fb9d6c79,RIT SoA,West,Vrishabhavati Valley,V200,,209,yes
321,08-04-2026,08-04-2026,,,"Yes, I feel safe to conduct the audit",A41,Right hand side (RHS),,,13.0032285 77.5289033 786.7000122070312 4.946,13.0032285,77.5289033,786.7000122,4.946,2026/04/08 16:31:00+0530,,,,,,,,,,,,,1775646191775.jpg,,,,Retaining wall intact throughout the stretch,8.85,"Yes, covered on sides and top",Reinforced Cement Concrete (RCC),1775646143180.jpg,,Not applicable ,Not applicable,,,,,Not applicable,,,,,,,,,,https://kf.kobotoolbox.org/api/v2/assets/aLP6mR6GUPYRbYEjUKj73j/data/719191681/attachments/attT6nG328GXUHnF25USUEqT/,Not applicable,Not applicable,,,https://kf.kobotoolbox.org/api/v2/assets/aLP6mR6GUPYRbYEjUKj73j/data/719191681/attachments/attQcDKRQ2Vn2sCNukXKy4b9/,,Yes,1775643157694.jpg,https://kf.kobotoolbox.org/api/v2/assets/aLP6mR6GUPYRbYEjUKj73j/data/719181979/attachments/attchRHeVkCp3hdyBDgJ5E4h/,No,,,Yes,1775643240644.jpg,https://kf.kobotoolbox.org/api/v2/assets/aLP6mR6GUPYRbYEjUKj73j/data/719181979/attachments/att8TNW7ssfyx8XyXfQkwb9w/,,OK,719181979,1da7a6a2-ebad-424b-9c0b-db850975792f,08-04-2026 11:09,,,submitted_via_web,,vkbFwZJLxY6frYjhVP9c6i,,uuid:1da7a6a2-ebad-424b-9c0b-db850975792f,RIT SoA,West,Vrishabhavati Valley,V200,,210,yes
340,08-04-2026,08-04-2026,,,"Yes, I feel safe to conduct the audit",A46,Left hand side (LHS),,,13.002761 77.5292516 787.0999755859375 4.735,13.002761,77.5292516,787.0999756,4.735,2026/04/08 16:50:00+0530,,,,,,,,,,,,,1775647360903.jpg,,,,Broken in some places,4,"Yes, covered only on sides",Reinforced Cement Concrete (RCC),1775647340147.jpg,,Not applicable ,Not applicable,,,,,Not applicable,,,,,,,,,,,Not applicable,Not applicable,,,,,Yes,1775643477779.jpg,https://kf.kobotoolbox.org/api/v2/assets/aLP6mR6GUPYRbYEjUKj73j/data/719197146/attachments/attj2EyAyTg89iff29Vb7zRx/,Yes,,,No,,,,OK,719197146,2e2a8690-ad05-4ef4-9172-ee9d401615fe,08-04-2026 11:24,,,submitted_via_web,,vkbFwZJLxY6frYjhVP9c6i,,uuid:2e2a8690-ad05-4ef4-9172-ee9d401615fe,RIT SoA,West,Vrishabhavati Valley,V200,,211,yes
294,08-04-2026,08-04-2026,,,"Yes, I feel safe to conduct the audit",A47,Right hand side (RHS),,,13.0021599 77.5291619 790.0848842192585 3.79,13.0021599,77.5291619,790.0848842,3.79,2026/04/08 16:13:00+0530,,,,,,,,,,,,,1775645048826.jpg,,,,Retaining wall intact throughout the stretch,6,"Yes, covered only on sides",Reinforced Cement Concrete (RCC),1775645035887.jpg,,Not applicable ,Not applicable,,,,,Not applicable,,,,,,,,,,,Not applicable,Not applicable,,,,,No,,,No,,,Yes,1775642514665.jpg,https://kf.kobotoolbox.org/api/v2/assets/aLP6mR6GUPYRbYEjUKj73j/data/719191252/attachments/att9d4yAAJ8NEu56N4tHxvJd/,,OK,719191252,6b5d23d5-2f31-4812-8ce3-6ef4b7e7cd67,08-04-2026 11:18,,,submitted_via_web,,vkbFwZJLxY6frYjhVP9c6i,,uuid:6b5d23d5-2f31-4812-8ce3-6ef4b7e7cd67,RIT SoA,West,Vrishabhavati Valley,V200,,212,yes
288,08-04-2026,08-04-2026,,,"Yes, I feel safe to conduct the audit",A42,Right hand side (RHS),,,13.0019692 77.5287631 787.0 4.646,13.0019692,77.5287631,787,4.646,2026/04/08 17:12:00+0530,,,,,,,,,,,,,1775648755203.jpg,,,,Retaining wall intact throughout the stretch,5.5,"Yes, covered only on sides",Reinforced Cement Concrete (RCC),1775648721368.jpg,,Not applicable ,Not applicable,,,,,Not applicable,,,,,,,,,,,Not applicable,Not applicable,,,,,Yes,1775640715399.jpg,https://kf.kobotoolbox.org/api/v2/assets/aLP6mR6GUPYRbYEjUKj73j/data/719187012/attachments/att9PQ6oNjzwSrkngAnwT6K8/,No,,,Yes,1775640783969.jpg,https://kf.kobotoolbox.org/api/v2/assets/aLP6mR6GUPYRbYEjUKj73j/data/719187012/attachments/attteBhiHQWpfBs4hjJ6D5Ni/,,OK,719187012,c7b86ad9-a450-455b-898f-1d144c397166,08-04-2026 11:14,,,submitted_via_web,,vkbFwZJLxY6frYjhVP9c6i,,uuid:c7b86ad9-a450-455b-898f-1d144c397166,RIT SoA,West,Vrishabhavati Valley,V200,,213,yes
327,08-04-2026,08-04-2026,,,"Yes, I feel safe to conduct the audit",A48,Right hand side (RHS),,,13.0014917 77.5282555 788.0 5.647,13.0014917,77.5282555,788,5.647,2026/04/08 15:59:00+0530,,,,,,,,,,,,,1775644261478.jpg,,,,Retaining wall intact throughout the stretch,3.7,There is no fence ,Reinforced Cement Concrete (RCC),1775644244463.jpg,,Not applicable ,Not applicable,,,,,Not applicable,,,,,,,,,,,Not applicable,Not applicable,,,,,Yes,1775640779621.jpg,,Yes,1775640931970.jpg,,Yes,1775641002529.jpg,,,OK,719227791,e81526ca-edcf-4649-8307-d511078929f0,08-04-2026 12:01,,,submitted_via_web,,vkbFwZJLxY6frYjhVP9c6i,,uuid:e81526ca-edcf-4649-8307-d511078929f0,RIT SoA,West,Vrishabhavati Valley,V200,,214,yes
334,08-04-2026,08-04-2026,,,"Yes, I feel safe to conduct the audit",A43,Right hand side (RHS),,,13.0014312 77.5278127 786.2000122070312 4.954,13.0014312,77.5278127,786.2000122,4.954,2026/04/08 16:53:00+0530,,,,,,,,,,,,,1775647521005.jpg,,,,Retaining wall intact throughout the stretch,5.5,"Yes, covered only on sides",Reinforced Cement Concrete (RCC),1775647497900.jpg,,Not applicable ,Not applicable,,,,,Not applicable,,,,,,,,,,,Not applicable,Not applicable,,,,,No,,,No,,,Cannot see,,,,OK,719176037,6c3ca811-d9d0-49c5-8e94-b1dfd223db00,08-04-2026 11:04,,,submitted_via_web,,vkbFwZJLxY6frYjhVP9c6i,,uuid:6c3ca811-d9d0-49c5-8e94-b1dfd223db00,RIT SoA,West,Vrishabhavati Valley,V200,,215,yes
322,08-04-2026,08-04-2026,,,"Yes, I feel safe to conduct the audit",A41,Right hand side (RHS),,,13.0008337 77.5277078 786.2999877929688 4.544,13.0008337,77.5277078,786.2999878,4.544,2026/04/08 16:45:00+0530,,,,,,,,,,,,,1775647006094.jpg,,,,Retaining wall intact throughout the stretch,9,"Yes, covered only on sides",Solid Stone Masonry (SSM),1775646989258.jpg,,Not applicable ,Not applicable,,,,,Not applicable,,,,,,,,,,,Not applicable,Not applicable,,,,,Yes,1775645239959.jpg,https://kf.kobotoolbox.org/api/v2/assets/aLP6mR6GUPYRbYEjUKj73j/data/719182556/attachments/attF9YuxhyEF5KUXXcKc7qAm/,No,,,Yes,1775645285868.jpg,https://kf.kobotoolbox.org/api/v2/assets/aLP6mR6GUPYRbYEjUKj73j/data/719182556/attachments/attwknUrze5w9zpWz4jJxCqe/,,OK,719182556,fe4522e0-7403-4245-bf2f-18c92e6b3cbe,08-04-2026 11:10,,,submitted_via_web,,vkbFwZJLxY6frYjhVP9c6i,,uuid:fe4522e0-7403-4245-bf2f-18c92e6b3cbe,RIT SoA,West,Vrishabhavati Valley,V200,,216,yes
301,08-04-2026,08-04-2026,,,"Yes, I feel safe to conduct the audit",A45,Left hand side (LHS),,,13.0006483 77.5279733 786.5999755859375 2.825,13.0006483,77.5279733,786.5999756,2.825,2026/04/08 16:32:00+0530,,,,,,,,,,,,,,,,,Retaining wall intact throughout the stretch,7,"Yes, covered only on sides",Reinforced Cement Concrete (RCC),1775646168932.jpg,,Not applicable ,Not applicable,,,,,Not applicable,,,,,,,,,,,Not applicable,Not applicable,,,,,No,,,No,,,Yes,1775647780243.jpg,,,OK,719229687,92392ec2-b08f-4a81-aa01-ec30d09bade9,08-04-2026 12:03,,,submitted_via_web,,vkbFwZJLxY6frYjhVP9c6i,,uuid:92392ec2-b08f-4a81-aa01-ec30d09bade9,RIT SoA,West,Vrishabhavati Valley,V200,,217,yes
341,08-04-2026,08-04-2026,,,"Yes, I feel safe to conduct the audit",A42,Right hand side (RHS),,,12.9996918 77.5278417 784.0999755859375 4.907,12.9996918,77.5278417,784.0999756,4.907,2026/04/08 17:26:00+0530,,,,,,,,,,,,,1775649498103.jpg,,,,Retaining wall intact throughout the stretch,3,"Yes, covered only on sides",Reinforced Cement Concrete (RCC),1775649484283.jpg,,"Vehicular, I can see vehicles on the bridge",Intact;  path and fence not broken ,,,,,Obstructed path (parking),,,,,,,,,1775649633779.jpg,https://kf.kobotoolbox.org/api/v2/assets/aLP6mR6GUPYRbYEjUKj73j/data/719228671/attachments/attCEyTNmELNvfPyLXJqJNKn/,No,0,,,,,No,,,Cannot see,,,Cannot see,,,,OK,719197233,25fc98cc-871c-46fc-b115-eb1c2d1de06a,08-04-2026 11:24,,,submitted_via_web,,vkbFwZJLxY6frYjhVP9c6i,,uuid:25fc98cc-871c-46fc-b115-eb1c2d1de06a,RIT SoA,West,Vrishabhavati Valley,V200,,218,yes
343,08-04-2026,08-04-2026,,,"Yes, I feel safe to conduct the audit",A46,Left hand side (LHS),,,12.9996543 77.5278608 784.5999755859375 3.79,12.9996543,77.5278608,784.5999756,3.79,2026/04/08 17:24:00+0530,,,,,,,,,,,,,1775649468948.jpg,,,,Retaining wall intact throughout the stretch,3,"Yes, covered only on sides",Reinforced Cement Concrete (RCC),1775649436714.jpg,,"Vehicular, I can see vehicles on the bridge",Intact;  path and fence not broken ,,,,,Safe to walk (clear path),,,,,,,,,1775649549261.jpg,https://kf.kobotoolbox.org/api/v2/assets/aLP6mR6GUPYRbYEjUKj73j/data/719228924/attachments/att869rSLKbp7Mi7FQSrT2BX/,No,0,,,,,No,,,No,,,No,,,,OK,719197082,e3d06fa8-dd09-4afd-934c-b3eb07cdba01,08-04-2026 11:24,,,submitted_via_web,,vkbFwZJLxY6frYjhVP9c6i,,uuid:e3d06fa8-dd09-4afd-934c-b3eb07cdba01,RIT SoA,West,Vrishabhavati Valley,V200,,219,yes
328,08-04-2026,08-04-2026,,,"Yes, I feel safe to conduct the audit",A48,Right hand side (RHS),,,12.9992149 77.5270968 787.5506367204847 3.0,12.9992149,77.5270968,787.5506367,3,2026/04/08 16:09:00+0530,,,,,,,,,,,,,1775644820382.jpg,,,,Retaining wall intact throughout the stretch,3,"Yes, covered on sides and top",Reinforced Cement Concrete (RCC),1775644810976.jpg,,"Vehicular, I can see vehicles on the bridge",Intact;  path and fence not broken ,,,,,Obstructed path (solid waste),,,,,,,,,1775644842585.jpg,https://kf.kobotoolbox.org/api/v2/assets/aLP6mR6GUPYRbYEjUKj73j/data/719197280/attachments/attBeDKTUA2F3eKFZf7Hh9Qk/,Yes,2,1775644870889.jpg,,https://kf.kobotoolbox.org/api/v2/assets/aLP6mR6GUPYRbYEjUKj73j/data/719197280/attachments/attpKWMHLs8VGRBkwvtTSHii/,,Yes,1775646391571.jpg,,No,,,Yes,1775646431848.jpg,,,OK,719228413,ed90d10e-498c-4f22-8a3d-6d6d8e03ab7d,08-04-2026 12:02,,,submitted_via_web,,vkbFwZJLxY6frYjhVP9c6i,,uuid:ed90d10e-498c-4f22-8a3d-6d6d8e03ab7d,RIT SoA,West,Vrishabhavati Valley,V200,,220,yes
295,08-04-2026,08-04-2026,,,"Yes, I feel safe to conduct the audit",A47,Right hand side (RHS),,,12.9990513 77.5271509 784.5999755859375 4.236,12.9990513,77.5271509,784.5999756,4.236,2026/04/08 16:24:00+0530,,,,,,,,,,,,,1775645739023.jpg,,,,Retaining wall intact throughout the stretch,2.5,"Yes, covered only on sides",Reinforced Cement Concrete (RCC),1775645726463.jpg,,"Vehicular, I can see vehicles on the bridge",Intact;  path and fence not broken ,,,,,Obstructed path (solid waste),,,,,,,,,1775645793555.jpg,https://kf.kobotoolbox.org/api/v2/assets/aLP6mR6GUPYRbYEjUKj73j/data/719176115/attachments/attwDdMbLvN27LaxxXvcesWv/,Yes,2,,,https://kf.kobotoolbox.org/api/v2/assets/aLP6mR6GUPYRbYEjUKj73j/data/719176115/attachments/attWN98jmvjSUtsMquRCJxqA/,,No,1775643549937.jpg,https://kf.kobotoolbox.org/api/v2/assets/aLP6mR6GUPYRbYEjUKj73j/data/719191355/attachments/att6He9JCbdREejHHxZZ5Jrg/,No,,,Yes,1775643580381.jpg,https://kf.kobotoolbox.org/api/v2/assets/aLP6mR6GUPYRbYEjUKj73j/data/719191355/attachments/att8tFU3XgsK7eXkYy9kGgcd/,,OK,719191355,83a28d69-a80c-4353-8de5-24dcb1826186,08-04-2026 11:18,,,submitted_via_web,,vkbFwZJLxY6frYjhVP9c6i,,uuid:83a28d69-a80c-4353-8de5-24dcb1826186,RIT SoA,West,Vrishabhavati Valley,V200,,221,yes
47,07-02-2026,07-02-2026,,,"Yes, I feel safe to conduct the audit",A10,Left hand side (LHS),,,12.9595223 77.5154651 755.2999877929688 3.8,12.9595223,77.5154651,755.2999878,3.8,2026/02/07 11:51:00+0530,,,,,,,,,,,,,1770445406811.jpg,,,,Retaining wall intact throughout the stretch,0,"Yes, covered only on sides",Reinforced Cement Concrete (RCC),1770445386979.jpg,,"Pedestrian, I see only people walking on the bridge",Intact;  path and fence not broken ,,,,,Safe to walk (clear path),,,,,,,,,1770445448158.jpg,https://kf.kobotoolbox.org/api/v2/assets/aLP6mR6GUPYRbYEjUKj73j/data/665841121/attachments/attuX3AYQLRmHo3AC5AyfYYd/,No,0,1770445480037.jpg,,,,No,1770445521083.jpg,,Yes,1770445538871.jpg,https://kf.kobotoolbox.org/api/v2/assets/aLP6mR6GUPYRbYEjUKj73j/data/665841121/attachments/attN25sEafAZoeS99FyrdHL9/,Yes,1770445561966.jpg,https://kf.kobotoolbox.org/api/v2/assets/aLP6mR6GUPYRbYEjUKj73j/data/665841121/attachments/att4VdE43nQRxjVRWu8Gzbt2/,,OK,665841121,229dfb63-3361-4b3d-bc1e-d0522ce151bf,07-02-2026 06:26,,,submitted_via_web,,vJPQqaxfJYoZcmbGG5DBqs,,uuid:229dfb63-3361-4b3d-bc1e-d0522ce151bf,Mod Foundation,West,Vrishabhavati Valley,V200,,222,yes
59,07-02-2026,07-02-2026,,,"Yes, I feel safe to conduct the audit",A11,Left hand side (LHS),,,12.958931 77.5150956 745.9644775390625 3.976,12.958931,77.5150956,745.9644775,3.976,2026/02/07 12:11:00+0530,,,,,,,,,,,,,1770446632695.jpg,,,,Retaining wall intact throughout the stretch,2,"Yes, covered only on sides",Reinforced Cement Concrete (RCC),1770446601963.jpg,,Not applicable ,Not applicable,,,,,Not applicable,,,,,,,,,,,Not applicable,Not applicable,,,,,Yes,1770446695306.jpg,,Yes,1770446710806.jpg,https://kf.kobotoolbox.org/api/v2/assets/aLP6mR6GUPYRbYEjUKj73j/data/665851439/attachments/attZvahycdxEPsSUA35fXUzh/,Yes,1770446726711.jpg,https://kf.kobotoolbox.org/api/v2/assets/aLP6mR6GUPYRbYEjUKj73j/data/665851439/attachments/attW89GTwKNADGikN9Gd4Y35/,,OK,665851439,735effe4-028e-456c-b909-7adbaa704ff7,07-02-2026 06:50,,,submitted_via_web,,vJPQqaxfJYoZcmbGG5DBqs,,uuid:735effe4-028e-456c-b909-7adbaa704ff7,Mod Foundation,West,Vrishabhavati Valley,V200,,223,yes
46,07-02-2026,07-02-2026,,,"Yes, I feel safe to conduct the audit",A10,Left hand side (LHS),,,12.958616 77.5149942 758.8999633789062 11.603,12.958616,77.5149942,758.8999634,11.603,2026/02/07 11:42:00+0530,,,,,,,,,,,,,1770444847321.jpg,,,,Retaining wall intact throughout the stretch,4,"Yes, covered only on sides",Reinforced Cement Concrete (RCC),1770444810688.jpg,,Not applicable ,Not applicable,,,,,Not applicable,,,,,,,,,,,Not applicable,Not applicable,,,,,Yes,1770444908859.jpg,,No,,,Yes,1770444930911.jpg,https://kf.kobotoolbox.org/api/v2/assets/aLP6mR6GUPYRbYEjUKj73j/data/665835999/attachments/attguLJEVXfZVXAeUbDy7idQ/,,OK,665835999,9552a153-94d3-4b80-9c03-d400c069861c,07-02-2026 06:16,,,submitted_via_web,,vJPQqaxfJYoZcmbGG5DBqs,,uuid:9552a153-94d3-4b80-9c03-d400c069861c,Mod Foundation,West,Vrishabhavati Valley,V200,,224,yes
54,07-02-2026,07-02-2026,,,"Yes, I feel safe to conduct the audit",A9,Left hand side (LHS),,,12.9581666 77.5149757 756.7000122070312 4.959,12.9581666,77.5149757,756.7000122,4.959,2026/02/07 12:10:00+0530,,,,,,,,,,,,,1770446643180.jpg,,,,Retaining wall intact throughout the stretch,8,"Yes, covered only on sides",Reinforced Cement Concrete (RCC),1770446606923.jpg,,Not applicable ,Not applicable,,,,,Not applicable,,,,,,,,,,,Not applicable,Not applicable,,,,,Yes,1770446693834.jpg,,Cannot see,,,Cannot see,,,,OK,665850194,78f37121-33b0-4af4-9d0a-f2d85524c90d,07-02-2026 06:48,,,submitted_via_web,,vJPQqaxfJYoZcmbGG5DBqs,,uuid:78f37121-33b0-4af4-9d0a-f2d85524c90d,Mod Foundation,West,Vrishabhavati Valley,V200,,225,yes
52,07-02-2026,07-02-2026,,,"Yes, I feel safe to conduct the audit",A8,Left hand side (LHS),,,12.9577513 77.5146713 759.3999633789062 3.426,12.9577513,77.5146713,759.3999634,3.426,2026/02/07 11:46:00+0530,,,,,,,,,,,,,1770445121355.jpg,,,,Broken in some places,0,"Yes, covered only on sides",Reinforced Cement Concrete (RCC),1770445098400.jpg,,Not applicable ,Not applicable,,,,,Not applicable,,,,,,,,,,,Not applicable,Not applicable,,,,,No,,,No,,,Yes,1770445327855.jpg,https://kf.kobotoolbox.org/api/v2/assets/aLP6mR6GUPYRbYEjUKj73j/data/665847177/attachments/attkKCS6FgptPkVJN2sFbruD/,,OK,665847177,e1746513-40e5-498a-8656-41a5c45deb7a,07-02-2026 06:41,,,submitted_via_web,,vJPQqaxfJYoZcmbGG5DBqs,,uuid:e1746513-40e5-498a-8656-41a5c45deb7a,Mod Foundation,West,Vrishabhavati Valley,V200,,226,yes
58,07-02-2026,07-02-2026,,,"Yes, I feel safe to conduct the audit",A11,Left hand side (LHS),,,12.9576659 77.5142652 745.35498046875 3.944,12.9576659,77.5142652,745.3549805,3.944,2026/02/07 11:53:00+0530,,,,,,,,,,,,,1770445603024.jpg,,,,Broken in some places,,There is no fence ,Reinforced Cement Concrete (RCC),1770445603024.jpg,,Not applicable ,Not applicable,,,,,Not applicable,,,,,,,,,,,Not applicable,Not applicable,,,,,,,,Yes,1770445700068.jpg,https://kf.kobotoolbox.org/api/v2/assets/aLP6mR6GUPYRbYEjUKj73j/data/665851387/attachments/attfTozkHKk6WEEniNce49Qi/,Yes,1770445712800.jpg,https://kf.kobotoolbox.org/api/v2/assets/aLP6mR6GUPYRbYEjUKj73j/data/665851387/attachments/attjpKvKv6LJ5ahggq9QJBZ7/,,OK,665851387,71911db7-0c21-4e42-85e6-6a2cc9bb6df7,07-02-2026 06:50,,,submitted_via_web,,vJPQqaxfJYoZcmbGG5DBqs,,uuid:71911db7-0c21-4e42-85e6-6a2cc9bb6df7,Mod Foundation,West,Vrishabhavati Valley,V200,,227,yes
55,07-02-2026,07-02-2026,,,"Yes, I feel safe to conduct the audit",A9,Left hand side (LHS),,,12.9578789 77.5139434 751.4567175986456 4.214,12.9578789,77.5139434,751.4567176,4.214,2026/02/07 11:45:00+0530,,,,,,,,,,,,,1770445160827.jpg,,,,Retaining wall intact throughout the stretch,4,There is no fence ,Reinforced Cement Concrete (RCC),1770445136376.jpg,,Not applicable ,Not applicable,,,,,Not applicable,,,,,,,,,,,Not applicable,Not applicable,,,,,Yes,1770445221686.jpg,,No,,,Yes,1770445290891.jpg,https://kf.kobotoolbox.org/api/v2/assets/aLP6mR6GUPYRbYEjUKj73j/data/665850208/attachments/att8yQk27rYf4zP7GspqQSgA/,,OK,665850208,55ab1761-6828-4111-b379-6f753ab4cfa9,07-02-2026 06:48,,,submitted_via_web,,vJPQqaxfJYoZcmbGG5DBqs,,uuid:55ab1761-6828-4111-b379-6f753ab4cfa9,Mod Foundation,West,Vrishabhavati Valley,V200,,228,yes
57,06-02-2026,07-02-2026,,,"Yes, I feel safe to conduct the audit",A11,Left hand side (LHS),,,12.9590324 77.5123103 736.0 4.77,12.9590324,77.5123103,736,4.77,2026/02/07 11:22:00+0530,,,,,,,,,,,,,1770443754086.jpg,,,,Retaining wall intact throughout the stretch,4,"Yes, covered only on sides",Reinforced Cement Concrete (RCC),1770443713078.jpg,,Not applicable ,Not applicable,,,,,Not applicable,,,,,,,,,,,Not applicable,Not applicable,,,,,No,,,No,,,Yes,1770443924301.jpg,https://kf.kobotoolbox.org/api/v2/assets/aLP6mR6GUPYRbYEjUKj73j/data/665851267/attachments/attnAv98GXcFKgSnLG48yqcY/,,OK,665851267,0969e889-33bc-42de-a8eb-c01a170f253d,07-02-2026 06:50,,,submitted_via_web,,vJPQqaxfJYoZcmbGG5DBqs,,uuid:0969e889-33bc-42de-a8eb-c01a170f253d,Mod Foundation,West,Vrishabhavati Valley,V200,,229,yes
56,07-02-2026,07-02-2026,,,"Yes, I feel safe to conduct the audit",A11,Left hand side (LHS),,,12.9587643 77.5120683 726.3656005859375 4.77,12.9587643,77.5120683,726.3656006,4.77,2026/02/07 11:14:00+0530,,,,,,,,,,,,,1770443262282.jpg,,,,Retaining wall intact throughout the stretch,13,There is no fence ,Reinforced Cement Concrete (RCC),1770443194686.jpg,,Not applicable ,Not applicable,,,,,Not applicable,,,,,,,,,,,Not applicable,Not applicable,,,,,No,,,Cannot see,,,Yes,,,,OK,665851222,3ccf75d7-0ec5-47c4-909b-9f6ac117640c,07-02-2026 06:49,,,submitted_via_web,,vJPQqaxfJYoZcmbGG5DBqs,,uuid:3ccf75d7-0ec5-47c4-909b-9f6ac117640c,Mod Foundation,West,Vrishabhavati Valley,V200,,230,yes
53,07-02-2026,07-02-2026,,,"Yes, I feel safe to conduct the audit",A9,Right hand side (RHS),,,12.9582837 77.5118079 747.0999755859375 3.886,12.9582837,77.5118079,747.0999756,3.886,2026/02/07 11:14:00+0530,,,,,,,,,,,,,1770443541748.jpg,,,,Retaining wall intact throughout the stretch,10,"Yes, covered only on sides",Reinforced Cement Concrete (RCC),1770443483344.jpg,,Not applicable ,Not applicable,,,,,Not applicable,,,,,,,,,,,Not applicable,Not applicable,,,,,No,,,No,,,Yes,1770443686230.jpg,https://kf.kobotoolbox.org/api/v2/assets/aLP6mR6GUPYRbYEjUKj73j/data/665850182/attachments/attyjeFqiPqAR4kadHzTexSg/,,OK,665850182,097868ce-c6c0-4fe5-aa94-f108a6685086,07-02-2026 06:48,,,submitted_via_web,,vJPQqaxfJYoZcmbGG5DBqs,,uuid:097868ce-c6c0-4fe5-aa94-f108a6685086,Mod Foundation,West,Vrishabhavati Valley,V200,,231,yes
51,07-02-2026,07-02-2026,,,"Yes, I feel safe to conduct the audit",A8,Right hand side (RHS),,,12.9569304 77.5117461 743.0 4.9,12.9569304,77.5117461,743,4.9,2026/02/07 11:27:00+0530,,,,,,,,,,,,,1770444077602.jpg,,,,Retaining wall intact throughout the stretch,6,"Yes, covered only on sides",Reinforced Cement Concrete (RCC),1770443982885.jpg,,"Vehicular, I can see vehicles on the bridge",Intact;  path and fence not broken ,,,,,Safe to walk (clear path),,,,,,,,,1770444112955.jpg,https://kf.kobotoolbox.org/api/v2/assets/aLP6mR6GUPYRbYEjUKj73j/data/665847151/attachments/attg5a7uHL7xgK2xA6Ry4T9R/,Yes,2,1770444193063.jpg,,,,Yes,1770444391674.jpg,,Yes,1770444427353.jpg,https://kf.kobotoolbox.org/api/v2/assets/aLP6mR6GUPYRbYEjUKj73j/data/665847151/attachments/attiTze3ncZfdT6Dhq4X5jrk/,Yes,1770444449616.jpg,https://kf.kobotoolbox.org/api/v2/assets/aLP6mR6GUPYRbYEjUKj73j/data/665847151/attachments/attDn59EwdVnwFgexZrEYDFC/,,OK,665847151,e63ed9ad-c9d1-43d9-92ef-753bde6234a9,07-02-2026 06:40,,,submitted_via_web,,vJPQqaxfJYoZcmbGG5DBqs,,uuid:e63ed9ad-c9d1-43d9-92ef-753bde6234a9,Mod Foundation,West,Vrishabhavati Valley,V200,,232,yes
45,07-02-2026,07-02-2026,,,"Yes, I feel safe to conduct the audit",A10,Left hand side (LHS),,,12.956806 77.5120249 743.0999755859375 3.892,12.956806,77.5120249,743.0999756,3.892,2026/02/07 11:22:00+0530,,,,,,,,,,,,,1770443642938.jpg,,,,Retaining wall intact throughout the stretch,0,"Yes, covered only on sides",Reinforced Cement Concrete (RCC),1770443619236.jpg,,"Vehicular, I can see vehicles on the bridge",Intact;  path and fence not broken ,,,,,Safe to walk (clear path),,,,,,,,,1770443810145.jpg,https://kf.kobotoolbox.org/api/v2/assets/aLP6mR6GUPYRbYEjUKj73j/data/665828029/attachments/attbG9h6jXQg3DF3idTJg7T8/,Yes,2,1770443865576.jpg,,,,No,,,No,,,Yes,1770443942351.jpg,https://kf.kobotoolbox.org/api/v2/assets/aLP6mR6GUPYRbYEjUKj73j/data/665828029/attachments/attmo7AuNuzJo8WBhhwzusLu/,,OK,665828029,3fb6cfa1-a59d-4ca7-ad7d-aaaeca9556d5,07-02-2026 05:59,,,submitted_via_web,,vJPQqaxfJYoZcmbGG5DBqs,,uuid:3fb6cfa1-a59d-4ca7-ad7d-aaaeca9556d5,Mod Foundation,West,Vrishabhavati Valley,V200,,233,yes
50,07-02-2026,07-02-2026,,,"Yes, I feel safe to conduct the audit",A8,Right hand side (RHS),,,12.9563074 77.5115527 741.2999877929688 3.958,12.9563074,77.5115527,741.2999878,3.958,2026/02/07 11:20:00+0530,,,,,,,,,,,,,1770443498562.jpg,,,,Retaining wall intact throughout the stretch,12,"Yes, covered only on sides",Reinforced Cement Concrete (RCC),1770443452013.jpg,,Not applicable ,Not applicable,,,,,Not applicable,,,,,,,,,,,Not applicable,Not applicable,,,,,No,,,No,,,Cannot see,,,,OK,665847102,ce2fc3b9-42d3-4798-9a19-e0bfb04ccc32,07-02-2026 06:40,,,submitted_via_web,,vJPQqaxfJYoZcmbGG5DBqs,,uuid:ce2fc3b9-42d3-4798-9a19-e0bfb04ccc32,Mod Foundation,West,Vrishabhavati Valley,V200,,234,yes
44,07-02-2026,07-02-2026,,,"Yes, I feel safe to conduct the audit",A10,Left hand side (LHS),,,12.9562425 77.5121489 745.5 20.219,12.9562425,77.5121489,745.5,20.219,2026/02/07 11:18:00+0530,,,,,,,,,,,,,1770443330584.jpg,,,,Retaining wall intact throughout the stretch,4,"Yes, covered only on sides",Reinforced Cement Concrete (RCC),1770443318410.jpg,,Not applicable ,Not applicable,,,,,Not applicable,,,,,,,,,,,Not applicable,Not applicable,,,,,No,,,Cannot see,,,Cannot see,,,,OK,665824474,a3618f41-489d-46c0-9766-c634cfbf9ea5,07-02-2026 05:50,,,submitted_via_web,,vJPQqaxfJYoZcmbGG5DBqs,,uuid:a3618f41-489d-46c0-9766-c634cfbf9ea5,Mod Foundation,West,Vrishabhavati Valley,V200,,235,yes
49,07-02-2026,07-02-2026,,,"Yes, I feel safe to conduct the audit",A8,Right hand side (RHS),,,12.9555426 77.51148 741.5999755859375 4.268,12.9555426,77.51148,741.5999756,4.268,2026/02/07 11:08:00+0530,,,,,,,,,,,,,1770442848658.jpg,,,,Retaining wall intact throughout the stretch,12,"Yes, covered only on sides",Reinforced Cement Concrete (RCC),1770442811886.jpg,,Not applicable ,Not applicable,,,,,Not applicable,,,,,,,,,,,Not applicable,Not applicable,,,,,No,,,No,,,Yes,1770443129712.jpg,https://kf.kobotoolbox.org/api/v2/assets/aLP6mR6GUPYRbYEjUKj73j/data/665847055/attachments/attTFHrkYRiBFSjzSSbKY6gn/,,OK,665847055,330eb0cf-5692-42cb-b35b-4ba192a17db0,07-02-2026 06:40,,,submitted_via_web,,vJPQqaxfJYoZcmbGG5DBqs,,uuid:330eb0cf-5692-42cb-b35b-4ba192a17db0,Mod Foundation,West,Vrishabhavati Valley,V200,,236,yes
43,07-02-2026,07-02-2026,,,"Yes, I feel safe to conduct the audit",A10,Left hand side (LHS),,,12.9553374 77.5120476 745.5 4.454,12.9553374,77.5120476,745.5,4.454,2026/02/07 11:09:00+0530,,,,,,,,,,,,,1770442881204.jpg,,,,Retaining wall intact throughout the stretch,4,"Yes, covered only on sides",Reinforced Cement Concrete (RCC),1770442839923.jpg,,Not applicable ,Not applicable,,,,,Not applicable,,,,,,,,,,,Not applicable,Not applicable,,,,,No,,,Cannot see,,,Cannot see,,,,OK,665824439,9e8550e8-7fc9-443d-80a2-3891b0eb4f1f,07-02-2026 05:50,,,submitted_via_web,,vJPQqaxfJYoZcmbGG5DBqs,,uuid:9e8550e8-7fc9-443d-80a2-3891b0eb4f1f,Mod Foundation,West,Vrishabhavati Valley,V200,,237,yes
254,27-04-2026,27-04-2026,,,"Yes, I feel safe to conduct the audit",A50,Right hand side (RHS),,,12.9519893 77.5545298 789.5 58.053,12.9519893,77.5545298,789.5,58.053,2026/04/27 08:33:00+0530,,,,,,,,,,,,,1777259376493.jpg,https://kf.kobotoolbox.org/api/v2/assets/aLP6mR6GUPYRbYEjUKj73j/data/736311267/attachments/att9EYbKjyzhmyDiPAfHiyVD/,,,Retaining wall intact throughout the stretch,4,"Yes, covered only on sides",Reinforced Cement Concrete (RCC),1777259298061.jpg,https://kf.kobotoolbox.org/api/v2/assets/aLP6mR6GUPYRbYEjUKj73j/data/736311267/attachments/attpvd6omaRwCynBLJJzymnK/,Not applicable ,Not applicable,,,,,Not applicable,,,,,,,,,,,Not applicable,Not applicable,,,,,Yes,1777259482113.jpg,https://kf.kobotoolbox.org/api/v2/assets/aLP6mR6GUPYRbYEjUKj73j/data/736311267/attachments/attknFNC39tmrhkPsjbhsD5e/,No,1777259546714.jpg,https://kf.kobotoolbox.org/api/v2/assets/aLP6mR6GUPYRbYEjUKj73j/data/736311267/attachments/attdBPko9yo7GrnGBhHegZXf/,No,,,,OK,736311267,de0d1aec-516d-42de-acb4-aa320c062bec,27-04-2026 05:15,,,submitted_via_web,,vkbFwZJLxY6frYjhVP9c6i,,uuid:de0d1aec-516d-42de-acb4-aa320c062bec,BMSCA,Central,Vrishabhavati Valley,,V120,238,yes
243,27-04-2026,27-04-2026,,,"Yes, I feel safe to conduct the audit",A51,Right hand side (RHS),,,12.9516562 77.5537002 781.2169023287828 4.894,12.9516562,77.5537002,781.2169023,4.894,2026/04/27 08:38:00+0530,,,,,,,,,,,,,1777259548786.jpg,https://kf.kobotoolbox.org/api/v2/assets/aLP6mR6GUPYRbYEjUKj73j/data/736305770/attachments/attKvDfCNkUadWahrYmagj7J/,,,Retaining wall intact throughout the stretch,2.4,"Yes, covered only on sides","Both, SSM and RCC",1777259478049.jpg,https://kf.kobotoolbox.org/api/v2/assets/aLP6mR6GUPYRbYEjUKj73j/data/736305770/attachments/attAzA4jPkdRXHCRpGTDLwtB/,"Vehicular, I can see vehicles on the bridge",Intact;  path and fence not broken ,,,,,Safe to walk (clear path),,,,,,,,,1777259870491.jpg,https://kf.kobotoolbox.org/api/v2/assets/aLP6mR6GUPYRbYEjUKj73j/data/736305770/attachments/attPdTo68htbMzJgdS2NKpkY/,No,0,1777260088958.jpg,,https://kf.kobotoolbox.org/api/v2/assets/aLP6mR6GUPYRbYEjUKj73j/data/736305770/attachments/attqey5WDo5NnJXMTKmE3xKF/,,Yes,1777260124649.jpg,https://kf.kobotoolbox.org/api/v2/assets/aLP6mR6GUPYRbYEjUKj73j/data/736305770/attachments/atte4g5szfJ79mXsFoktqCEw/,Yes,1777260242657.jpg,https://kf.kobotoolbox.org/api/v2/assets/aLP6mR6GUPYRbYEjUKj73j/data/736305770/attachments/attfcUNNZkEMQGqNrfHLBbg9/,No,,,,OK,736305770,cacffeda-54e8-459f-b3bf-de4b53df544c,27-04-2026 05:06,,,submitted_via_web,,vkbFwZJLxY6frYjhVP9c6i,,uuid:cacffeda-54e8-459f-b3bf-de4b53df544c,BMSCA,Central,Vrishabhavati Valley,,V120,239,yes
279,25-04-2026,27-04-2026,,,"Yes, I feel safe to conduct the audit",A56,Left hand side (LHS),,,12.9516103 77.5537856 786.7999877929688 2.92,12.9516103,77.5537856,786.7999878,2.92,2026/04/27 08:36:00+0530,,,,,,,,,,,,,1777260261987.jpg,https://kf.kobotoolbox.org/api/v2/assets/aLP6mR6GUPYRbYEjUKj73j/data/736354297/attachments/attnZdyGZDx8WUTi7fsG6kPf/,,,Retaining wall intact throughout the stretch,5.1,"Yes, covered only on sides",Reinforced Cement Concrete (RCC),1777259528017.jpg,https://kf.kobotoolbox.org/api/v2/assets/aLP6mR6GUPYRbYEjUKj73j/data/736354297/attachments/attbk6M5DFSBgyMjzrR7PUjd/,"Vehicular, I can see vehicles on the bridge",Intact;  path and fence not broken ,,,,,Safe to walk (clear path),,,,,,,,,1777260281448.jpg,https://kf.kobotoolbox.org/api/v2/assets/aLP6mR6GUPYRbYEjUKj73j/data/736354297/attachments/attURmS5U2mDTGVSjqFUy7o2/,No,0,1777260509923.jpg,,https://kf.kobotoolbox.org/api/v2/assets/aLP6mR6GUPYRbYEjUKj73j/data/736354297/attachments/attJfBkkWuW7FvbnVs6CEbqV/,,Yes,1777260576708.jpg,https://kf.kobotoolbox.org/api/v2/assets/aLP6mR6GUPYRbYEjUKj73j/data/736354297/attachments/attmcFDHBhcKjSbndSGBNPRA/,No,1777260677972.jpg,https://kf.kobotoolbox.org/api/v2/assets/aLP6mR6GUPYRbYEjUKj73j/data/736354297/attachments/attzeuVoLaEMfFfXj9qVscyu/,Yes,1777260703956.jpg,https://kf.kobotoolbox.org/api/v2/assets/aLP6mR6GUPYRbYEjUKj73j/data/736354297/attachments/atthSTxB4hVUjS5fBPSeX6Bc/,,OK,736354297,339b68f6-8936-4f7c-be9e-abd1ed086f35,27-04-2026 06:19,,,submitted_via_web,,vkbFwZJLxY6frYjhVP9c6i,,uuid:339b68f6-8936-4f7c-be9e-abd1ed086f35,BMSCA,Central,Vrishabhavati Valley,,V120,240,yes
272,27-04-2026,27-04-2026,,,"Yes, I feel safe to conduct the audit",A52,Right hand side (RHS),,,12.951413 77.5527481 784.5 4.359,12.951413,77.5527481,784.5,4.359,2026/04/27 08:45:00+0530,,,,,,,,,,,,,1777260150505.jpg,https://kf.kobotoolbox.org/api/v2/assets/aLP6mR6GUPYRbYEjUKj73j/data/736343691/attachments/attDbQLHxGn6y9Eqvck7SXEF/,,,Retaining wall intact throughout the stretch,8,There is no fence ,Reinforced Cement Concrete (RCC),1777260272243.jpg,https://kf.kobotoolbox.org/api/v2/assets/aLP6mR6GUPYRbYEjUKj73j/data/736343691/attachments/attE8SsrAAfiaALfadB3sCa7/,Not applicable ,Not applicable,,,,,Not applicable,,,,,,,,,,,Not applicable,Not applicable,,,,,Yes,1777260392942.jpg,https://kf.kobotoolbox.org/api/v2/assets/aLP6mR6GUPYRbYEjUKj73j/data/736343691/attachments/attWK6mE2t3C9zBfDHnMrba9/,Yes,1777260443872.jpg,https://kf.kobotoolbox.org/api/v2/assets/aLP6mR6GUPYRbYEjUKj73j/data/736343691/attachments/attL8EVV7BX66RHkuVuvsxaW/,No,,,,OK,736343691,a3c70fa7-5570-45e2-8f22-0be81ce75110,27-04-2026 06:06,,,submitted_via_web,,vkbFwZJLxY6frYjhVP9c6i,,uuid:a3c70fa7-5570-45e2-8f22-0be81ce75110,BMSCA,Central,Vrishabhavati Valley,,V120,241,yes
250,27-04-2026,27-04-2026,,,"Yes, I feel safe to conduct the audit",A55,Right hand side (RHS),,,12.9512415 77.5523521 784.2999877929688 4.585,12.9512415,77.5523521,784.2999878,4.585,2026/04/27 08:43:00+0530,,,,,,,,,,,,,1777259732632.jpg,https://kf.kobotoolbox.org/api/v2/assets/aLP6mR6GUPYRbYEjUKj73j/data/736306589/attachments/attvwH74nitBUaWDzFquKNQg/,,,Broken in some places,3.3,"Yes, covered only on sides",Reinforced Cement Concrete (RCC),1777259696494.jpg,https://kf.kobotoolbox.org/api/v2/assets/aLP6mR6GUPYRbYEjUKj73j/data/736306589/attachments/atttKpWobiJLXo5D888iv4Cx/,"Vehicular, I can see vehicles on the bridge",Intact;  path and fence not broken ,,,,,Obstructed path (solid waste),,,,,,,,,1777259886939.jpg,https://kf.kobotoolbox.org/api/v2/assets/aLP6mR6GUPYRbYEjUKj73j/data/736306589/attachments/attTraQaCnjaFxp2dzhhoxDZ/,No,0,1777259988748.jpg,,https://kf.kobotoolbox.org/api/v2/assets/aLP6mR6GUPYRbYEjUKj73j/data/736306589/attachments/att3bLjMSaH398GUAg962qnK/,,No,1777260071874.jpg,https://kf.kobotoolbox.org/api/v2/assets/aLP6mR6GUPYRbYEjUKj73j/data/736306589/attachments/attPqmx2kqK65qHpand7g7uy/,No,1777260130375.jpg,https://kf.kobotoolbox.org/api/v2/assets/aLP6mR6GUPYRbYEjUKj73j/data/736306589/attachments/att3hkZDYhtnWuUEWcAqkAEi/,Yes,1777260169700.jpg,https://kf.kobotoolbox.org/api/v2/assets/aLP6mR6GUPYRbYEjUKj73j/data/736306589/attachments/att9GD7UTtGjCLTZHYrzyPzG/,,OK,736306589,7936cfdc-a4f8-4fb4-9a4b-db472dd0c743,27-04-2026 05:07,,,submitted_via_web,,vkbFwZJLxY6frYjhVP9c6i,,uuid:7936cfdc-a4f8-4fb4-9a4b-db472dd0c743,BMSCA,Central,Vrishabhavati Valley,,V120,242,yes
235,27-04-2026,27-04-2026,,,"Yes, I feel safe to conduct the audit",A54,Left hand side (LHS),,,12.9513225 77.5521693 784.7999877929688 13.479,12.9512945,77.5519218,784.7999878,13.479,2026/04/27 08:47:00+0530,,,,,,,,,,,,,1777260050200.jpg,https://kf.kobotoolbox.org/api/v2/assets/aLP6mR6GUPYRbYEjUKj73j/data/736264765/attachments/attAFzNyLajn9DUZv5sAkf6N/,,,Retaining wall intact throughout the stretch,4,"Yes, covered only on sides",Solid Stone Masonry (SSM),1777260004071.jpg,https://kf.kobotoolbox.org/api/v2/assets/aLP6mR6GUPYRbYEjUKj73j/data/736264765/attachments/attYJeZVzNx8smJUNNJmfScF/,Not applicable ,Not applicable,,,,,Not applicable,,,,,,,,,,https://kf.kobotoolbox.org/api/v2/assets/aLP6mR6GUPYRbYEjUKj73j/data/736264765/attachments/attDQjaM4Xv5KE25qhBaUCnX/,Not applicable,Not applicable,,,,,No,,,No,1777260226681.jpg,https://kf.kobotoolbox.org/api/v2/assets/aLP6mR6GUPYRbYEjUKj73j/data/736264765/attachments/attuWJDGPnsUtZTb5Y4e8Q58/,No,,,,OK,736264765,90c78e08-6e1a-4e4b-8ae4-4ccec95b672a,27-04-2026 03:24,,,submitted_via_web,,vkbFwZJLxY6frYjhVP9c6i,,uuid:90c78e08-6e1a-4e4b-8ae4-4ccec95b672a,BMSCA,West,Vrishabhavati Valley,,V120,243,yes
264,27-04-2026,27-04-2026,,,"Yes, I feel safe to conduct the audit",A53,Left hand side (LHS),,,12.9516271 77.5516077 783.2999877929688 4.3,12.9516271,77.5516077,783.2999878,4.3,2026/04/27 09:03:00+0530,,,,,,,,,,,,,1777260963252.jpg,https://kf.kobotoolbox.org/api/v2/assets/aLP6mR6GUPYRbYEjUKj73j/data/736336712/attachments/attM3RN7x9uZrvKfTRAevDyg/,,,Retaining wall intact throughout the stretch,5,"Yes, covered only on sides",Reinforced Cement Concrete (RCC),1777260928267.jpg,https://kf.kobotoolbox.org/api/v2/assets/aLP6mR6GUPYRbYEjUKj73j/data/736336712/attachments/att8n8hVCKfeodAAzY8xb8tp/,Not applicable ,Not applicable,,,,,Not applicable,,,,,,,,,,,Not applicable,Not applicable,,,,,No,,,No,,,Yes,1777261110088.jpg,https://kf.kobotoolbox.org/api/v2/assets/aLP6mR6GUPYRbYEjUKj73j/data/736336712/attachments/attVZWSgwaBCvdQoP5jBavD8/,,OK,736336712,6d35986c-8268-4adc-bd3a-7a94371f1aac,27-04-2026 05:56,,,submitted_via_web,,vkbFwZJLxY6frYjhVP9c6i,,uuid:6d35986c-8268-4adc-bd3a-7a94371f1aac,BMSCA,West,Vrishabhavati Valley,,V120,244,yes
255,27-04-2026,27-04-2026,,,"Yes, I feel safe to conduct the audit",A50,Left hand side (LHS),,,12.951972 77.5513706 783.8999633789062 4.875,12.951972,77.5513706,783.8999634,4.875,2026/04/27 08:55:00+0530,,,,,,,,,,,,,1777260464977.jpg,https://kf.kobotoolbox.org/api/v2/assets/aLP6mR6GUPYRbYEjUKj73j/data/736311311/attachments/atti7h8SgFpy9nazR6zyHdY8/,,,Retaining wall intact throughout the stretch,4,"Yes, covered only on sides",Reinforced Cement Concrete (RCC),1777260442616.jpg,https://kf.kobotoolbox.org/api/v2/assets/aLP6mR6GUPYRbYEjUKj73j/data/736311311/attachments/attNQaZZdiJRATwVHAjSL53o/,"Vehicular, I can see vehicles on the bridge",Intact;  path and fence not broken ,,,,,Safe to walk (clear path),,,,,,,,,1777260516602.jpg,https://kf.kobotoolbox.org/api/v2/assets/aLP6mR6GUPYRbYEjUKj73j/data/736311311/attachments/attBeWFXbNpNzWwzVhaASUXD/,Yes,1,1777260681009.jpg,,https://kf.kobotoolbox.org/api/v2/assets/aLP6mR6GUPYRbYEjUKj73j/data/736311311/attachments/attZX4uCihbSvPnV68kbAVgg/,,Yes,1777260634592.jpg,https://kf.kobotoolbox.org/api/v2/assets/aLP6mR6GUPYRbYEjUKj73j/data/736311311/attachments/attqXipLdcPPqAR4XgJFPXGZ/,Cannot see,,,No,,,,OK,736311311,e1cf3a20-00bc-437d-8844-c60c02067800,27-04-2026 05:15,,,submitted_via_web,,vkbFwZJLxY6frYjhVP9c6i,,uuid:e1cf3a20-00bc-437d-8844-c60c02067800,BMSCA,West,Vrishabhavati Valley,,V120,245,yes
244,27-04-2026,27-04-2026,,,"Yes, I feel safe to conduct the audit",A51,Right hand side (RHS),,,12.9521072 77.5514351 779.548951781962 4.611,12.9521072,77.5514351,779.5489518,4.611,2026/04/27 09:05:00+0530,,,,,,,,,,,,,1777261059175.jpg,https://kf.kobotoolbox.org/api/v2/assets/aLP6mR6GUPYRbYEjUKj73j/data/736305998/attachments/attbdnqpr9c5KwFHVjVqzLbw/,,,Retaining wall intact throughout the stretch,4.2,"Yes, covered only on sides",Reinforced Cement Concrete (RCC),1777261035050.jpg,https://kf.kobotoolbox.org/api/v2/assets/aLP6mR6GUPYRbYEjUKj73j/data/736305998/attachments/attAAXhX2PBWNwSUeP23MExT/,"Vehicular, I can see vehicles on the bridge",Intact;  path and fence not broken ,,,,,Obstructed path (solid waste),,,,,,,,,1777261106736.jpg,https://kf.kobotoolbox.org/api/v2/assets/aLP6mR6GUPYRbYEjUKj73j/data/736305998/attachments/att3HgEGSBTQRogVAvrwPTV5/,Yes,1,,,,,Yes,1777261140659.jpg,https://kf.kobotoolbox.org/api/v2/assets/aLP6mR6GUPYRbYEjUKj73j/data/736305998/attachments/attZPMAwXwU8ACDarfSTMbhT/,Yes,1777261152753.jpg,https://kf.kobotoolbox.org/api/v2/assets/aLP6mR6GUPYRbYEjUKj73j/data/736305998/attachments/atts4GggkRaukmZCSCKJmYwa/,No,,,,OK,736305998,18299c09-7c51-4d41-af14-d119f342f606,27-04-2026 05:06,,,submitted_via_web,,vkbFwZJLxY6frYjhVP9c6i,,uuid:18299c09-7c51-4d41-af14-d119f342f606,BMSCA,Central,Vrishabhavati Valley,,V120,246,yes
280,27-04-2026,27-04-2026,,,"Yes, I feel safe to conduct the audit",A56,Left hand side (LHS),,,12.9519044 77.5510786 783.8999633789062 3.658,12.9519044,77.5510786,783.8999634,3.658,2026/04/27 09:10:00+0530,,,,,,,,,,,,,1777261337583.jpg,https://kf.kobotoolbox.org/api/v2/assets/aLP6mR6GUPYRbYEjUKj73j/data/736354350/attachments/att9ALzdLDRyMxQ7as5DqhWJ/,,,Retaining wall intact throughout the stretch,7.2,"Yes, covered only on sides",Reinforced Cement Concrete (RCC),1777261321085.jpg,https://kf.kobotoolbox.org/api/v2/assets/aLP6mR6GUPYRbYEjUKj73j/data/736354350/attachments/attmbWXPDxSacA9L3tHTmp5R/,Not applicable ,Not applicable,,,,,Not applicable,,,,,,,,,,,Not applicable,Not applicable,,,,,Yes,1777261400755.jpg,https://kf.kobotoolbox.org/api/v2/assets/aLP6mR6GUPYRbYEjUKj73j/data/736354350/attachments/attiAkYvdEvJvfvy63PfxeUb/,No,,https://kf.kobotoolbox.org/api/v2/assets/aLP6mR6GUPYRbYEjUKj73j/data/736354350/attachments/attGLsSUMg5EeNBV85sQqA9M/,Yes,1777261436072.jpg,,,OK,736354350,93a883e8-a878-46c2-84f3-2d73305eaac9,27-04-2026 06:19,,,submitted_via_web,,vkbFwZJLxY6frYjhVP9c6i,,uuid:93a883e8-a878-46c2-84f3-2d73305eaac9,BMSCA,West,Vrishabhavati Valley,,V120,247,yes
273,27-04-2026,27-04-2026,,,"Yes, I feel safe to conduct the audit",A52,Right hand side (RHS),,,12.9521887 77.5505944 785.7999877929688 4.166,12.9521887,77.5505944,785.7999878,4.166,2026/04/27 09:16:00+0530,,,,,,,,,,,,,1777261708141.jpg,https://kf.kobotoolbox.org/api/v2/assets/aLP6mR6GUPYRbYEjUKj73j/data/736343866/attachments/attNVDmJPtHLmbdg4NDEVTvg/,,,Retaining wall intact throughout the stretch,3,"Yes, covered only on sides",Reinforced Cement Concrete (RCC),1777261692485.jpg,https://kf.kobotoolbox.org/api/v2/assets/aLP6mR6GUPYRbYEjUKj73j/data/736343866/attachments/attZQ2wJGdgtfN5raUjZ3xTy/,Not applicable ,Not applicable,,,,,Not applicable,,,,,,,,,,,Not applicable,Not applicable,,,,,No,,,No,,,Yes,1777261812526.jpg,https://kf.kobotoolbox.org/api/v2/assets/aLP6mR6GUPYRbYEjUKj73j/data/736343866/attachments/attt2cbwgksGpdSPnN8BMLTn/,,OK,736343866,577ef77b-2ea4-4541-9bcb-ff0a74d33b65,27-04-2026 06:06,,,submitted_via_web,,vkbFwZJLxY6frYjhVP9c6i,,uuid:577ef77b-2ea4-4541-9bcb-ff0a74d33b65,BMSCA,Central,Vrishabhavati Valley,,V120,248,yes
236,27-04-2026,27-04-2026,,,"Yes, I feel safe to conduct the audit",A55,Left hand side (LHS),,,12.9519565 77.5497233 787.5 4.728,12.9519565,77.5497233,787.5,4.728,2026/04/27 08:59:00+0530,,,,,,,,,,,,,1777260652129.jpg,https://kf.kobotoolbox.org/api/v2/assets/aLP6mR6GUPYRbYEjUKj73j/data/736267771/attachments/attrwZFZrchTSfcFkWzmQQTs/,,,Retaining wall intact throughout the stretch,6,"Yes, covered only on sides",Reinforced Cement Concrete (RCC),1777260638830.jpg,https://kf.kobotoolbox.org/api/v2/assets/aLP6mR6GUPYRbYEjUKj73j/data/736267771/attachments/attkt7fjZHqvQM8KWtHgLanN/,Not applicable ,Not applicable,,,,,Not applicable,,,,,,,,,1777260676383.jpg,https://kf.kobotoolbox.org/api/v2/assets/aLP6mR6GUPYRbYEjUKj73j/data/736267771/attachments/attFpfKyMsosVFLcvHGTtpbX/,Not applicable,Not applicable,1777260719217.jpg,,https://kf.kobotoolbox.org/api/v2/assets/aLP6mR6GUPYRbYEjUKj73j/data/736267771/attachments/attZ5rsDU9BJKkuqqLeuZj39/,,No,1777260733935.jpg,https://kf.kobotoolbox.org/api/v2/assets/aLP6mR6GUPYRbYEjUKj73j/data/736267771/attachments/attyMVEjnihixZAoMN2Qtss3/,No,1777260746845.jpg,https://kf.kobotoolbox.org/api/v2/assets/aLP6mR6GUPYRbYEjUKj73j/data/736267771/attachments/attT2yp3ZHgdMu2BywVWda2C/,Cannot see,,,,OK,736267771,01b4a144-64fa-491c-8221-46922ff11841,27-04-2026 03:33,,,submitted_via_web,,vkbFwZJLxY6frYjhVP9c6i,,uuid:01b4a144-64fa-491c-8221-46922ff11841,BMSCA,West,Vrishabhavati Valley,,V120,249,yes
239,27-04-2026,27-04-2026,,,"Yes, I feel safe to conduct the audit",A54,Right hand side (RHS),,,12.9515662 77.5492972 782.7000122070312 21.788,12.9515662,77.5492972,782.7000122,21.788,2026/04/27 09:50:00+0530,,,,,,,,,,,,,1777263789001.jpg,https://kf.kobotoolbox.org/api/v2/assets/aLP6mR6GUPYRbYEjUKj73j/data/736288437/attachments/attocf6tAoXbjxXrjdV6crNz/,,,Retaining wall intact throughout the stretch,3,"Yes, covered only on sides",Reinforced Cement Concrete (RCC),1777263774251.jpg,https://kf.kobotoolbox.org/api/v2/assets/aLP6mR6GUPYRbYEjUKj73j/data/736288437/attachments/attbn4hsG3Sj4LLSjeAif4R3/,Not applicable ,Not applicable,,,,,Not applicable,,,,,,,,,,https://kf.kobotoolbox.org/api/v2/assets/aLP6mR6GUPYRbYEjUKj73j/data/736288437/attachments/attUJEpgQSvudqgB8meyEtwX/,Not applicable,Not applicable,,,https://kf.kobotoolbox.org/api/v2/assets/aLP6mR6GUPYRbYEjUKj73j/data/736288437/attachments/attxZSXRJ3gvjm8CHHb4L88K/,,No,,https://kf.kobotoolbox.org/api/v2/assets/aLP6mR6GUPYRbYEjUKj73j/data/736288437/attachments/att8iJvzYCvCfzL8wsFWJWSa/,No,,https://kf.kobotoolbox.org/api/v2/assets/aLP6mR6GUPYRbYEjUKj73j/data/736288437/attachments/attd323ps8RyGfwySfMzTYGE/,Yes,1777263937067.jpg,https://kf.kobotoolbox.org/api/v2/assets/aLP6mR6GUPYRbYEjUKj73j/data/736288437/attachments/attrgQYYudjZtkF5oY2RmKnR/,,OK,736288437,6d5b23a7-9feb-423a-93db-859e266befd6,27-04-2026 04:29,,,submitted_via_web,,vkbFwZJLxY6frYjhVP9c6i,,uuid:6d5b23a7-9feb-423a-93db-859e266befd6,BMSCA,West,Vrishabhavati Valley,,V120,250,yes
265,27-04-2026,27-04-2026,,,"Yes, I feel safe to conduct the audit",A53,Right hand side (RHS),,,12.9512909 77.5488713 782.7000122070312 5.0,12.9512909,77.5488713,782.7000122,5,2026/04/27 09:41:00+0530,,,,,,,,,,,,,1777263313768.jpg,https://kf.kobotoolbox.org/api/v2/assets/aLP6mR6GUPYRbYEjUKj73j/data/736336760/attachments/attxVsHVhbjLECpuPc67GS5U/,,,Retaining wall intact throughout the stretch,4,"Yes, covered only on sides",Reinforced Cement Concrete (RCC),1777263283198.jpg,https://kf.kobotoolbox.org/api/v2/assets/aLP6mR6GUPYRbYEjUKj73j/data/736336760/attachments/attK6sFWQR768tRqFyofbA9k/,"Vehicular, I can see vehicles on the bridge",Intact;  path and fence not broken ,,,,,Obstructed path (parking),,,,,,,,,1777263354603.jpg,https://kf.kobotoolbox.org/api/v2/assets/aLP6mR6GUPYRbYEjUKj73j/data/736336760/attachments/attCxXRT6B5kR7hYJMT37q5z/,No,0,1777263416403.jpg,,https://kf.kobotoolbox.org/api/v2/assets/aLP6mR6GUPYRbYEjUKj73j/data/736336760/attachments/attrcV2nzaiF8UCoKgtGVpBQ/,,Yes,1777263493359.jpg,https://kf.kobotoolbox.org/api/v2/assets/aLP6mR6GUPYRbYEjUKj73j/data/736336760/attachments/attpMrnJm2hM3aVwpUjDPbMz/,No,,,No,,,,OK,736336760,4a37798e-ed7a-409e-86ca-ca0f3c3ccd29,27-04-2026 05:56,,,submitted_via_web,,vkbFwZJLxY6frYjhVP9c6i,,uuid:4a37798e-ed7a-409e-86ca-ca0f3c3ccd29,BMSCA,West,Vrishabhavati Valley,,V120,251,yes
256,27-04-2026,27-04-2026,,,"Yes, I feel safe to conduct the audit",A50,Right hand side (RHS),,,12.9518303 77.548688 781.2000122070312 28.355,12.9518303,77.548688,781.2000122,28.355,2026/04/27 09:22:00+0530,,,,,,,,,,,,,1777262008479.jpg,https://kf.kobotoolbox.org/api/v2/assets/aLP6mR6GUPYRbYEjUKj73j/data/736311391/attachments/attJyZpEjUgD8jDJTmfnKS8B/,,,Broken in some places,5,"Yes, covered only on sides",Reinforced Cement Concrete (RCC),1777261992121.jpg,https://kf.kobotoolbox.org/api/v2/assets/aLP6mR6GUPYRbYEjUKj73j/data/736311391/attachments/attkFtwaP3pDWBw4VsEizhjx/,Not applicable ,Not applicable,,,,,Not applicable,,,,,,,,,1777262028389.jpg,https://kf.kobotoolbox.org/api/v2/assets/aLP6mR6GUPYRbYEjUKj73j/data/736311391/attachments/attXZZQB8Nb5iYpfMJcJYyaJ/,Not applicable,Not applicable,,,,,No,,,Yes,1777262076089.jpg,https://kf.kobotoolbox.org/api/v2/assets/aLP6mR6GUPYRbYEjUKj73j/data/736311391/attachments/attdQFxW5LMRrpdWdtoxZx5u/,No,,,,OK,736311391,e8e86317-8c69-482b-803c-815d87b039d1,27-04-2026 05:16,,,submitted_via_web,,vkbFwZJLxY6frYjhVP9c6i,,uuid:e8e86317-8c69-482b-803c-815d87b039d1,BMSCA,West,Vrishabhavati Valley,,V120,252,yes
245,27-04-2026,27-04-2026,,,"Yes, I feel safe to conduct the audit",A51,Right hand side (RHS),,,12.9519996 77.5482984 774.0922492616771 3.78,12.9519996,77.5482984,774.0922493,3.78,2026/04/27 09:23:00+0530,,,,,,,,,,,,,1777262048976.jpg,https://kf.kobotoolbox.org/api/v2/assets/aLP6mR6GUPYRbYEjUKj73j/data/736306133/attachments/attyfe9Lu8kLuGbnT5aTyqvf/,,,Retaining wall does not exist,,"Yes, covered only on sides",Not applicable,1777262037722.jpg,https://kf.kobotoolbox.org/api/v2/assets/aLP6mR6GUPYRbYEjUKj73j/data/736306133/attachments/attRuUW4iNjrJvTzTwvGpoAz/,Not applicable ,Not applicable,,,,,Not applicable,,,,,,,,,,,Not applicable,Not applicable,,,,,Yes,1777262112290.jpg,https://kf.kobotoolbox.org/api/v2/assets/aLP6mR6GUPYRbYEjUKj73j/data/736306133/attachments/attN83tqKML6uCkENdufeJpg/,No,,,Cannot see,1777262171058.jpg,https://kf.kobotoolbox.org/api/v2/assets/aLP6mR6GUPYRbYEjUKj73j/data/736306133/attachments/attkwCUDvcg49zmUYoaXAYGP/,,OK,736306133,058610aa-d334-4ce1-afab-dea9cb0e955c,27-04-2026 05:06,,,submitted_via_web,,vkbFwZJLxY6frYjhVP9c6i,,uuid:058610aa-d334-4ce1-afab-dea9cb0e955c,BMSCA,West,Vrishabhavati Valley,,V120,253,yes
281,27-04-2026,27-04-2026,,,"Yes, I feel safe to conduct the audit",A56,Right hand side (RHS),,,12.9519773 77.5475832 778.2000122070312 4.533,12.9519773,77.5475832,778.2000122,4.533,2026/04/27 09:37:00+0530,,,,,,,,,,,,,1777263044320.jpg,https://kf.kobotoolbox.org/api/v2/assets/aLP6mR6GUPYRbYEjUKj73j/data/736354412/attachments/att57fEci57VC5yGUUbubo7K/,,,Retaining wall intact throughout the stretch,3.3,"Yes, covered only on sides",Reinforced Cement Concrete (RCC),1777262997068.jpg,https://kf.kobotoolbox.org/api/v2/assets/aLP6mR6GUPYRbYEjUKj73j/data/736354412/attachments/attAuu9XeRrZMzU6aRrbHskB/,Not applicable ,Not applicable,,,,,Not applicable,,,,,,,,,,,Not applicable,Not applicable,,,,,Yes,1777263090076.jpg,https://kf.kobotoolbox.org/api/v2/assets/aLP6mR6GUPYRbYEjUKj73j/data/736354412/attachments/att4ERHwkA7ZBBq7eVQDkdkt/,No,,,No,,,,OK,736354412,2e2cda78-b5a7-4ac9-bf73-df06facb4db7,27-04-2026 06:19,,,submitted_via_web,,vkbFwZJLxY6frYjhVP9c6i,,uuid:2e2cda78-b5a7-4ac9-bf73-df06facb4db7,BMSCA,West,Vrishabhavati Valley,,V120,254,yes
274,27-04-2026,27-04-2026,,,"Yes, I feel safe to conduct the audit",A52,Right hand side (RHS),,,12.9519113 77.5471671 776.8999633789062 4.608,12.9519113,77.5471671,776.8999634,4.608,2026/04/27 09:34:00+0530,,,,,,,,,,,,,1777262732483.jpg,https://kf.kobotoolbox.org/api/v2/assets/aLP6mR6GUPYRbYEjUKj73j/data/736344038/attachments/attoEGWUDaNrr8V22JQLREoH/,,,Retaining wall intact throughout the stretch,4,"Yes, covered only on sides",Reinforced Cement Concrete (RCC),1777262706445.jpg,https://kf.kobotoolbox.org/api/v2/assets/aLP6mR6GUPYRbYEjUKj73j/data/736344038/attachments/attcEoMpKivQ5uWopmfMnnYt/,"Vehicular, I can see vehicles on the bridge",Intact;  path and fence not broken ,,,,,Safe to walk (clear path),,,,,,,,,1777262789065.jpg,https://kf.kobotoolbox.org/api/v2/assets/aLP6mR6GUPYRbYEjUKj73j/data/736344038/attachments/attT8sbmoRxBqUC9qhSh3bvE/,No,0,,,,,Yes,1777262846819.jpg,https://kf.kobotoolbox.org/api/v2/assets/aLP6mR6GUPYRbYEjUKj73j/data/736344038/attachments/attc4M7JifUuBCgH9hZVRjsq/,Yes,1777262868594.jpg,https://kf.kobotoolbox.org/api/v2/assets/aLP6mR6GUPYRbYEjUKj73j/data/736344038/attachments/attbodpYFH9MzDTrJQiybwGx/,No,,,,OK,736344038,40ff6d50-f1db-44c1-9060-67c80473ceca,27-04-2026 06:06,,,submitted_via_web,,vkbFwZJLxY6frYjhVP9c6i,,uuid:40ff6d50-f1db-44c1-9060-67c80473ceca,BMSCA,West,Vrishabhavati Valley,,V120,255,yes
251,27-04-2026,27-04-2026,,,"No, I do not feel safe. I will stop the audit at this point.",A55,Left hand side (LHS),,,12.9518519 77.5465319 780.2769823598323 4.455,12.9518519,77.5465319,780.2769824,4.455,2026/04/27 09:23:00+0530,,,,,,,,,,,,,1777262064657.jpg,https://kf.kobotoolbox.org/api/v2/assets/aLP6mR6GUPYRbYEjUKj73j/data/736306749/attachments/atta2QAV6QmEfkudkDziZNDy/,,,Retaining wall intact throughout the stretch,1.6,"Yes, covered only on sides",Reinforced Cement Concrete (RCC),1777262043394.jpg,https://kf.kobotoolbox.org/api/v2/assets/aLP6mR6GUPYRbYEjUKj73j/data/736306749/attachments/att7cLNovnQ8mYtuZPyEy4ko/,Not applicable ,Not applicable,,,,,Not applicable,,,,,,,,,1777262196866.jpg,https://kf.kobotoolbox.org/api/v2/assets/aLP6mR6GUPYRbYEjUKj73j/data/736306749/attachments/attqzzuFS5FFiF9Me8HssCdc/,Not applicable,Not applicable,1777262209942.jpg,,https://kf.kobotoolbox.org/api/v2/assets/aLP6mR6GUPYRbYEjUKj73j/data/736306749/attachments/atthm5sMhXzpZQfxy4JpEv3J/,,No,1777262223355.jpg,https://kf.kobotoolbox.org/api/v2/assets/aLP6mR6GUPYRbYEjUKj73j/data/736306749/attachments/attT2gtYLF3iDikGu6BZkPnX/,No,1777262235958.jpg,https://kf.kobotoolbox.org/api/v2/assets/aLP6mR6GUPYRbYEjUKj73j/data/736306749/attachments/att5SZKknfLLE7BDbZRhQdtZ/,No,1777262253984.jpg,https://kf.kobotoolbox.org/api/v2/assets/aLP6mR6GUPYRbYEjUKj73j/data/736306749/attachments/attupXHWmJDqqgjAWmwgtDCU/,,OK,736306749,e899a22c-248e-452b-929a-b70b14da4e3d,27-04-2026 05:07,,,submitted_via_web,,vkbFwZJLxY6frYjhVP9c6i,,uuid:e899a22c-248e-452b-929a-b70b14da4e3d,BMSCA,West,Vrishabhavati Valley,,V120,256,yes
266,27-04-2026,27-04-2026,,,"Yes, I feel safe to conduct the audit",A53,Right hand side (RHS),,,12.9517945 77.5461803 776.7999877929688 4.7,12.9517945,77.5461803,776.7999878,4.7,2026/04/27 09:59:00+0530,,,,,,,,,,,,,1777264239812.jpg,https://kf.kobotoolbox.org/api/v2/assets/aLP6mR6GUPYRbYEjUKj73j/data/736336795/attachments/attGPwMqQWXoBuzY3LcCnnLc/,,,Retaining wall does not exist,0,"Yes, covered only on sides",Not applicable,1777264217813.jpg,https://kf.kobotoolbox.org/api/v2/assets/aLP6mR6GUPYRbYEjUKj73j/data/736336795/attachments/attQ3mHDqLHynzjC8rkFBvER/,"Vehicular, I can see vehicles on the bridge",Intact;  path and fence not broken ,,,,,Safe to walk (clear path),,,,,,,,,1777264302876.jpg,https://kf.kobotoolbox.org/api/v2/assets/aLP6mR6GUPYRbYEjUKj73j/data/736336795/attachments/attRjKx9JivS5CaQX4NU8e7m/,No,0,1777264366841.jpg,,https://kf.kobotoolbox.org/api/v2/assets/aLP6mR6GUPYRbYEjUKj73j/data/736336795/attachments/attNKVaeoPF3fzMBNZSo9mhU/,,Yes,1777264425303.jpg,https://kf.kobotoolbox.org/api/v2/assets/aLP6mR6GUPYRbYEjUKj73j/data/736336795/attachments/attqdeqSEN7Fo8SpTfbHUakt/,Yes,1777264446018.jpg,https://kf.kobotoolbox.org/api/v2/assets/aLP6mR6GUPYRbYEjUKj73j/data/736336795/attachments/attyuGpR2Ycasvm9Ah64SxwM/,No,,,,OK,736336795,6aeaf6b1-d632-48dd-ae7f-56956dd5192d,27-04-2026 05:57,,,submitted_via_web,,vkbFwZJLxY6frYjhVP9c6i,,uuid:6aeaf6b1-d632-48dd-ae7f-56956dd5192d,BMSCA,West,Vrishabhavati Valley,,V120,257,yes
237,27-04-2026,27-04-2026,,,"Yes, I feel safe to conduct the audit",A54,Right hand side (RHS),,,12.9518314 77.5461769 776.7999877929688 19.2,12.9518314,77.5461769,776.7999878,19.2,2026/04/27 09:36:00+0530,,,,,,,,,,,,,1777262870048.jpg,https://kf.kobotoolbox.org/api/v2/assets/aLP6mR6GUPYRbYEjUKj73j/data/736282208/attachments/attnv3kfEwwDiRprTxffNMnK/,,,Retaining wall does not exist,4,"Yes, covered only on sides",Reinforced Cement Concrete (RCC),1777262847473.jpg,https://kf.kobotoolbox.org/api/v2/assets/aLP6mR6GUPYRbYEjUKj73j/data/736282208/attachments/attfSix8pjhJ9hwwiHab4D8r/,"Vehicular, I can see vehicles on the bridge",Intact;  path and fence not broken ,,,,,Obstructed path (parking),,,,,,,,,1777262911643.jpg,https://kf.kobotoolbox.org/api/v2/assets/aLP6mR6GUPYRbYEjUKj73j/data/736282208/attachments/attWqxFbDNxzV6H9Nw45dpSz/,No,0,1777262958898.jpg,,https://kf.kobotoolbox.org/api/v2/assets/aLP6mR6GUPYRbYEjUKj73j/data/736282208/attachments/attWVc4KkBWcCyAmZpWZ9bqf/,,No,,,Yes,1777262991528.jpg,https://kf.kobotoolbox.org/api/v2/assets/aLP6mR6GUPYRbYEjUKj73j/data/736282208/attachments/attV6RWwTA92XoupeYMyKiFz/,No,,,,OK,736282208,37bbd8be-667a-426e-af98-154b2046cc5b,27-04-2026 04:10,,,submitted_via_web,,vkbFwZJLxY6frYjhVP9c6i,,uuid:37bbd8be-667a-426e-af98-154b2046cc5b,BMSCA,West,Vrishabhavati Valley,,V120,258,yes
257,27-04-2026,27-04-2026,,,"Yes, I feel safe to conduct the audit",A50,Right hand side (RHS),,,12.9514481 77.5455833 776.2999877929688 6.606,12.9514481,77.5455833,776.2999878,6.606,2026/04/27 09:34:00+0530,,,,,,,,,,,,,1777262763988.jpg,https://kf.kobotoolbox.org/api/v2/assets/aLP6mR6GUPYRbYEjUKj73j/data/736311483/attachments/attCMHdDsQXVYwayNp4pciW7/,,,Broken in some places,3,"Yes, covered only on sides",Reinforced Cement Concrete (RCC),1777262749801.jpg,https://kf.kobotoolbox.org/api/v2/assets/aLP6mR6GUPYRbYEjUKj73j/data/736311483/attachments/attSCLm5hVcSh42zs7g9FRjp/,Not applicable ,Not applicable,,,,,Not applicable,,,,,,,,,,,Not applicable,Not applicable,,,https://kf.kobotoolbox.org/api/v2/assets/aLP6mR6GUPYRbYEjUKj73j/data/736311483/attachments/atta2mWZy2wp67sUB9SvnzVq/,,Yes,1777262874084.jpg,https://kf.kobotoolbox.org/api/v2/assets/aLP6mR6GUPYRbYEjUKj73j/data/736311483/attachments/attmoKh6tDPGHZ4WHvUZuCFA/,Yes,,,Yes,1777262910146.jpg,https://kf.kobotoolbox.org/api/v2/assets/aLP6mR6GUPYRbYEjUKj73j/data/736311483/attachments/attU3AsfsQZEKqcPza67y5Xe/,,OK,736311483,1eded1a0-c04e-41ca-915e-a9184e65a643,27-04-2026 05:16,,,submitted_via_web,,vkbFwZJLxY6frYjhVP9c6i,,uuid:1eded1a0-c04e-41ca-915e-a9184e65a643,BMSCA,West,Vrishabhavati Valley,,V120,259,yes
246,27-04-2026,27-04-2026,,,"Yes, I feel safe to conduct the audit",A51,Right hand side (RHS),,,12.9511781 77.5450354 768.5638181950115 4.902,12.9511781,77.5450354,768.5638182,4.902,2026/04/27 09:44:00+0530,,,,,,,,,,,,,1777263313741.jpg,https://kf.kobotoolbox.org/api/v2/assets/aLP6mR6GUPYRbYEjUKj73j/data/736306213/attachments/att7Fwm7sdPpdpouPspwUutz/,,,Retaining wall intact throughout the stretch,2.4,"Yes, covered only on sides",Reinforced Cement Concrete (RCC),1777263301482.jpg,https://kf.kobotoolbox.org/api/v2/assets/aLP6mR6GUPYRbYEjUKj73j/data/736306213/attachments/attzrMdBG4NusVSXS8absNw5/,Not applicable ,Not applicable,,,,,Not applicable,,,,,,,,,,,Not applicable,Not applicable,,,,,Yes,1777263354996.jpg,https://kf.kobotoolbox.org/api/v2/assets/aLP6mR6GUPYRbYEjUKj73j/data/736306213/attachments/attY8JbgNHx5UTNMCADsJ5M4/,No,,,Cannot see,,,,OK,736306213,1a3678ca-ffee-44f3-ad1c-2f5e2998aac8,27-04-2026 05:07,,,submitted_via_web,,vkbFwZJLxY6frYjhVP9c6i,,uuid:1a3678ca-ffee-44f3-ad1c-2f5e2998aac8,BMSCA,West,Vrishabhavati Valley,,V120,260,yes
282,27-04-2026,27-04-2026,,,"Yes, I feel safe to conduct the audit",A56,Right hand side (RHS),,,12.9511876 77.5450237 776.2000122070312 2.616,12.9511876,77.5450237,776.2000122,2.616,2026/04/27 10:03:00+0530,,,,,,,,,,,,,1777264500000.jpg,https://kf.kobotoolbox.org/api/v2/assets/aLP6mR6GUPYRbYEjUKj73j/data/736354446/attachments/att8shrkQKTSuNShKEwF6Uor/,,,Retaining wall intact throughout the stretch,6.7,"Yes, covered only on sides",Reinforced Cement Concrete (RCC),1777264488127.jpg,https://kf.kobotoolbox.org/api/v2/assets/aLP6mR6GUPYRbYEjUKj73j/data/736354446/attachments/attty463Sx4s2h8aTcFR8oxz/,Not applicable ,Not applicable,,,,,Not applicable,,,,,,,,,,,Not applicable,Not applicable,,,,,Yes,1777264542730.jpg,https://kf.kobotoolbox.org/api/v2/assets/aLP6mR6GUPYRbYEjUKj73j/data/736354446/attachments/attaZMCDApkgYEXWcY85DhwW/,No,,,No,,,,OK,736354446,f6224559-66a8-4ca7-9752-ae4975ec98df,27-04-2026 06:19,,,submitted_via_web,,vkbFwZJLxY6frYjhVP9c6i,,uuid:f6224559-66a8-4ca7-9752-ae4975ec98df,BMSCA,West,Vrishabhavati Valley,,V120,261,no
275,27-04-2026,27-04-2026,,,"Yes, I feel safe to conduct the audit",A52,Right hand side (RHS),,,12.9513705 77.5446825 775.5 4.144,12.9513705,77.5446825,775.5,4.144,2026/04/27 10:03:00+0530,,,,,,,,,,,,,1777264472921.jpg,https://kf.kobotoolbox.org/api/v2/assets/aLP6mR6GUPYRbYEjUKj73j/data/736344231/attachments/att93QajNhmUbDtGYzKkQcXu/,,,Retaining wall intact throughout the stretch,5.6,"Yes, covered only on sides",Reinforced Cement Concrete (RCC),1777264462720.jpg,https://kf.kobotoolbox.org/api/v2/assets/aLP6mR6GUPYRbYEjUKj73j/data/736344231/attachments/atteMNf3HoFZRQVQyXbkCP7W/,Not applicable ,Not applicable,,,,,Not applicable,,,,,,,,,,,Not applicable,Not applicable,,,,,Yes,1777264539373.jpg,https://kf.kobotoolbox.org/api/v2/assets/aLP6mR6GUPYRbYEjUKj73j/data/736344231/attachments/att53ujXgpLggkC4wzrnUc3T/,No,1777264558253.jpg,https://kf.kobotoolbox.org/api/v2/assets/aLP6mR6GUPYRbYEjUKj73j/data/736344231/attachments/attYCADP42eSogBTXtwbvDj2/,No,,,,OK,736344231,f7f3be86-0be0-4f38-814a-e23e911cbc44,27-04-2026 06:07,,,submitted_via_web,,vkbFwZJLxY6frYjhVP9c6i,,uuid:f7f3be86-0be0-4f38-814a-e23e911cbc44,BMSCA,West,Vrishabhavati Valley,,V120,262,yes
252,27-04-2026,27-04-2026,,,"Yes, I feel safe to conduct the audit",A55,Right hand side (RHS),,,12.951599 77.5442736 772.0 4.658,12.951599,77.5442736,772,4.658,2026/04/27 09:43:00+0530,,,,,,,,,,,,,1777263290570.jpg,https://kf.kobotoolbox.org/api/v2/assets/aLP6mR6GUPYRbYEjUKj73j/data/736306867/attachments/attg2nQEXbBj4Z5NvrLccn7x/,,,Retaining wall intact throughout the stretch,2.3,"Yes, covered only on sides",Reinforced Cement Concrete (RCC),1777263281779.jpg,https://kf.kobotoolbox.org/api/v2/assets/aLP6mR6GUPYRbYEjUKj73j/data/736306867/attachments/att2QDisFULPzobmSeLQVJkx/,"Vehicular, I can see vehicles on the bridge",Intact;  path and fence not broken ,,,,,Obstructed path (solid waste),,,,,,,,,1777263332906.jpg,https://kf.kobotoolbox.org/api/v2/assets/aLP6mR6GUPYRbYEjUKj73j/data/736306867/attachments/attiJ96TwYzjnVsuvWMw5kEN/,No,0,1777263354470.jpg,,https://kf.kobotoolbox.org/api/v2/assets/aLP6mR6GUPYRbYEjUKj73j/data/736306867/attachments/attYXwTzSyU72QV4nJ6qhoxB/,,Yes,1777263371767.jpg,https://kf.kobotoolbox.org/api/v2/assets/aLP6mR6GUPYRbYEjUKj73j/data/736306867/attachments/att9vUNXK5LtdjxQaLc3fmMp/,No,1777263387236.jpg,https://kf.kobotoolbox.org/api/v2/assets/aLP6mR6GUPYRbYEjUKj73j/data/736306867/attachments/attqEBnfNTcaXjLnyuyHBob5/,Yes,1777263403954.jpg,https://kf.kobotoolbox.org/api/v2/assets/aLP6mR6GUPYRbYEjUKj73j/data/736306867/attachments/attbmkEjUoizVAbHEjLDH5KB/,,OK,736306867,8454300f-daf0-4db2-95ea-6ac7f047038a,27-04-2026 05:08,,,submitted_via_web,,vkbFwZJLxY6frYjhVP9c6i,,uuid:8454300f-daf0-4db2-95ea-6ac7f047038a,BMSCA,West,Vrishabhavati Valley,,V120,263,yes
238,27-04-2026,27-04-2026,,,"Yes, I feel safe to conduct the audit",A54,Right hand side (RHS),,,12.9516227 77.5432396 773.5 45.404,12.9518677,77.5438321,773.5,45.404,2026/04/27 09:50:00+0530,,,,,,,,,,,,,1777263694305.jpg,https://kf.kobotoolbox.org/api/v2/assets/aLP6mR6GUPYRbYEjUKj73j/data/736286162/attachments/att8RYsmYM5gvEyESdgNT6LP/,,,Retaining wall intact throughout the stretch,3,"Yes, covered only on sides",Reinforced Cement Concrete (RCC),1777263679059.jpg,https://kf.kobotoolbox.org/api/v2/assets/aLP6mR6GUPYRbYEjUKj73j/data/736286162/attachments/attx2EUScFW8NVvNygizhSFK/,Not applicable ,Not applicable,,,,,Not applicable,,,,,,,,,,,Not applicable,Not applicable,,,,,No,,,No,,,No,,,,OK,736286162,50abd70d-3188-43c2-a413-c18fed310e6a,27-04-2026 04:22,,,submitted_via_web,,vkbFwZJLxY6frYjhVP9c6i,,uuid:50abd70d-3188-43c2-a413-c18fed310e6a,BMSCA,West,Vrishabhavati Valley,,V120,264,yes
276,27-04-2026,27-04-2026,,,"Yes, I feel safe to conduct the audit",A52,Right hand side (RHS),,,12.9519812 77.5433714 771.5 4.41,12.9519812,77.5433714,771.5,4.41,2026/04/27 10:23:00+0530,,,,,,,,,,,,,1777265667047.jpg,https://kf.kobotoolbox.org/api/v2/assets/aLP6mR6GUPYRbYEjUKj73j/data/736344425/attachments/attREdzwP9i8bEFXb5JZcdj9/,,,Retaining wall intact throughout the stretch,4,"Yes, covered only on sides",Reinforced Cement Concrete (RCC),1777265639253.jpg,https://kf.kobotoolbox.org/api/v2/assets/aLP6mR6GUPYRbYEjUKj73j/data/736344425/attachments/att9hfD6hbVob6waVzyHgYGC/,Not applicable ,Not applicable,,,,,Not applicable,,,,,,,,,,,Not applicable,Not applicable,,,,,No,,,No,,,No,,,,OK,736344425,4eeb7d68-574f-47d9-b8ea-4073ac4fb97b,27-04-2026 06:07,,,submitted_via_web,,vkbFwZJLxY6frYjhVP9c6i,,uuid:4eeb7d68-574f-47d9-b8ea-4073ac4fb97b,BMSCA,West,Vrishabhavati Valley,,V120,265,yes
267,27-04-2026,27-04-2026,,,"Yes, I feel safe to conduct the audit",A53,Right hand side (RHS),,,12.9520043 77.5431188 771.5999755859375 6.25,12.9520043,77.5431188,771.5999756,6.25,2026/04/27 10:22:00+0530,,,,,,,,,,,,,,,,,Retaining wall intact throughout the stretch,4,"Yes, covered only on sides",Reinforced Cement Concrete (RCC),1777265584786.jpg,https://kf.kobotoolbox.org/api/v2/assets/aLP6mR6GUPYRbYEjUKj73j/data/736336830/attachments/attTczRhPAMckbh9MrcdStms/,Not applicable ,Not applicable,,,,,Not applicable,,,,,,,,,,,Not applicable,Not applicable,,,,,No,1777265643471.jpg,https://kf.kobotoolbox.org/api/v2/assets/aLP6mR6GUPYRbYEjUKj73j/data/736336830/attachments/attUEmdLvF7uNAHUsCk6hqu7/,Cannot see,,,Cannot see,,,,OK,736336830,3fcf7bdc-a592-4e78-be1a-67bf26c69ed3,27-04-2026 05:57,,,submitted_via_web,,vkbFwZJLxY6frYjhVP9c6i,,uuid:3fcf7bdc-a592-4e78-be1a-67bf26c69ed3,BMSCA,West,Vrishabhavati Valley,,V120,266,no
258,27-04-2026,27-04-2026,,,"Yes, I feel safe to conduct the audit",A50,Left hand side (LHS),,,12.9516597 77.5427908 774.3999633789062 3.0,12.9516597,77.5427908,774.3999634,3,2026/04/27 09:51:00+0530,,,,,,,,,,,,,,,,,Retaining wall intact throughout the stretch,4,"Yes, covered only on sides",Reinforced Cement Concrete (RCC),1777263738557.jpg,https://kf.kobotoolbox.org/api/v2/assets/aLP6mR6GUPYRbYEjUKj73j/data/736311580/attachments/attPUK4VxNQEeNWM4k7rNu24/,Not applicable ,Not applicable,,,,,Not applicable,,,,,,,,,,,Not applicable,Not applicable,,,,,No,,https://kf.kobotoolbox.org/api/v2/assets/aLP6mR6GUPYRbYEjUKj73j/data/736311580/attachments/attApvn7zNy7anMDrMcgdE92/,No,,,No,,https://kf.kobotoolbox.org/api/v2/assets/aLP6mR6GUPYRbYEjUKj73j/data/736311580/attachments/atteS8ixoKHQmEq3owhVUqTG/,,OK,736311580,70988537-6c3f-46b9-8e83-49faceba19eb,27-04-2026 05:16,,,submitted_via_web,,vkbFwZJLxY6frYjhVP9c6i,,uuid:70988537-6c3f-46b9-8e83-49faceba19eb,BMSCA,West,Vrishabhavati Valley,,V120,267,yes
247,27-04-2026,27-04-2026,,,"Yes, I feel safe to conduct the audit",A51,Left hand side (LHS),,,12.9523069 77.5424545 766.9648225919451 4.352,12.9523069,77.5424545,766.9648226,4.352,2026/04/27 09:59:00+0530,,,,,,,,,,,,,1777264249134.jpg,https://kf.kobotoolbox.org/api/v2/assets/aLP6mR6GUPYRbYEjUKj73j/data/736306321/attachments/attetAJ7ytJEqoezVkxErjJ7/,,,Retaining wall intact throughout the stretch,5,"Yes, covered only on sides",Reinforced Cement Concrete (RCC),1777264223271.jpg,https://kf.kobotoolbox.org/api/v2/assets/aLP6mR6GUPYRbYEjUKj73j/data/736306321/attachments/attRDwkA8wQvj96PEku75vWc/,Not applicable ,Not applicable,,,,,Not applicable,,,,,,,,,,,Not applicable,Not applicable,,,,,Yes,1777264297736.jpg,https://kf.kobotoolbox.org/api/v2/assets/aLP6mR6GUPYRbYEjUKj73j/data/736306321/attachments/attD8pC4CgBxyhJ33oAo2Gwt/,No,,,Yes,1777264381685.jpg,https://kf.kobotoolbox.org/api/v2/assets/aLP6mR6GUPYRbYEjUKj73j/data/736306321/attachments/attGQCGe5oMyKbejBy2A5FcU/,,OK,736306321,b8753d1b-0e73-4cf8-9bc1-a4966832d9ba,27-04-2026 05:07,,,submitted_via_web,,vkbFwZJLxY6frYjhVP9c6i,,uuid:b8753d1b-0e73-4cf8-9bc1-a4966832d9ba,BMSCA,West,Vrishabhavati Valley,,V120,268,yes
283,27-04-2026,27-04-2026,,,"Yes, I feel safe to conduct the audit",A56,Right hand side (RHS),,,12.9527492 77.5421518 769.8999633789062 4.352,12.9527492,77.5421518,769.8999634,4.352,2026/04/27 10:29:00+0530,,,,,,,,,,,,,1777266165046.jpg,https://kf.kobotoolbox.org/api/v2/assets/aLP6mR6GUPYRbYEjUKj73j/data/736354508/attachments/attRKGxrsZEuxwQhdT2KnVxg/,,,Retaining wall intact throughout the stretch,2.11,"Yes, covered only on sides",Reinforced Cement Concrete (RCC),1777266060328.jpg,https://kf.kobotoolbox.org/api/v2/assets/aLP6mR6GUPYRbYEjUKj73j/data/736354508/attachments/attjXuHJ7mD5kfTmm8y5cTgL/,"Vehicular, I can see vehicles on the bridge",Intact;  path and fence not broken ,,,,,Safe to walk (clear path),,,,,,,,,1777266263280.jpg,https://kf.kobotoolbox.org/api/v2/assets/aLP6mR6GUPYRbYEjUKj73j/data/736354508/attachments/att4THRtf6gJj7zSuDnwxPmP/,Yes,3,1777266319776.jpg,,https://kf.kobotoolbox.org/api/v2/assets/aLP6mR6GUPYRbYEjUKj73j/data/736354508/attachments/attbi4aHECKXTDt4veA2iy8E/,,Yes,1777266347899.jpg,https://kf.kobotoolbox.org/api/v2/assets/aLP6mR6GUPYRbYEjUKj73j/data/736354508/attachments/attYVm2CSfGe65BV3BvD5dpC/,No,,,No,,,,OK,736354508,39aa8e11-3605-4d9c-bdb7-3515ec73e3f0,27-04-2026 06:19,,,submitted_via_web,,vkbFwZJLxY6frYjhVP9c6i,,uuid:39aa8e11-3605-4d9c-bdb7-3515ec73e3f0,BMSCA,West,Vrishabhavati Valley,,V120,269,yes
259,27-04-2026,27-04-2026,,,"Yes, I feel safe to conduct the audit",A50,Right hand side (RHS),,,12.9528656 77.541975 771.2999877929688 3.038,12.9528656,77.541975,771.2999878,3.038,2026/04/27 10:04:00+0530,,,,,,,,,,,,,1777264592199.jpg,https://kf.kobotoolbox.org/api/v2/assets/aLP6mR6GUPYRbYEjUKj73j/data/736311622/attachments/attc6qdAfuUxfi3Bn9ub6oHf/,,,Broken in some places,2,"Yes, covered only on sides",Reinforced Cement Concrete (RCC),1777264574300.jpg,https://kf.kobotoolbox.org/api/v2/assets/aLP6mR6GUPYRbYEjUKj73j/data/736311622/attachments/atti5VGWvGxxj3aULSrLUG5b/,Not applicable ,Not applicable,,,,,Not applicable,,,,,,,,,,,Not applicable,Not applicable,,,,,No,,,No,,,Yes,1777264730691.jpg,https://kf.kobotoolbox.org/api/v2/assets/aLP6mR6GUPYRbYEjUKj73j/data/736311622/attachments/attys7jPWr9yoUUBFpY9CECY/,,OK,736311622,5518e2e1-43df-4587-be15-cd705e7bf397,27-04-2026 05:16,,,submitted_via_web,,vkbFwZJLxY6frYjhVP9c6i,,uuid:5518e2e1-43df-4587-be15-cd705e7bf397,BMSCA,West,Vrishabhavati Valley,,V120,270,yes
277,27-04-2026,27-04-2026,,,"Yes, I feel safe to conduct the audit",A52,Right hand side (RHS),,,12.952954 77.5420006 771.0 4.847,12.952954,77.5420006,771,4.847,2026/04/27 10:41:00+0530,,,,,,,,,,,,,1777266722769.jpg,https://kf.kobotoolbox.org/api/v2/assets/aLP6mR6GUPYRbYEjUKj73j/data/736344580/attachments/attjBqU4wits52zsbaiSgwTi/,,,Broken in some places,4,"Yes, covered only on sides",Reinforced Cement Concrete (RCC),1777266714532.jpg,https://kf.kobotoolbox.org/api/v2/assets/aLP6mR6GUPYRbYEjUKj73j/data/736344580/attachments/attZ9nMNqVcK6jQ29dMQvcov/,Not applicable ,Not applicable,,,,,Not applicable,,,,,,,,,,,Not applicable,Not applicable,,,,,Yes,1777266770882.jpg,https://kf.kobotoolbox.org/api/v2/assets/aLP6mR6GUPYRbYEjUKj73j/data/736344580/attachments/attbSDBr5Ta4XV9kTQShkfaj/,No,,,Yes,1777266790818.jpg,https://kf.kobotoolbox.org/api/v2/assets/aLP6mR6GUPYRbYEjUKj73j/data/736344580/attachments/attaKqSoLwEUHg6X8HYA7J3Q/,,OK,736344580,cb9a5d31-ea0c-4ba9-ba4e-b3d10b471a9b,27-04-2026 06:07,,,submitted_via_web,,vkbFwZJLxY6frYjhVP9c6i,,uuid:cb9a5d31-ea0c-4ba9-ba4e-b3d10b471a9b,BMSCA,West,Vrishabhavati Valley,,V120,271,yes
241,27-04-2026,27-04-2026,,,"Yes, I feel safe to conduct the audit",A54,Left hand side (LHS),,,12.9525845 77.5415768 771.5999755859375 0.786,12.9525845,77.5415768,771.5999756,0.786,2026/04/27 10:05:00+0530,,,,,,,,,,,,,1777264620549.jpg,https://kf.kobotoolbox.org/api/v2/assets/aLP6mR6GUPYRbYEjUKj73j/data/736291734/attachments/attDGBKR3X6TXbV75W9nmY6q/,,,Retaining wall intact throughout the stretch,1,"Yes, covered only on sides",Reinforced Cement Concrete (RCC),1777264610457.jpg,https://kf.kobotoolbox.org/api/v2/assets/aLP6mR6GUPYRbYEjUKj73j/data/736291734/attachments/attSYuqShQ4oWcaKAkD6VC6c/,"Vehicular, I can see vehicles on the bridge",Intact;  path and fence not broken ,,,,,Safe to walk (clear path),,,,,,,,,1777264664244.jpg,https://kf.kobotoolbox.org/api/v2/assets/aLP6mR6GUPYRbYEjUKj73j/data/736291734/attachments/attkzGoKbTqLZcThRybfwpFY/,No,0,,,,,Yes,1777264705283.jpg,https://kf.kobotoolbox.org/api/v2/assets/aLP6mR6GUPYRbYEjUKj73j/data/736291734/attachments/attFfarhKxwdfTScMrD9hfh2/,Yes,1777264712636.jpg,https://kf.kobotoolbox.org/api/v2/assets/aLP6mR6GUPYRbYEjUKj73j/data/736291734/attachments/atteP9GyvfWPq5hyxbhB6Jqb/,Yes,1777264728021.jpg,https://kf.kobotoolbox.org/api/v2/assets/aLP6mR6GUPYRbYEjUKj73j/data/736291734/attachments/attFsz654AgovoL5eHQhZQFh/,,OK,736291734,d275a4b2-a467-4a92-9d7c-1d44f60b7bc9,27-04-2026 04:39,,,submitted_via_web,,vkbFwZJLxY6frYjhVP9c6i,,uuid:d275a4b2-a467-4a92-9d7c-1d44f60b7bc9,BMSCA,West,Vrishabhavati Valley,,V120,272,yes
240,27-04-2026,27-04-2026,,,"Yes, I feel safe to conduct the audit",A55,Right hand side (RHS),,,12.9528515 77.5415928 771.7999877929688 4.814,12.9528515,77.5415928,771.7999878,4.814,2026/04/27 10:02:00+0530,,,,,,,,,,,,,1777264403463.jpg,https://kf.kobotoolbox.org/api/v2/assets/aLP6mR6GUPYRbYEjUKj73j/data/736289972/attachments/atth9cxtUrYDC2HkCD3URuw2/,,,Retaining wall intact throughout the stretch,2,"Yes, covered only on sides",Reinforced Cement Concrete (RCC),1777264389621.jpg,https://kf.kobotoolbox.org/api/v2/assets/aLP6mR6GUPYRbYEjUKj73j/data/736289972/attachments/attQnne7fKiFxr8tPWs8Z5Wj/,"Vehicular, I can see vehicles on the bridge",Intact;  path and fence not broken ,,,,,Safe to walk (clear path),,,,,,,,,1777264417349.jpg,https://kf.kobotoolbox.org/api/v2/assets/aLP6mR6GUPYRbYEjUKj73j/data/736289972/attachments/attbUbBJc9K2pPXHZrivcurh/,Yes,4,,,,,Yes,1777264444444.jpg,https://kf.kobotoolbox.org/api/v2/assets/aLP6mR6GUPYRbYEjUKj73j/data/736289972/attachments/attnbEFwVcvTYDFiMngP5Kxw/,Yes,1777264452851.jpg,https://kf.kobotoolbox.org/api/v2/assets/aLP6mR6GUPYRbYEjUKj73j/data/736289972/attachments/attYZYRUDiGGUps9WG2VNZDw/,Cannot see,,,,OK,736289972,f9237237-56b6-4215-9a15-2ac3fd48402c,27-04-2026 04:34,,,submitted_via_web,,vkbFwZJLxY6frYjhVP9c6i,,uuid:f9237237-56b6-4215-9a15-2ac3fd48402c,BMSCA,West,Vrishabhavati Valley,,V120,273,yes
270,27-04-2026,27-04-2026,,,"Yes, I feel safe to conduct the audit",A53,Right hand side (RHS),,,12.9589579 77.5440041 773.2999877929688 3.9,12.9589579,77.5440041,773.2999878,3.9,2026/04/27 11:21:00+0530,,,,,,,,,,,,,1777269182306.jpg,https://kf.kobotoolbox.org/api/v2/assets/aLP6mR6GUPYRbYEjUKj73j/data/736337004/attachments/attWwTXZB2ua84xF57RLWgD8/,,,Retaining wall intact throughout the stretch,4,"Yes, covered only on sides",Reinforced Cement Concrete (RCC),1777269165451.jpg,https://kf.kobotoolbox.org/api/v2/assets/aLP6mR6GUPYRbYEjUKj73j/data/736337004/attachments/attEjEuKxFfe9PNNUf9couzP/,"Vehicular, I can see vehicles on the bridge",Broken wall/fence,,,,,Obstructed path (solid waste),,,,,,,,,1777269235111.jpg,https://kf.kobotoolbox.org/api/v2/assets/aLP6mR6GUPYRbYEjUKj73j/data/736337004/attachments/att7EoMZy4Fdwujc6HqPLywt/,No,0,,,,,Yes,1777269297053.jpg,https://kf.kobotoolbox.org/api/v2/assets/aLP6mR6GUPYRbYEjUKj73j/data/736337004/attachments/att49Ay97TxNdwG9W8gn2EBa/,No,1777269331052.jpg,https://kf.kobotoolbox.org/api/v2/assets/aLP6mR6GUPYRbYEjUKj73j/data/736337004/attachments/attCecwpi4Bi57Cze3EztTGL/,Yes,1777269358006.jpg,https://kf.kobotoolbox.org/api/v2/assets/aLP6mR6GUPYRbYEjUKj73j/data/736337004/attachments/attdxZUD6WyP8TvFG6srf4XR/,,OK,736337004,53d5faa5-27d5-4e2b-baa0-fe13500f06e4,27-04-2026 05:57,,,submitted_via_web,,vkbFwZJLxY6frYjhVP9c6i,,uuid:53d5faa5-27d5-4e2b-baa0-fe13500f06e4,BMSCA,West,Vrishabhavati Valley,V100,,274,yes
263,27-04-2026,27-04-2026,,,"Yes, I feel safe to conduct the audit",A54,Right hand side (RHS),,,12.9587578 77.543939 773.2000122070312 21.744,12.9589202,77.5439474,773.2000122,21.744,2026/04/27 10:49:00+0530,,,,,,,,,,,,,1777267233736.jpg,https://kf.kobotoolbox.org/api/v2/assets/aLP6mR6GUPYRbYEjUKj73j/data/736314928/attachments/attbkHRCBV7mJVturVv7a9wC/,,,Retaining wall intact throughout the stretch,4,"Yes, covered only on sides",Reinforced Cement Concrete (RCC),1777267206683.jpg,https://kf.kobotoolbox.org/api/v2/assets/aLP6mR6GUPYRbYEjUKj73j/data/736314928/attachments/attz7hkEfctaTsAGyyQVApAF/,"Vehicular, I can see vehicles on the bridge",Intact;  path and fence not broken ,,,,,Safe to walk (clear path),,,,,,,,,1777267261258.jpg,https://kf.kobotoolbox.org/api/v2/assets/aLP6mR6GUPYRbYEjUKj73j/data/736314928/attachments/attqNSWhwyQHfUsQP9HnkZgX/,No,0,,,,,No,,,No,,,No,,,,OK,736314928,c06fb46c-2e85-4dae-9b51-283ef998b861,27-04-2026 05:21,,,submitted_via_web,,vkbFwZJLxY6frYjhVP9c6i,,uuid:c06fb46c-2e85-4dae-9b51-283ef998b861,BMSCA,West,Vrishabhavati Valley,V100,,275,yes
261,27-04-2026,27-04-2026,,,"Yes, I feel safe to conduct the audit",A50,Right hand side (RHS),,,12.9581725 77.543792 770.5 3.344,12.9581725,77.543792,770.5,3.344,2026/04/27 10:40:00+0530,,,,,,,,,,,,,1777266700608.jpg,https://kf.kobotoolbox.org/api/v2/assets/aLP6mR6GUPYRbYEjUKj73j/data/736311764/attachments/attZy3qkFfPbj5RKnJSGxGuS/,,,Retaining wall intact throughout the stretch,9,"Yes, covered only on sides","Both, SSM and RCC",1777266692255.jpg,https://kf.kobotoolbox.org/api/v2/assets/aLP6mR6GUPYRbYEjUKj73j/data/736311764/attachments/attDkAZfsCWNDZMhyU5FRihH/,Not applicable ,Not applicable,,,,,Not applicable,,,,,,,,,,,Not applicable,Not applicable,,,,,Yes,,,Cannot see,,,Cannot see,,,,OK,736311764,a0f7be89-6113-4b52-8835-ecc1e8a9cc01,27-04-2026 05:16,,,submitted_via_web,,vkbFwZJLxY6frYjhVP9c6i,,uuid:a0f7be89-6113-4b52-8835-ecc1e8a9cc01,BMSCA,West,Vrishabhavati Valley,V100,,276,yes
262,27-04-2026,27-04-2026,,,"Yes, I feel safe to conduct the audit",A54,Right hand side (RHS),,,12.9582027 77.5433924 771.7999877929688 45.6,12.9582027,77.5433924,771.7999878,45.6,2026/04/27 10:44:00+0530,,,,,,,,,,,,,1777266909507.jpg,https://kf.kobotoolbox.org/api/v2/assets/aLP6mR6GUPYRbYEjUKj73j/data/736311884/attachments/attnxLtdhYzEb6KypjvdbQFc/,,,Retaining wall intact throughout the stretch,6,"Yes, covered only on sides",Reinforced Cement Concrete (RCC),1777266902096.jpg,https://kf.kobotoolbox.org/api/v2/assets/aLP6mR6GUPYRbYEjUKj73j/data/736311884/attachments/att62fNkw3FA54Sd2cGpL6Bh/,Not applicable ,Not applicable,,,,,,,,,,,,,,,,Not applicable,Not applicable,,,,,No,,,Cannot see,,,Cannot see,,,,OK,736311884,d6f76321-f4bb-4832-a816-f7b5227c4611,27-04-2026 05:17,,,submitted_via_web,,vkbFwZJLxY6frYjhVP9c6i,,uuid:d6f76321-f4bb-4832-a816-f7b5227c4611,BMSCA,West,Vrishabhavati Valley,V100,,277,yes
271,27-04-2026,27-04-2026,,,"Yes, I feel safe to conduct the audit",A55,Left hand side (LHS),,,12.9572808 77.5437489 776.8999633789062 4.903,12.9572808,77.5437489,776.8999634,4.903,2026/04/27 10:30:00+0530,,,,,,,,,,,,,1777266221910.jpg,https://kf.kobotoolbox.org/api/v2/assets/aLP6mR6GUPYRbYEjUKj73j/data/736339630/attachments/attgGCbRSZoizkBWoSCvbQsN/,,,Retaining wall intact throughout the stretch,5,There is no fence ,Solid Stone Masonry (SSM),1777266183987.jpg,https://kf.kobotoolbox.org/api/v2/assets/aLP6mR6GUPYRbYEjUKj73j/data/736339630/attachments/att7aybi8VYffnksPs7GyC83/,Not applicable ,Not applicable,,,,,Not applicable,,,,,,,,,,,Not applicable,Not applicable,,,,,No,,,Yes,1777266304328.jpg,https://kf.kobotoolbox.org/api/v2/assets/aLP6mR6GUPYRbYEjUKj73j/data/736339630/attachments/attxAtWo5qs62unUBfCooPLa/,Cannot see,,,,OK,736339630,1938bb7a-234d-4076-b067-6431d193d6d0,27-04-2026 06:01,,,submitted_via_web,,vkbFwZJLxY6frYjhVP9c6i,,uuid:1938bb7a-234d-4076-b067-6431d193d6d0,BMSCA,West,Vrishabhavati Valley,V100,,278,yes
249,27-04-2026,27-04-2026,,,"Yes, I feel safe to conduct the audit",A51,Right hand side (RHS),,,12.9567731 77.5427291 768.8935229338562 4.35,12.9567731,77.5427291,768.8935229,4.35,2026/04/27 10:33:00+0530,,,,,,,,,,,,,,,,,Retaining wall intact throughout the stretch,5,"Yes, covered only on sides",Reinforced Cement Concrete (RCC),1777266232335.jpg,https://kf.kobotoolbox.org/api/v2/assets/aLP6mR6GUPYRbYEjUKj73j/data/736306414/attachments/attR3jEogExPEeb5HvLXWtru/,Not applicable ,Not applicable,,,,,Not applicable,,,,,,,,,,,Not applicable,Not applicable,,,,,No,,,Yes,1777266276300.jpg,https://kf.kobotoolbox.org/api/v2/assets/aLP6mR6GUPYRbYEjUKj73j/data/736306414/attachments/attJxj7ZfqBh9Kbvt33b3MC7/,Yes,1777266290217.jpg,https://kf.kobotoolbox.org/api/v2/assets/aLP6mR6GUPYRbYEjUKj73j/data/736306414/attachments/attDMbiWYLmsUNJeQNt8V7z5/,,OK,736306414,864a60e3-4b75-4c66-91b0-cd6f7b42a39a,27-04-2026 05:07,,,submitted_via_web,,vkbFwZJLxY6frYjhVP9c6i,,uuid:864a60e3-4b75-4c66-91b0-cd6f7b42a39a,BMSCA,West,Vrishabhavati Valley,V100,,279,yes
285,27-04-2026,27-04-2026,,,"Yes, I feel safe to conduct the audit",A56,Left hand side (LHS),,,12.9564858 77.5427504 772.7999877929688 4.047,12.9564858,77.5427504,772.7999878,4.047,2026/04/27 11:14:00+0530,,,,,,,,,,,,,1777268810158.jpg,https://kf.kobotoolbox.org/api/v2/assets/aLP6mR6GUPYRbYEjUKj73j/data/736354623/attachments/att9YpDBg3PgSY5B3CvziKnz/,,,Retaining wall intact throughout the stretch,6.12,"Yes, covered only on sides",Reinforced Cement Concrete (RCC),1777268799837.jpg,https://kf.kobotoolbox.org/api/v2/assets/aLP6mR6GUPYRbYEjUKj73j/data/736354623/attachments/attW8Qugfq93sLxKWXKB7XUg/,Not applicable ,Not applicable,,,,,Not applicable,,,,,,,,,,,Not applicable,Not applicable,,,,,Yes,1777268837597.jpg,https://kf.kobotoolbox.org/api/v2/assets/aLP6mR6GUPYRbYEjUKj73j/data/736354623/attachments/attmm3juQW3zLzhV6577tayA/,No,1777268850606.jpg,https://kf.kobotoolbox.org/api/v2/assets/aLP6mR6GUPYRbYEjUKj73j/data/736354623/attachments/attbW9SHpiVzAMasbEyyY38k/,No,,,,OK,736354623,46485d5a-dfe7-456b-ae87-15a303ea8ac2,27-04-2026 06:20,,,submitted_via_web,,vkbFwZJLxY6frYjhVP9c6i,,uuid:46485d5a-dfe7-456b-ae87-15a303ea8ac2,BMSCA,West,Vrishabhavati Valley,V100,,280,yes
278,27-04-2026,27-04-2026,,,"Yes, I feel safe to conduct the audit",A52,Right hand side (RHS),,,12.9565279 77.5425367 772.7999877929688 4.074,12.9565279,77.5425367,772.7999878,4.074,2026/04/27 11:30:00+0530,,,,,,,,,,,,,1777269713918.jpg,https://kf.kobotoolbox.org/api/v2/assets/aLP6mR6GUPYRbYEjUKj73j/data/736344774/attachments/attE2obm72c7kp4mDT4tT6HU/,,,Retaining wall intact throughout the stretch,4,"Yes, covered only on sides",Reinforced Cement Concrete (RCC),1777269693482.jpg,https://kf.kobotoolbox.org/api/v2/assets/aLP6mR6GUPYRbYEjUKj73j/data/736344774/attachments/attK7hGxx8xkaSBAAMDpVbq6/,Not applicable ,Not applicable,,,,,Not applicable,,,,,,,,,,,Not applicable,Not applicable,,,,,Yes,1777269757880.jpg,https://kf.kobotoolbox.org/api/v2/assets/aLP6mR6GUPYRbYEjUKj73j/data/736344774/attachments/attzvT3LdY4EkhVnBoaNDbEn/,No,,,Yes,1777269778360.jpg,https://kf.kobotoolbox.org/api/v2/assets/aLP6mR6GUPYRbYEjUKj73j/data/736344774/attachments/attiyTAthgdUYj3NN9jEBXch/,,OK,736344774,6c2fdf26-5db5-46e1-9bb6-60ffd9c26918,27-04-2026 06:08,,,submitted_via_web,,vkbFwZJLxY6frYjhVP9c6i,,uuid:6c2fdf26-5db5-46e1-9bb6-60ffd9c26918,BMSCA,West,Vrishabhavati Valley,V100,,281,yes
269,27-04-2026,27-04-2026,,,"Yes, I feel safe to conduct the audit",A53,Right hand side (RHS),,,12.9562806 77.5421432 773.0999755859375 3.8,12.9562806,77.5421432,773.0999756,3.8,2026/04/27 11:06:00+0530,,,,,,,,,,,,,1777268276549.jpg,https://kf.kobotoolbox.org/api/v2/assets/aLP6mR6GUPYRbYEjUKj73j/data/736336950/attachments/attSchDHwptJJK4he8RrSLf4/,,,Retaining wall intact throughout the stretch,8,There is no fence ,"Both, SSM and RCC",1777268260068.jpg,https://kf.kobotoolbox.org/api/v2/assets/aLP6mR6GUPYRbYEjUKj73j/data/736336950/attachments/attaH7REbzYkT6ENow5gNg47/,Not applicable ,Not applicable,,,,,Not applicable,,,,,,,,,,,Not applicable,Not applicable,,,,,Yes,1777268312842.jpg,https://kf.kobotoolbox.org/api/v2/assets/aLP6mR6GUPYRbYEjUKj73j/data/736336950/attachments/attBhA5jf3ykzbw4imfQ3GYH/,Cannot see,,,Cannot see,,,,OK,736336950,386d38f1-1e43-419e-8e00-5502db0aa018,27-04-2026 05:57,,,submitted_via_web,,vkbFwZJLxY6frYjhVP9c6i,,uuid:386d38f1-1e43-419e-8e00-5502db0aa018,BMSCA,West,Vrishabhavati Valley,V100,,282,yes
260,27-04-2026,27-04-2026,,,"Yes, I feel safe to conduct the audit",A50,Left hand side (LHS),,,12.9559424 77.5422446 771.0 3.0,12.9559424,77.5422446,771,3,2026/04/27 10:25:00+0530,,,,,,,,,,,,,1777265855947.jpg,https://kf.kobotoolbox.org/api/v2/assets/aLP6mR6GUPYRbYEjUKj73j/data/736311683/attachments/attQxcLYZitXkCxHMArGEEyX/,,,Retaining wall intact throughout the stretch,8,"Yes, covered only on sides","Both, SSM and RCC",1777265827680.jpg,https://kf.kobotoolbox.org/api/v2/assets/aLP6mR6GUPYRbYEjUKj73j/data/736311683/attachments/attDuBuVFWxBwFkcMtvGbdff/,Not applicable ,Not applicable,,,,,Not applicable,,,,,,,,,,,Not applicable,Not applicable,,,,,No,1777265939574.jpg,https://kf.kobotoolbox.org/api/v2/assets/aLP6mR6GUPYRbYEjUKj73j/data/736311683/attachments/attVYTzicTerdzvijLZxDXTo/,No,,,Yes,1777265977746.jpg,https://kf.kobotoolbox.org/api/v2/assets/aLP6mR6GUPYRbYEjUKj73j/data/736311683/attachments/attoC5K5goXLv6VuvDsKhDiy/,,OK,736311683,0ccf226f-323f-4445-8846-e9f39415b906,27-04-2026 05:16,,,submitted_via_web,,vkbFwZJLxY6frYjhVP9c6i,,uuid:0ccf226f-323f-4445-8846-e9f39415b906,BMSCA,West,Vrishabhavati Valley,V100,,283,yes
242,27-04-2026,27-04-2026,,,"Yes, I feel safe to conduct the audit",A54,Right hand side (RHS),,,12.9557299 77.5416185 772.7000122070312 18.453,12.9557299,77.5416185,772.7000122,18.453,2026/04/27 10:25:00+0530,,,,,,,,,,,,,1777265779400.jpg,https://kf.kobotoolbox.org/api/v2/assets/aLP6mR6GUPYRbYEjUKj73j/data/736300384/attachments/attWnDpnMqTXE3zSjVfTa89W/,,,Retaining wall intact throughout the stretch,7,"Yes, covered only on sides",Reinforced Cement Concrete (RCC),1777265768847.jpg,https://kf.kobotoolbox.org/api/v2/assets/aLP6mR6GUPYRbYEjUKj73j/data/736300384/attachments/attYppiSQ4RewqkDQTgmS9iY/,Not applicable ,Not applicable,,,,,Not applicable,,,,,,,,,,,Not applicable,Not applicable,,,,,Yes,1777265823629.jpg,https://kf.kobotoolbox.org/api/v2/assets/aLP6mR6GUPYRbYEjUKj73j/data/736300384/attachments/attLVsnY8QFsWmeGX4mGPf8A/,Yes,1777265835659.jpg,https://kf.kobotoolbox.org/api/v2/assets/aLP6mR6GUPYRbYEjUKj73j/data/736300384/attachments/attnN6nJcbXJNHgkUZAMM8zb/,Yes,1777265850922.jpg,https://kf.kobotoolbox.org/api/v2/assets/aLP6mR6GUPYRbYEjUKj73j/data/736300384/attachments/attSZCCnFmYsBZTqHmzCjh3H/,,OK,736300384,800d764e-9a2d-4628-98a2-294ea3b58ce1,27-04-2026 04:57,,,submitted_via_web,,vkbFwZJLxY6frYjhVP9c6i,,uuid:800d764e-9a2d-4628-98a2-294ea3b58ce1,BMSCA,West,Vrishabhavati Valley,V100,,284,yes
253,27-04-2026,27-04-2026,,,"No, I do not feel safe. I will stop the audit at this point.",A55,Left hand side (LHS),,,12.9554636 77.5419543 773.0 4.478,12.9554636,77.5419543,773,4.478,2026/04/27 10:30:00+0530,,,,,,,,,,,,,1777266165387.jpg,https://kf.kobotoolbox.org/api/v2/assets/aLP6mR6GUPYRbYEjUKj73j/data/736307341/attachments/attvCaxJAxvqyEjDAddLAbVY/,,,Broken in some places,8,"Yes, covered only on sides",Reinforced Cement Concrete (RCC),1777266157690.jpg,https://kf.kobotoolbox.org/api/v2/assets/aLP6mR6GUPYRbYEjUKj73j/data/736307341/attachments/attaHbQhyDCsSMN4mR6TKjGX/,Not applicable ,Not applicable,,,,,Not applicable,,,,,,,,,1777266185041.jpg,https://kf.kobotoolbox.org/api/v2/assets/aLP6mR6GUPYRbYEjUKj73j/data/736307341/attachments/attf69Mb4eUizdDRjY8nJ5j4/,Not applicable,Not applicable,1777266204529.jpg,,https://kf.kobotoolbox.org/api/v2/assets/aLP6mR6GUPYRbYEjUKj73j/data/736307341/attachments/attYB7bdiRo4M8vAmcn7hKKn/,,Yes,1777266225134.jpg,https://kf.kobotoolbox.org/api/v2/assets/aLP6mR6GUPYRbYEjUKj73j/data/736307341/attachments/attdMQ6JfcxFb3x47BomkfyL/,Yes,1777266237088.jpg,https://kf.kobotoolbox.org/api/v2/assets/aLP6mR6GUPYRbYEjUKj73j/data/736307341/attachments/attmfz4yv7J37wpBGxJaE8Pv/,Cannot see,1777266248476.jpg,https://kf.kobotoolbox.org/api/v2/assets/aLP6mR6GUPYRbYEjUKj73j/data/736307341/attachments/attGpf7BXGM9iqubRZtaC87F/,,OK,736307341,43501d2f-09e1-4661-af6d-485614fc05c0,27-04-2026 05:08,,,submitted_via_web,,vkbFwZJLxY6frYjhVP9c6i,,uuid:43501d2f-09e1-4661-af6d-485614fc05c0,BMSCA,West,Vrishabhavati Valley,V100,,285,yes
284,27-04-2026,27-04-2026,,,"Yes, I feel safe to conduct the audit",A56,Left hand side (LHS),,,12.9543213 77.5419788 770.2999877929688 4.81,12.9543213,77.5419788,770.2999878,4.81,2026/04/27 10:51:00+0530,,,,,,,,,,,,,1777267309405.jpg,https://kf.kobotoolbox.org/api/v2/assets/aLP6mR6GUPYRbYEjUKj73j/data/736354581/attachments/attQXJYKQ3tUnKQPgPCNqjr4/,,,Retaining wall does not exist,,There is no fence ,Not applicable,1777267294672.jpg,https://kf.kobotoolbox.org/api/v2/assets/aLP6mR6GUPYRbYEjUKj73j/data/736354581/attachments/attvyYjJEnPfDRqtagNFbgBC/,Not applicable ,Not applicable,,,,,Not applicable,,,,,,,,,,,Not applicable,Not applicable,,,,,No,,,Cannot see,1777267355914.jpg,https://kf.kobotoolbox.org/api/v2/assets/aLP6mR6GUPYRbYEjUKj73j/data/736354581/attachments/attoEyUXk9mYx9RbBJdFyNXb/,Yes,,,,OK,736354581,494993ae-26b3-45ba-9f9c-4084baaa59b8,27-04-2026 06:20,,,submitted_via_web,,vkbFwZJLxY6frYjhVP9c6i,,uuid:494993ae-26b3-45ba-9f9c-4084baaa59b8,BMSCA,West,Vrishabhavati Valley,V100,,286,yes
248,27-04-2026,27-04-2026,,,"Yes, I feel safe to conduct the audit",A51,Right hand side (RHS),,,12.9541259 77.5411565 769.9818678458649 4.615,12.95413,77.5413841,769.9818678,4.615,2026/04/27 10:20:00+0530,,,,,,,,,,,,,,,,,Broken in some places,5.5,"Yes, covered only on sides",Reinforced Cement Concrete (RCC),1777265448854.jpg,https://kf.kobotoolbox.org/api/v2/assets/aLP6mR6GUPYRbYEjUKj73j/data/736306368/attachments/att69tFPrLaW6vxCy8WB3PFD/,Not applicable ,Not applicable,,,,,Not applicable,,,,,,,,,,,Not applicable,Not applicable,,,,,No,,,No,,,Yes,1777265565828.jpg,https://kf.kobotoolbox.org/api/v2/assets/aLP6mR6GUPYRbYEjUKj73j/data/736306368/attachments/attYodwUzLX9x82QXvzVWH6d/,,,736306368,2275dfe7-eae7-40cd-877f-6e72afe3c1d7,27-04-2026 05:07,,,submitted_via_web,,vkbFwZJLxY6frYjhVP9c6i,,uuid:2275dfe7-eae7-40cd-877f-6e72afe3c1d7,BMSCA,West,Vrishabhavati Valley,V100,,287,yes
268,27-04-2026,27-04-2026,,,"Yes, I feel safe to conduct the audit",A53,Right hand side (RHS),,,12.953203 77.5414053 771.2999877929688 5.0,12.953203,77.5414053,771.2999878,5,2026/04/27 10:41:00+0530,,,,,,,,,,,,,1777266820824.jpg,https://kf.kobotoolbox.org/api/v2/assets/aLP6mR6GUPYRbYEjUKj73j/data/736336883/attachments/attammXGTq49XqrEtoyz8eYH/,,,Retaining wall does not exist,0,"Yes, covered only on sides",Not applicable,1777266807553.jpg,https://kf.kobotoolbox.org/api/v2/assets/aLP6mR6GUPYRbYEjUKj73j/data/736336883/attachments/attotgF9F6t5xALQXgxo68Ha/,"Vehicular, I can see vehicles on the bridge",Intact;  path and fence not broken ,,,,,Safe to walk (clear path),,,,,,,,,1777266894261.jpg,https://kf.kobotoolbox.org/api/v2/assets/aLP6mR6GUPYRbYEjUKj73j/data/736336883/attachments/attHxiVtNBzmYC8UpAGueWHZ/,No,0,,,,,No,,,Yes,1777266988218.jpg,https://kf.kobotoolbox.org/api/v2/assets/aLP6mR6GUPYRbYEjUKj73j/data/736336883/attachments/att72jykYaLhsYxW3hpGZ5Po/,Yes,1777267002576.jpg,https://kf.kobotoolbox.org/api/v2/assets/aLP6mR6GUPYRbYEjUKj73j/data/736336883/attachments/attvY9doTTFkAetSkn2MBaQg/,,OK,736336883,865ad520-bdc6-4eb0-a001-b17e63759e99,27-04-2026 05:57,,,submitted_via_web,,vkbFwZJLxY6frYjhVP9c6i,,uuid:865ad520-bdc6-4eb0-a001-b17e63759e99,BMSCA,West,Vrishabhavati Valley,V100,,288,yes
134,22-02-2026,22-02-2026,,,"Yes, I feel safe to conduct the audit",A22,Right hand side (RHS),,,12.9019384 77.5416545 764.468505859375 4.608,12.9019384,77.5416545,764.4685059,4.608,2026/02/22 11:46:00+0530,,,,,,,,,,,,,1771741101178.jpg,,,,Broken in some places,3.5,"Yes, covered only on sides",Reinforced Cement Concrete (RCC),1771741082867.jpg,,"Vehicular, I can see vehicles on the bridge",Intact;  path and fence not broken ,,,,,Safe to walk (clear path),,,,,,,,,1771741142313.jpg,https://kf.kobotoolbox.org/api/v2/assets/aLP6mR6GUPYRbYEjUKj73j/data/677290845/attachments/attsmYFm4g2zxSJrRekPndjS/,No,0,,,,,Yes,1771741198644.jpg,,Yes,,,Yes,1771741216430.jpg,https://kf.kobotoolbox.org/api/v2/assets/aLP6mR6GUPYRbYEjUKj73j/data/677290845/attachments/attsx8YssXG9yJMvZRLznwy4/,,OK,677290845,8ca818ad-2020-472a-b35a-70c630d1980d,22-02-2026 06:49,,,submitted_via_web,,v3tpAA3xLp479pfhqUuXwb,,uuid:8ca818ad-2020-472a-b35a-70c630d1980d,RNSIT MUN Society,South,Vrishabhavati Valley,RN223,,289,yes
132,22-02-2026,22-02-2026,,,"Yes, I feel safe to conduct the audit",A22,Right hand side (RHS),,,12.9009837 77.5410627 762.1697998046875 4.09,12.9009837,77.5410627,762.1697998,4.09,2026/02/22 11:30:00+0530,,,,,,,,,,,,,1771740060519.jpg,,,,Retaining wall intact throughout the stretch,4.7,"Yes, covered only on sides",Reinforced Cement Concrete (RCC),1771740048720.jpg,,Not applicable ,Not applicable,,,,,Not applicable,,,,,,,,,,,Not applicable,Not applicable,,,,,Yes,1771740109958.jpg,,No,,,Yes,1771740134220.jpg,https://kf.kobotoolbox.org/api/v2/assets/aLP6mR6GUPYRbYEjUKj73j/data/677290800/attachments/attDV3octfroD29UbDrJX65Z/,,OK,677290800,87c58c9a-6ea4-48be-9863-9bb47b60456a,22-02-2026 06:49,,,submitted_via_web,,v3tpAA3xLp479pfhqUuXwb,,uuid:87c58c9a-6ea4-48be-9863-9bb47b60456a,RNSIT MUN Society,South,Vrishabhavati Valley,RN223,,290,yes
131,22-02-2026,22-02-2026,,,"Yes, I feel safe to conduct the audit",A22,Left hand side (LHS),,,12.9002445 77.5405983 757.041748046875 3.988,12.9002445,77.5405983,757.041748,3.988,2026/02/22 11:19:00+0530,,,,,,,,,,,,,1771739498418.jpg,,,,Broken in some places,2,"Yes, covered only on sides",Reinforced Cement Concrete (RCC),1771739458831.jpg,,"Vehicular, I can see vehicles on the bridge",Broken wall/fence,,,,,Obstructed path (solid waste),,,,,,,,,1771739538546.jpg,https://kf.kobotoolbox.org/api/v2/assets/aLP6mR6GUPYRbYEjUKj73j/data/677290751/attachments/att7wRhsWiwiGcmM4yfahFBv/,No,0,,,,,Yes,1771739566368.jpg,,Yes,1771739458831.jpg,,Yes,1771739616571.jpg,https://kf.kobotoolbox.org/api/v2/assets/aLP6mR6GUPYRbYEjUKj73j/data/677290751/attachments/attUpnCUKa4Ve38Xb2zouyDb/,,OK,677290751,66e30e3f-bcb4-45c7-a26e-e23b626fbf4f,22-02-2026 06:49,,,submitted_via_web,,v3tpAA3xLp479pfhqUuXwb,,uuid:66e30e3f-bcb4-45c7-a26e-e23b626fbf4f,RNSIT MUN Society,South,Vrishabhavati Valley,RN223,,291,no
129,22-02-2026,22-02-2026,,,"Yes, I feel safe to conduct the audit",A22,Left hand side (LHS),,,12.8992698 77.5390267 762.314453125 4.836,12.8992698,77.5390267,762.3144531,4.836,2026/02/22 11:04:00+0530,,,,,,,,,,,,,1771738576161.jpg,,,,Retaining wall intact throughout the stretch,2.5,"Yes, covered only on sides",Reinforced Cement Concrete (RCC),1771738533689.jpg,,"Vehicular, I can see vehicles on the bridge",Intact;  path and fence not broken ,,,,,Obstructed path (solid waste),,,,,,,,,1771738646468.jpg,https://kf.kobotoolbox.org/api/v2/assets/aLP6mR6GUPYRbYEjUKj73j/data/677290683/attachments/attDiNDprYmXXeFPMAnTfaEH/,No,0,,,,,No,,,No,,,Yes,1771738707623.jpg,https://kf.kobotoolbox.org/api/v2/assets/aLP6mR6GUPYRbYEjUKj73j/data/677290683/attachments/attScCNaKCj5v77qkPSV5yHK/,,OK,677290683,e3896a4c-7245-4baf-aa3a-bebb9674abcc,22-02-2026 06:49,,,submitted_via_web,,v3tpAA3xLp479pfhqUuXwb,,uuid:e3896a4c-7245-4baf-aa3a-bebb9674abcc,RNSIT MUN Society,South,Vrishabhavati Valley,RN223,,292,yes
124,22-02-2026,22-02-2026,,,"Yes, I feel safe to conduct the audit",A22,Left hand side (LHS),,,12.8995878 77.5375315 763.2955322265625 4.115,12.8995878,77.5375315,763.2955322,4.115,2026/02/22 10:51:00+0530,,,,,,,,,,,,,1771737920603.jpg,,,,Retaining wall intact throughout the stretch,6.2,"Yes, covered only on sides",Reinforced Cement Concrete (RCC),1771737810763.jpg,,Not applicable ,Not applicable,,,,,Not applicable,,,,,,,,,,,Not applicable,Not applicable,,,,,No,,,No,,,Yes,1771738000736.jpg,https://kf.kobotoolbox.org/api/v2/assets/aLP6mR6GUPYRbYEjUKj73j/data/677290612/attachments/attCft3tZ2auJXpa6wmCs4WH/,,OK,677290612,fc14a26f-b2d8-45d2-be73-fe5e13d0de1f,22-02-2026 06:48,,,submitted_via_web,,v3tpAA3xLp479pfhqUuXwb,,uuid:fc14a26f-b2d8-45d2-be73-fe5e13d0de1f,RNSIT MUN Society,South,Vrishabhavati Valley,RN223,,293,yes
119,22-02-2026,22-02-2026,,,"Yes, I feel safe to conduct the audit",A22,Left hand side (LHS),,,12.8997197 77.5364673 769.545166015625 4.753,12.8997197,77.5364673,769.545166,4.753,2026/02/22 10:38:00+0530,,,,,,,,,,,,,1771737189658.jpg,,,,Retaining wall intact throughout the stretch,4,"Yes, covered only on sides",Reinforced Cement Concrete (RCC),1771737086252.jpg,,Not applicable ,Not applicable,,,,,Not applicable,,,,,,,,,,,Not applicable,Not applicable,,,,,Yes,1771737337290.jpg,,No,,,Yes,1771737389507.jpg,https://kf.kobotoolbox.org/api/v2/assets/aLP6mR6GUPYRbYEjUKj73j/data/677290532/attachments/atta4SQKLnzxxnD3yzHbDmB9/,,OK,677290532,934c5985-6886-41da-b9b6-5cd1ff8858f2,22-02-2026 06:48,,,submitted_via_web,,v3tpAA3xLp479pfhqUuXwb,,uuid:934c5985-6886-41da-b9b6-5cd1ff8858f2,RNSIT MUN Society,South,Vrishabhavati Valley,RN223,,294,yes
109,22-02-2026,22-02-2026,,,"Yes, I feel safe to conduct the audit",A22,Left hand side (LHS),,,12.8992795 77.5347386 762.1295166015625 4.657,12.8992795,77.5347386,762.1295166,4.657,2026/02/22 10:29:00+0530,,,,,,,,,,,,,1771736418247.jpg,,,,Retaining wall intact throughout the stretch,1,"Yes, covered only on sides",Reinforced Cement Concrete (RCC),1771736403942.jpg,,Not applicable ,Not applicable,,,,,Not applicable,,,,,,,,,,,Not applicable,Not applicable,,,,,No,,,No,,,No,,,,OK,677290441,b1feb653-763a-48e5-99af-db32bdafe811,22-02-2026 06:48,,,submitted_via_web,,v3tpAA3xLp479pfhqUuXwb,,uuid:b1feb653-763a-48e5-99af-db32bdafe811,RNSIT MUN Society,South,Vrishabhavati Valley,RN223,,295,yes
121,22-02-2026,22-02-2026,,,"Yes, I feel safe to conduct the audit",A23,Left hand side (LHS),,,12.8969605 77.5322119 763.8999633789062 3.84,12.8969605,77.5322119,763.8999634,3.84,2026/02/22 11:55:00+0530,,,,,,,,,,,,,1771741612528.jpg,,,,Retaining wall intact throughout the stretch,3,"Yes, covered only on sides",Reinforced Cement Concrete (RCC),1771741595996.jpg,,Not applicable ,Not applicable,,,,,Not applicable,,,,,,,,,,,Not applicable,Not applicable,,,,,Yes,1771741654293.jpg,,Yes,1771741663092.jpg,https://kf.kobotoolbox.org/api/v2/assets/aLP6mR6GUPYRbYEjUKj73j/data/677290553/attachments/attcAt5mrsJMhyBaLaWEHCDj/,No,,,,OK,677290553,6d2faa04-8320-4b2d-a192-404fb90922cf,22-02-2026 06:48,,,submitted_via_web,,v3tpAA3xLp479pfhqUuXwb,,uuid:6d2faa04-8320-4b2d-a192-404fb90922cf,RNSIT MUN Society,South,Vrishabhavati Valley,RN223,,296,yes
116,22-02-2026,22-02-2026,,,"Yes, I feel safe to conduct the audit",A23,Left hand side (LHS),,,12.8961649 77.5318718 763.3999633789062 3.863,12.8961649,77.5318718,763.3999634,3.863,2026/02/22 11:49:00+0530,,,,,,,,,,,,,1771741276371.jpg,,,,Broken in some places,1,"Yes, covered only on sides",Reinforced Cement Concrete (RCC),1771741224525.jpg,,"Vehicular, I can see vehicles on the bridge",Broken wall/fence,,,,,Safe to walk (clear path),,,,,,,,,1771741322799.jpg,https://kf.kobotoolbox.org/api/v2/assets/aLP6mR6GUPYRbYEjUKj73j/data/677290506/attachments/atttHvMLBFfcCpGWmboLCcNp/,No,0,1771741349099.jpg,,,,Yes,1771741381508.jpg,,Yes,1771741404368.jpg,https://kf.kobotoolbox.org/api/v2/assets/aLP6mR6GUPYRbYEjUKj73j/data/677290506/attachments/attmKJZmhQC9xe6wT3CqwHPw/,No,,,,OK,677290506,02b23c42-abe4-4e7a-a511-ea99d53f24e5,22-02-2026 06:48,,,submitted_via_web,,v3tpAA3xLp479pfhqUuXwb,,uuid:02b23c42-abe4-4e7a-a511-ea99d53f24e5,RNSIT MUN Society,South,Vrishabhavati Valley,RN223,,297,yes
130,22-02-2026,22-02-2026,,,"Yes, I feel safe to conduct the audit",A23,Left hand side (LHS),,,"12.895402, 77.5313309",12.895402,77.5313309,,,2026/02/22 12:01:00+0530,,,,,,,,,,,,,1771741946692.jpg,,,,Retaining wall intact throughout the stretch,2,"Yes, covered only on sides",Reinforced Cement Concrete (RCC),1771741929565.jpg,,Not applicable ,Not applicable,,,,,Not applicable,,,,,,,,,,,Not applicable,Not applicable,,,,,No,,,No,,,No,,,,OK,677290726,990d33b4-75ad-4d5c-a696-d7014044aab6,22-02-2026 06:49,,,submitted_via_web,,v3tpAA3xLp479pfhqUuXwb,,uuid:990d33b4-75ad-4d5c-a696-d7014044aab6,RNSIT MUN Society,South,Vrishabhavati Valley,RN223,,298,yes
133,22-02-2026,22-02-2026,,,"Yes, I feel safe to conduct the audit",A23,Left hand side (LHS),,,12.8951188 77.5290378 761.0 3.79,12.8951188,77.5290378,761,3.79,2026/02/22 11:54:00+0530,,,,,,,,,,,,,1771741551048.jpg,,,,Retaining wall intact throughout the stretch,2,There is no fence ,Reinforced Cement Concrete (RCC),1771741541004.jpg,,Not applicable ,Not applicable,,,,,Not applicable,,,,,,,,,,,Not applicable,Not applicable,,,,,No,,,No,,,Yes,1771741661177.jpg,https://kf.kobotoolbox.org/api/v2/assets/aLP6mR6GUPYRbYEjUKj73j/data/677290826/attachments/attQQvJrAMf92DYt59y8MYaE/,,OK,677290826,7a985d56-8869-41b2-bb32-fb4f355dbe42,22-02-2026 06:49,,,submitted_via_web,,v3tpAA3xLp479pfhqUuXwb,,uuid:7a985d56-8869-41b2-bb32-fb4f355dbe42,RNSIT MUN Society,South,Vrishabhavati Valley,RN223,,299,yes
127,22-02-2026,22-02-2026,,,"Yes, I feel safe to conduct the audit",A23,Right hand side (RHS),,,12.8952603 77.5283686 760.2000122070312 3.0,12.8952603,77.5283686,760.2000122,3,2026/02/22 11:38:00+0530,,,,,,,,,,,,,1771740580974.jpg,,,,Retaining wall intact throughout the stretch,4,There is no fence ,Reinforced Cement Concrete (RCC),1771740568383.jpg,,Not applicable ,Not applicable,,,,,Not applicable,,,,,,,,,,,Not applicable,Not applicable,,,,,No,,,No,,,No,,,,OK,677290661,38002104-8d2b-4381-88fc-2b0e9cf0039a,22-02-2026 06:49,,,submitted_via_web,,v3tpAA3xLp479pfhqUuXwb,,uuid:38002104-8d2b-4381-88fc-2b0e9cf0039a,RNSIT MUN Society,South,Vrishabhavati Valley,RN223,,300,yes
106,22-02-2026,22-02-2026,,,"Yes, I feel safe to conduct the audit",A23,Right hand side (RHS),,,12.8952185 77.527765 761.0 4.159,12.8952185,77.527765,761,4.159,2026/02/22 11:27:00+0530,,,,,,,,,,,,,1771739965503.jpg,,,,Retaining wall intact throughout the stretch,4,"Yes, covered only on sides",Reinforced Cement Concrete (RCC),1771739941090.jpg,,"Vehicular, I can see vehicles on the bridge",Intact;  path and fence not broken ,,,,,Obstructed path (solid waste),,,,,,,,,1771740022325.jpg,https://kf.kobotoolbox.org/api/v2/assets/aLP6mR6GUPYRbYEjUKj73j/data/677290406/attachments/atthCAD7T5prd6A9v4XbXUw2/,No,0,,,,,Yes,1771740076922.jpg,,Yes,1771740194811.jpg,https://kf.kobotoolbox.org/api/v2/assets/aLP6mR6GUPYRbYEjUKj73j/data/677290406/attachments/attmgLVZeASQQ7EhDnAdSN8F/,No,,,,OK,677290406,e8d18eed-9945-414f-b29c-f54bb100c5e9,22-02-2026 06:48,,,submitted_via_web,,v3tpAA3xLp479pfhqUuXwb,,uuid:e8d18eed-9945-414f-b29c-f54bb100c5e9,RNSIT MUN Society,South,Vrishabhavati Valley,RN223,,301,yes
114,22-02-2026,22-02-2026,,,"Yes, I feel safe to conduct the audit",A23,Right hand side (RHS),,,12.8952041 77.5267229 759.0 3.0,12.8952041,77.5267229,759,3,2026/02/22 11:21:00+0530,,,,,,,,,,,,,1771739565949.jpg,,,,Retaining wall intact throughout the stretch,7,There is no fence ,Reinforced Cement Concrete (RCC),1771739555836.jpg,,Not applicable ,Not applicable,,,,,Not applicable,,,,,,,,,,,Not applicable,Not applicable,,,,,Yes,1771739609606.jpg,,Yes,,,Cannot see,,,,OK,677290486,c3969b63-c998-4bf4-9da1-cde5e263ad8d,22-02-2026 06:48,,,submitted_via_web,,v3tpAA3xLp479pfhqUuXwb,,uuid:c3969b63-c998-4bf4-9da1-cde5e263ad8d,RNSIT MUN Society,South,Vrishabhavati Valley,RN223,,302,yes
126,22-02-2026,22-02-2026,,,"Yes, I feel safe to conduct the audit",A24,Right hand side (RHS),,,12.8976457 77.5231963 755.0 4.766,12.8976457,77.5231963,755,4.766,2026/02/22 11:14:00+0530,,,,,,,,,,,,,1771739158733.jpg,,,,Broken in some places,1,There is no fence ,Solid Stone Masonry (SSM),1771739124945.jpg,,"Vehicular, I can see vehicles on the bridge",Intact;  path and fence not broken ,,,,,Safe to walk (clear path),,,,,,,,,1771739248678.jpg,https://kf.kobotoolbox.org/api/v2/assets/aLP6mR6GUPYRbYEjUKj73j/data/677290656/attachments/attGPNeqrsixjPJX9XKT2GVV/,No,0,,,,,Yes,1771739319697.jpg,,Yes,1771739342374.jpg,https://kf.kobotoolbox.org/api/v2/assets/aLP6mR6GUPYRbYEjUKj73j/data/677290656/attachments/attAezXxWyqf9nv3rwuFcAhk/,Yes,1771739412511.jpg,https://kf.kobotoolbox.org/api/v2/assets/aLP6mR6GUPYRbYEjUKj73j/data/677290656/attachments/attRPQSyqH7PEWrhhMeGcTB2/,,OK,677290656,bb284c2f-f614-4184-8f69-cef1aeb0d302,22-02-2026 06:49,,,submitted_via_web,,v3tpAA3xLp479pfhqUuXwb,,uuid:bb284c2f-f614-4184-8f69-cef1aeb0d302,RNSIT MUN Society,South,Vrishabhavati Valley,RN223,,303,yes
123,22-02-2026,22-02-2026,,,"Yes, I feel safe to conduct the audit",A24,Right hand side (RHS),,,12.8972786 77.5223746 755.5999755859375 4.9,12.8972786,77.5223746,755.5999756,4.9,2026/02/22 11:04:00+0530,,,,,,,,,,,,,1771738627180.jpg,,,,Broken in some places,0,There is no fence ,Not applicable,1771738539001.jpg,,Not applicable ,Not applicable,,,,,Not applicable,,,,,,,,,,,Not applicable,Not applicable,,,,,Yes,1771738719979.jpg,,No,,,Cannot see,,,,OK,677290587,2b8ca110-2c14-4638-989f-07efa6e788ea,22-02-2026 06:48,,,submitted_via_web,,v3tpAA3xLp479pfhqUuXwb,,uuid:2b8ca110-2c14-4638-989f-07efa6e788ea,RNSIT MUN Society,South,Vrishabhavati Valley,RN223,,304,yes
122,22-02-2026,22-02-2026,,,"Yes, I feel safe to conduct the audit",A24,Right hand side (RHS),,,12.8959397 77.5209299 751.7999877929688 4.483,12.8959397,77.5209299,751.7999878,4.483,2026/02/22 10:54:00+0530,,,,,,,,,,,,,1771737985113.jpg,,,,Retaining wall intact throughout the stretch,1,"Yes, covered on sides and top",Reinforced Cement Concrete (RCC),,,Not applicable ,Not applicable,,,,,Not applicable,,,,,,,,,1771737996656.jpg,https://kf.kobotoolbox.org/api/v2/assets/aLP6mR6GUPYRbYEjUKj73j/data/677290559/attachments/attUHXw3Zy3PUyVPSNZbHrEC/,Not applicable,Not applicable,,,,,Yes,1771738125321.jpg,,No,,,No,,,,OK,677290559,c30cfac8-fa7c-4a72-aab5-80f3f71c9ca4,22-02-2026 06:48,,,submitted_via_web,,v3tpAA3xLp479pfhqUuXwb,,uuid:c30cfac8-fa7c-4a72-aab5-80f3f71c9ca4,RNSIT MUN Society,South,Vrishabhavati Valley,RN223,,305,yes
120,22-02-2026,22-02-2026,,,"Yes, I feel safe to conduct the audit",A24,Right hand side (RHS),,,12.8937101 77.5211194 750.0 3.0,12.8937101,77.5211194,750,3,2026/02/22 10:43:00+0530,,,,,,,,,,,,,1771737438058.jpg,,,,Broken in some places,1,There is no fence ,"Both, SSM and RCC",1771737371600.jpg,,Not applicable ,Not applicable,,,,,Not applicable,,,,,,,,,,,Not applicable,Not applicable,,,,,Yes,1771737591710.jpg,,No,,,Yes,1771737664762.jpg,https://kf.kobotoolbox.org/api/v2/assets/aLP6mR6GUPYRbYEjUKj73j/data/677290540/attachments/attK9ZWzhTkGM9PSjnWmMBPB/,,OK,677290540,c87adf11-beb5-4e38-b7a6-db83485c76af,22-02-2026 06:48,,,submitted_via_web,,v3tpAA3xLp479pfhqUuXwb,,uuid:c87adf11-beb5-4e38-b7a6-db83485c76af,RNSIT MUN Society,South,Vrishabhavati Valley,RN223,,306,yes
118,22-02-2026,22-02-2026,,,"Yes, I feel safe to conduct the audit",A24,Left hand side (LHS),,,12.8932312 77.5185434 747.2999877929688 3.2,12.8932312,77.5185434,747.2999878,3.2,2026/02/22 10:29:00+0530,,,,,,,,,,,,,1771736496809.jpg,,,,Retaining wall intact throughout the stretch,0,There is no fence ,"Both, SSM and RCC",1771736493342.jpg,,"Vehicular, I can see vehicles on the bridge",Broken wall/fence,,,,,Safe to walk (clear path),,,,,,,,,1771736631773.jpg,https://kf.kobotoolbox.org/api/v2/assets/aLP6mR6GUPYRbYEjUKj73j/data/677290513/attachments/att6vEDLyHgrydK5GmBJ8VAB/,Yes,1,1771736712531.jpg,,,,Yes,1771736778403.jpg,,No,,,No,,,,OK,677290513,8c1bce04-72a0-4dac-9d6a-7f13526aacb2,22-02-2026 06:48,,,submitted_via_web,,v3tpAA3xLp479pfhqUuXwb,,uuid:8c1bce04-72a0-4dac-9d6a-7f13526aacb2,RNSIT MUN Society,South,Vrishabhavati Valley,RN223,,307,yes
113,22-02-2026,22-02-2026,,,"Yes, I feel safe to conduct the audit",A24,Left hand side (LHS),,,12.8935978 77.5167218 742.5999755859375 3.6,12.8935978,77.5167218,742.5999756,3.6,2026/02/22 10:20:00+0530,,,,,,,,,,,,,1771735971227.jpg,,,,Retaining wall intact throughout the stretch,0,There is no fence ,Reinforced Cement Concrete (RCC),1771735966563.jpg,,Not applicable ,Not applicable,,,,,Not applicable,,,,,,,,,,,Not applicable,Not applicable,,,,,No,,,No,,,No,,,,OK,677290482,bf416537-c942-4e64-974e-5bb7c7fde828,22-02-2026 06:48,,,submitted_via_web,,v3tpAA3xLp479pfhqUuXwb,,uuid:bf416537-c942-4e64-974e-5bb7c7fde828,RNSIT MUN Society,South,Vrishabhavati Valley,RN223,,308,yes
111,22-02-2026,22-02-2026,,,"Yes, I feel safe to conduct the audit",A24,Left hand side (LHS),,,12.8928324 77.5135926 742.5 3.5,12.8928324,77.5135926,742.5,3.5,2026/02/22 10:03:00+0530,,,,,,,,,,,,,1771735247287.jpg,,,,Retaining wall intact throughout the stretch,0,There is no fence ,"Both, SSM and RCC",1771735241042.jpg,,"Vehicular, I can see vehicles on the bridge",Intact;  path and fence not broken ,,,,,Obstructed path (solid waste),,,,,,,,,1771735372476.jpg,https://kf.kobotoolbox.org/api/v2/assets/aLP6mR6GUPYRbYEjUKj73j/data/677290455/attachments/attEWZypk6fx8b88ob3wqXYr/,Yes,3,1771735433629.jpg,,,,No,,,No,,,No,,,,OK,677290455,66b363d1-05d7-47d0-9c63-198a5066d19d,22-02-2026 06:48,,,submitted_via_web,,v3tpAA3xLp479pfhqUuXwb,,uuid:66b363d1-05d7-47d0-9c63-198a5066d19d,RNSIT MUN Society,South,Vrishabhavati Valley,RN223,,309,yes
108,22-02-2026,22-02-2026,,,"Yes, I feel safe to conduct the audit",A25,Left hand side (LHS),,,12.9011703 77.513131 733.8999633789062 19.789,12.9011703,77.513131,733.8999634,19.789,2026/02/22 10:40:00+0530,,,,,,,,,,,,,1771737127055.jpg,,,,Retaining wall intact throughout the stretch,0,There is no fence ,Solid Stone Masonry (SSM),1771737115371.jpg,,Not applicable ,Not applicable,,,,,Not applicable,,,,,,,,,,,Not applicable,Not applicable,,,,,No,,,No,,,No,,,,OK,677290421,6ac7efe0-1bce-4d22-b18e-ea5afc60a1ab,22-02-2026 06:48,,,submitted_via_web,,v3tpAA3xLp479pfhqUuXwb,,uuid:6ac7efe0-1bce-4d22-b18e-ea5afc60a1ab,RNSIT MUN Society,West,Vrishabhavati Valley,RN223,,310,yes
110,22-02-2026,22-02-2026,,,"Yes, I feel safe to conduct the audit",A25,Left hand side (LHS),,,12.9021391 77.5121144 737.0 13.741,12.9021391,77.5121144,737,13.741,2026/02/22 10:48:00+0530,,,,,,,,,,,,,1771737545800.jpg,,,,Retaining wall intact throughout the stretch,0,There is no fence ,Solid Stone Masonry (SSM),1771737525205.jpg,,Not applicable ,Not applicable,,,,,Not applicable,,,,,,,,,,,Not applicable,Not applicable,,,,,Yes,1771737614037.jpg,,No,,,No,,,,OK,677290451,c220b7dc-1b34-486f-88d1-24d5ea2ccdc6,22-02-2026 06:48,,,submitted_via_web,,v3tpAA3xLp479pfhqUuXwb,,uuid:c220b7dc-1b34-486f-88d1-24d5ea2ccdc6,RNSIT MUN Society,West,Vrishabhavati Valley,RN223,,311,yes
104,22-02-2026,22-02-2026,,,"Yes, I feel safe to conduct the audit",A25,Right hand side (RHS),,,12.9025014 77.5122078 734.5 28.085,12.9025014,77.5122078,734.5,28.085,2026/02/22 10:03:00+0530,,,,,,,,,,,,,1771735028271.jpg,,,,Retaining wall intact throughout the stretch,12,There is no fence ,"Both, SSM and RCC",1771734994735.jpg,,Not applicable ,Not applicable,,,,,Not applicable,,,,,,,,,,,Not applicable,Not applicable,,,,,No,,,No,,,Cannot see,,,,OK,677290383,f0ebe29e-16ea-434d-8fe8-49bc762c40e2,22-02-2026 06:48,,,submitted_via_web,,v3tpAA3xLp479pfhqUuXwb,,uuid:f0ebe29e-16ea-434d-8fe8-49bc762c40e2,RNSIT MUN Society,West,Vrishabhavati Valley,RN223,,312,yes
105,22-02-2026,22-02-2026,,,"Yes, I feel safe to conduct the audit",A25,Left hand side (LHS),,,12.9039911 77.5110187 733.7999877929688 6.745,12.9039911,77.5110187,733.7999878,6.745,2026/02/22 10:20:00+0530,,,,,,,,,,,,,1771735959834.jpg,,,,Retaining wall intact throughout the stretch,0,There is no fence ,Solid Stone Masonry (SSM),1771735927682.jpg,,"Vehicular, I can see vehicles on the bridge",Intact;  path and fence not broken ,,,,,Safe to walk (clear path),,,,,,,,,1771736050095.jpg,https://kf.kobotoolbox.org/api/v2/assets/aLP6mR6GUPYRbYEjUKj73j/data/677290401/attachments/atthABup9QApCzJ5PKqmd6im/,Yes,2,1771736101533.jpg,,,,Yes,,,No,,,Yes,,,,OK,677290401,2b198391-4890-499b-b4b7-5b9d4b272235,22-02-2026 06:48,,,submitted_via_web,,v3tpAA3xLp479pfhqUuXwb,,uuid:2b198391-4890-499b-b4b7-5b9d4b272235,RNSIT MUN Society,West,Vrishabhavati Valley,RN223,,313,yes
117,22-02-2026,22-02-2026,,,"Yes, I feel safe to conduct the audit",A25,Right hand side (RHS),,,"12.9046716, 77.5115343",12.9046716,77.5115343,732.7000122,51.407,2026/02/22 11:30:00+0530,,,,,,,,,,,,,,,,,Retaining wall intact throughout the stretch,15,"Yes, covered only on sides",Reinforced Cement Concrete (RCC),1771740065818.jpg,,Not applicable ,Not applicable,,,,,Not applicable,,,,,,,,,,,Not applicable,Not applicable,,,,,No,,,No,,,Cannot see,,,,OK,677290507,babdde81-5ab1-45d8-9d7c-7dc307300a51,22-02-2026 06:48,,,submitted_via_web,,v3tpAA3xLp479pfhqUuXwb,,uuid:babdde81-5ab1-45d8-9d7c-7dc307300a51,RNSIT MUN Society,West,Vrishabhavati Valley,RN223,,314,yes
115,22-02-2026,22-02-2026,,,"Yes, I feel safe to conduct the audit",A25,Right hand side (RHS),,,12.905213 77.5106846 734.0999755859375 60.848,12.905213,77.5106846,734.0999756,60.848,2026/02/22 11:10:00+0530,,,,,,,,,,,,,1771738846178.jpg,,,,Retaining wall intact throughout the stretch,15,"Yes, covered only on sides",Reinforced Cement Concrete (RCC),1771738832272.jpg,,Not applicable ,Not applicable,,,,,Not applicable,,,,,,,,,,,Not applicable,Not applicable,,,,,No,,,No,,,Cannot see,,,,OK,677290487,6643c7a5-c610-4ec2-b7cd-eae2f34805ec,22-02-2026 06:48,,,submitted_via_web,,v3tpAA3xLp479pfhqUuXwb,,uuid:6643c7a5-c610-4ec2-b7cd-eae2f34805ec,RNSIT MUN Society,West,Vrishabhavati Valley,RN223,,315,yes
112,22-02-2026,22-02-2026,,,"Yes, I feel safe to conduct the audit",A25,Right hand side (RHS),,,"12.9052137, 77.5119041",12.9052137,77.5119041,733,14.868,2026/02/22 11:04:00+0530,,,,,,,,,,,,,1771738529586.jpg,,,,Retaining wall intact throughout the stretch,4,"Yes, covered only on sides",Reinforced Cement Concrete (RCC),1771738516026.jpg,,Not applicable ,Not applicable,,,,,Not applicable,,,,,,,,,,,Not applicable,Not applicable,,,,,No,,,Yes,1771738589854.jpg,https://kf.kobotoolbox.org/api/v2/assets/aLP6mR6GUPYRbYEjUKj73j/data/677290470/attachments/att7NB9nhwFwrLWTWJnvkBDW/,No,,,,OK,677290470,adf82ab9-5de1-4135-886a-8fc138eb9398,22-02-2026 06:48,,,submitted_via_web,,v3tpAA3xLp479pfhqUuXwb,,uuid:adf82ab9-5de1-4135-886a-8fc138eb9398,RNSIT MUN Society,West,Vrishabhavati Valley,RN223,,316,yes
100,22-02-2026,22-02-2026,,,"Yes, I feel safe to conduct the audit",A26,Left hand side (LHS),,,12.90799 77.5109167 728.7000122070312 29.302,12.90799,77.5109167,728.7000122,29.302,2026/02/22 11:39:00+0530,,,,,,,,,,,,,1771740627998.jpg,,,,Retaining wall intact throughout the stretch,9,"Yes, covered only on sides",Reinforced Cement Concrete (RCC),1771740617262.jpg,,Not applicable ,Not applicable,,,,,Not applicable,,,,,,,,,,,Not applicable,Not applicable,,,,,No,,,Cannot see,,,Cannot see,,,,OK,677279524,0bda2d08-01b4-440a-a52e-5900bcd5491e,22-02-2026 06:15,,,submitted_via_web,,v3tpAA3xLp479pfhqUuXwb,,uuid:0bda2d08-01b4-440a-a52e-5900bcd5491e,RNSIT MUN Society,West,Vrishabhavati Valley,RN223,,317,yes
99,22-02-2026,22-02-2026,,,"Yes, I feel safe to conduct the audit",A26,Right hand side (RHS),,,12.9089754 77.5111343 731.3999633789062 38.083,12.9089754,77.5111343,731.3999634,38.083,2026/02/22 11:18:00+0530,,,,,,,,,,,,,1771739411305.jpg,,,,Retaining wall intact throughout the stretch,8,There is no fence ,Reinforced Cement Concrete (RCC),1771739400491.jpg,,Not applicable ,Not applicable,,,,,Not applicable,,,,,,,,,,,Not applicable,Not applicable,,,,,No,,,No,,,No,,,,OK,677279512,8535e04f-9287-4be4-bd4c-4087a9f82b60,22-02-2026 06:15,,,submitted_via_web,,v3tpAA3xLp479pfhqUuXwb,,uuid:8535e04f-9287-4be4-bd4c-4087a9f82b60,RNSIT MUN Society,West,Vrishabhavati Valley,RN223,,318,yes
98,22-02-2026,22-02-2026,,,"Yes, I feel safe to conduct the audit",A26,Left hand side (LHS),,,12.9095296 77.5103002 735.5 2.7,12.9095296,77.5103002,735.5,2.7,2026/02/22 11:07:00+0530,,,,,,,,,,,,,1771738861739.jpg,,,,Retaining wall intact throughout the stretch,4,There is no fence ,Reinforced Cement Concrete (RCC),1771738690568.jpg,,Not applicable ,Not applicable,,,,,Not applicable,,,,,,,,,,,Not applicable,Not applicable,,,,,No,,,No,,,No,,,,OK,677279483,829acf78-4877-43c2-b5b9-5d783534ee8a,22-02-2026 06:15,,,submitted_via_web,,v3tpAA3xLp479pfhqUuXwb,,uuid:829acf78-4877-43c2-b5b9-5d783534ee8a,RNSIT MUN Society,West,Vrishabhavati Valley,RN223,,319,yes
97,22-02-2026,22-02-2026,,,"Yes, I feel safe to conduct the audit",A26,Left hand side (LHS),,,12.9099067 77.5094087 726.0 4.0,12.9099067,77.5094087,726,4,2026/02/22 10:52:00+0530,,,,,,,,,,,,,1771737812569.jpg,,,,Retaining wall does not exist,2,"Yes, covered only on sides",Reinforced Cement Concrete (RCC),1771737788544.jpg,,"Vehicular, I can see vehicles on the bridge",Intact;  path and fence not broken ,,,,,Safe to walk (clear path),,,,,,,,,1771737965268.jpg,https://kf.kobotoolbox.org/api/v2/assets/aLP6mR6GUPYRbYEjUKj73j/data/677279369/attachments/att2Ef9g2DsryUBgEr6VeAzJ/,Yes,1,1771738163539.jpg,,,,Yes,1771738197543.jpg,,Yes,1771737912744.jpg,,Yes,1771738290276.jpg,https://kf.kobotoolbox.org/api/v2/assets/aLP6mR6GUPYRbYEjUKj73j/data/677279369/attachments/attb7LUQTojEfeDkDe7vUn3W/,,OK,677279369,f7947843-2c64-4089-8b34-3decaaa83b56,22-02-2026 06:14,,,submitted_via_web,,v3tpAA3xLp479pfhqUuXwb,,uuid:f7947843-2c64-4089-8b34-3decaaa83b56,RNSIT MUN Society,West,Vrishabhavati Valley,RN223,,320,yes
96,22-02-2026,22-02-2026,,,"Yes, I feel safe to conduct the audit",A26,Left hand side (LHS),,,12.9100103 77.5082784 724.7000122070312 15.019,12.9100103,77.5082784,724.7000122,15.019,2026/02/22 10:40:00+0530,,,,,,,,,,,,,1771737148469.jpg,,,,Retaining wall intact throughout the stretch,6,"Yes, covered only on sides",Reinforced Cement Concrete (RCC),1771737106325.jpg,,Not applicable ,Not applicable,,,,,Not applicable,,,,,,,,,,,Not applicable,Not applicable,,,,,Yes,1771737378721.jpg,,No,,,No,,,,OK,677279298,4435f6bf-ae2d-4078-ad09-b5f25c92089d,22-02-2026 06:14,,,submitted_via_web,,v3tpAA3xLp479pfhqUuXwb,,uuid:4435f6bf-ae2d-4078-ad09-b5f25c92089d,RNSIT MUN Society,West,Vrishabhavati Valley,RN223,,321,yes
83,22-02-2026,22-02-2026,,,"Yes, I feel safe to conduct the audit",A26,Left hand side (LHS),,,12.9110583 77.5082033 723.5999755859375 5.6,12.9110583,77.5082033,723.5999756,5.6,2026/02/22 10:29:00+0530,,,,,,,,,,,,,1771736473397.jpg,,,,Retaining wall intact throughout the stretch,4,"Yes, covered only on sides",Reinforced Cement Concrete (RCC),1771736438605.jpg,,"Vehicular, I can see vehicles on the bridge",Intact;  path and fence not broken ,,,,,Obstructed path (solid waste),,,,,,,,,1771736573027.jpg,https://kf.kobotoolbox.org/api/v2/assets/aLP6mR6GUPYRbYEjUKj73j/data/677264015/attachments/attppH9yeTYyKcW6uQofoDz3/,No,0,1771736769279.jpg,,,,No,,,No,,,No,,,,OK,677264015,7bbdbec5-c851-4745-b82a-f3fd9c8848fd,22-02-2026 05:09,,,submitted_via_web,,v3tpAA3xLp479pfhqUuXwb,,uuid:7bbdbec5-c851-4745-b82a-f3fd9c8848fd,RNSIT MUN Society,West,Vrishabhavati Valley,RN223,,322,yes
79,22-02-2026,22-02-2026,,,"Yes, I feel safe to conduct the audit",A26,Left hand side (LHS),,,12.9120067 77.5078483 724.3999633789062 2.1,12.9120067,77.5078483,724.3999634,2.1,2026/02/22 10:03:00+0530,,,,,,,,,,,,,1771735413151.jpg,,,,Retaining wall intact throughout the stretch,5,"Yes, covered only on sides",Reinforced Cement Concrete (RCC),1771735341922.jpg,,Not applicable ,Not applicable,,,,,Not applicable,,,,,,,,,,,Not applicable,Not applicable,,,,,No,,,Yes,,,Yes,1771735850779.jpg,https://kf.kobotoolbox.org/api/v2/assets/aLP6mR6GUPYRbYEjUKj73j/data/677261226/attachments/attRWpaFH7jKDxtsgbhatmwR/,,OK,677261226,292f27a4-8884-42c1-996a-02d6563b7018,22-02-2026 04:55,,,submitted_via_web,,v3tpAA3xLp479pfhqUuXwb,,uuid:292f27a4-8884-42c1-996a-02d6563b7018,RNSIT MUN Society,West,Vrishabhavati Valley,RN223,,323,yes
90,22-02-2026,22-02-2026,,,"Yes, I feel safe to conduct the audit",A27,Left hand side (LHS),,,12.9127755 77.50763 721.2000122070312 3.869,12.9127755,77.50763,721.2000122,3.869,2026/02/22 10:06:00+0530,,,,,,,,,,,,,1771735220419.jpg,,,,Retaining wall intact throughout the stretch,3,"Yes, covered only on sides",Solid Stone Masonry (SSM),1771735169980.jpg,,Not applicable ,Not applicable,,,,,Not applicable,,,,,,,,,,,Not applicable,Not applicable,,,,,Yes,1771735329244.jpg,,No,,,Yes,1771735381786.jpg,https://kf.kobotoolbox.org/api/v2/assets/aLP6mR6GUPYRbYEjUKj73j/data/677276899/attachments/atttCpNphchM2iwWAnwizupG/,,OK,677276899,caed06da-c56a-492b-b436-8a06caad860e,22-02-2026 06:07,,,submitted_via_web,,v3tpAA3xLp479pfhqUuXwb,,uuid:caed06da-c56a-492b-b436-8a06caad860e,RNSIT MUN Society,West,Vrishabhavati Valley,RN223,,324,yes
91,22-02-2026,22-02-2026,,,"Yes, I feel safe to conduct the audit",A27,Left hand side (LHS),,,12.9132999 77.5072066 722.2999877929688 4.317,12.9132999,77.5072066,722.2999878,4.317,2026/02/22 10:28:00+0530,,,,,,,,,,,,,1771736401143.jpg,,,,Broken in some places,2,"Yes, covered only on sides",Reinforced Cement Concrete (RCC),1771736377711.jpg,,"Vehicular, I can see vehicles on the bridge",Intact;  path and fence not broken ,,,,,Safe to walk (clear path),,,,,,,,,1771736476005.jpg,https://kf.kobotoolbox.org/api/v2/assets/aLP6mR6GUPYRbYEjUKj73j/data/677276969/attachments/attFcoZfgWcqXVMpj2Hri9A6/,Yes,2,,,,,No,,,No,,,No,,,,OK,677276969,dbf81ed2-51bc-4bf2-830d-83a11ead83be,22-02-2026 06:08,,,submitted_via_web,,v3tpAA3xLp479pfhqUuXwb,,uuid:dbf81ed2-51bc-4bf2-830d-83a11ead83be,RNSIT MUN Society,West,Vrishabhavati Valley,RN223,,325,yes
94,22-02-2026,22-02-2026,,,"Yes, I feel safe to conduct the audit",A27,Left hand side (LHS),,,12.9136667 77.507055 722.0 2.425,12.9136667,77.507055,722,2.425,2026/02/22 11:08:00+0530,,,,,,,,,,,,,1771738911843.jpg,,,,Retaining wall intact throughout the stretch,5,"Yes, covered on sides and top",Reinforced Cement Concrete (RCC),1771738880065.jpg,,"Vehicular, I can see vehicles on the bridge",Intact;  path and fence not broken ,,,,,Safe to walk (clear path),,,,,,,,,1771738971935.jpg,https://kf.kobotoolbox.org/api/v2/assets/aLP6mR6GUPYRbYEjUKj73j/data/677279034/attachments/attvvQhBsfaHE4oyXsyHSs2Z/,No,0,,,,,No,,,No,,,Cannot see,,,,OK,677279034,138d9730-7db3-4691-a2e9-72883c8c7ff2,22-02-2026 06:13,,,submitted_via_web,,v3tpAA3xLp479pfhqUuXwb,,uuid:138d9730-7db3-4691-a2e9-72883c8c7ff2,RNSIT MUN Society,West,Vrishabhavati Valley,RN223,,326,yes
125,22-02-2026,22-02-2026,,,"Yes, I feel safe to conduct the audit",A27,Left hand side (LHS),,,12.9141095 77.5064526 721.2000122070312 4.868,12.9141095,77.5064526,721.2000122,4.868,2026/02/22 10:41:00+0530,,,,,,,,,,,,,1771737278296.jpg,,,,Retaining wall intact throughout the stretch,6,"Yes, covered only on sides",Reinforced Cement Concrete (RCC),1771737204426.jpg,,Not applicable ,Not applicable,,,,,Not applicable,,,,,,,,,,,Not applicable,Not applicable,,,,,Yes,1771737382450.jpg,,No,,,No,,https://kf.kobotoolbox.org/api/v2/assets/aLP6mR6GUPYRbYEjUKj73j/data/677290645/attachments/attH5ZaKuVtb942icLyK4uUD/,,OK,677290645,03c8fd24-6e09-436d-b93d-d5fb2e38af69,22-02-2026 06:49,,,submitted_via_web,,v3tpAA3xLp479pfhqUuXwb,,uuid:03c8fd24-6e09-436d-b93d-d5fb2e38af69,RNSIT MUN Society,West,Vrishabhavati Valley,RN223,,327,yes
95,22-02-2026,22-02-2026,,,"Yes, I feel safe to conduct the audit",A27,Left hand side (LHS),,,12.91441 77.5064483 720.3999633789062 2.2,12.91441,77.5064483,720.3999634,2.2,2026/02/22 11:17:00+0530,,,,,,,,,,,,,1771739312445.jpg,,,,Retaining wall intact throughout the stretch,6,"Yes, covered on sides and top",Reinforced Cement Concrete (RCC),1771739298156.jpg,,Not applicable ,Not applicable,,,,,Not applicable,,,,,,,,,,,Not applicable,Not applicable,,,,,No,,,Cannot see,,,Cannot see,,,,OK,677279136,3a8fe493-6192-43b9-80a5-b5fc3a2553e9,22-02-2026 06:13,,,submitted_via_web,,v3tpAA3xLp479pfhqUuXwb,,uuid:3a8fe493-6192-43b9-80a5-b5fc3a2553e9,RNSIT MUN Society,West,Vrishabhavati Valley,RN223,,328,yes
128,22-02-2026,22-02-2026,,,"Yes, I feel safe to conduct the audit",A27,Left hand side (LHS),,,12.9150511 77.5059345 724.7000122070312 4.993,12.9150511,77.5059345,724.7000122,4.993,2026/02/22 10:56:00+0530,,,,,,,,,,,,,1771738013988.jpg,,,,Retaining wall intact throughout the stretch,5.8,"Yes, covered only on sides","Both, SSM and RCC",1771737998160.jpg,,Not applicable ,Not applicable,,,,,Not applicable,,,,,,,,,,,Not applicable,Not applicable,,,,,Yes,1771738087656.jpg,,No,,,Yes,1771738100119.jpg,https://kf.kobotoolbox.org/api/v2/assets/aLP6mR6GUPYRbYEjUKj73j/data/677290678/attachments/attHrhw8yM74APr6mcj2F7ed/,,OK,677290678,fb6c120a-ee72-4b2a-bc7c-da831ab99e7d,22-02-2026 06:49,,,submitted_via_web,,v3tpAA3xLp479pfhqUuXwb,,uuid:fb6c120a-ee72-4b2a-bc7c-da831ab99e7d,RNSIT MUN Society,West,Vrishabhavati Valley,RN223,,329,yes
101,22-02-2026,22-02-2026,,,"Yes, I feel safe to conduct the audit",A27,Left hand side (LHS),,,12.9157922 77.5059853 723.2999877929688 3.15,12.9157922,77.5059853,723.2999878,3.15,2026/02/22 11:34:00+0530,,,,,,,,,,,,,1771740392991.jpg,,,,Retaining wall does not exist,0,There is no fence ,Not applicable,1771740375823.jpg,,Not applicable ,Not applicable,,,,,Not applicable,,,,,,,,,,,Not applicable,Not applicable,,,,,No,,,Cannot see,,,Cannot see,,,,OK,677284633,f91f890a-398b-4b13-8db3-01aa3e9451fc,22-02-2026 06:31,,,submitted_via_web,,v3tpAA3xLp479pfhqUuXwb,,uuid:f91f890a-398b-4b13-8db3-01aa3e9451fc,RNSIT MUN Society,West,Vrishabhavati Valley,RN223,,330,yes
394,2026-05-17T08:55:26.959+05:30,2026-05-18T15:02:20.919+05:30,,,"Yes, I feel safe to conduct the audit",A58,Right hand side (RHS),,,12.9124696 77.4890233 709.7127038463624 4.874,12.9124696,77.4890233,709.7127038463624,4.874,2026-05-17T08:56:00.000+05:30,,,,,,,,,,,,,1778988450564.jpg,https://kf.kobotoolbox.org/api/v2/assets/aLP6mR6GUPYRbYEjUKj73j/data/754452332/attachments/attoPePPf52gsKCaTdtbr5L5/,,,Retaining wall does not exist,,There is no fence ,Not applicable,,,Not applicable ,Not applicable,,,,,Not applicable,,,,,,,,,,,Not applicable,0,,,,,No,,,No,,,Yes,1778988522729.jpg,https://kf.kobotoolbox.org/api/v2/assets/aLP6mR6GUPYRbYEjUKj73j/data/754452332/attachments/atte5yDCPcZ7jZNp2YXDfTLK/,,OK,754452332,07f0730d-eb03-4fd4-8901-ad9b349644fc,2026-05-17T05:58:35,,,submitted_via_web,,vkbFwZJLxY6frYjhVP9c6i,,uuid:e4c7534f-d380-4d54-a91d-76867e7c8a24,Paani,West,Vrishabhavati Valley,RN181,,331,yes
368,,2026-05-18T11:34:25.640+05:30,,,"Yes, I feel safe to conduct the audit",A57,Right hand side (RHS),,,12.91237779 77.48838658 790.2963485718 9.289,12.91237779,77.48838658,790.2963486,9.289,,,,,,,,,,,,,,1778988290193.jpg,https://kf.kobotoolbox.org/api/v2/assets/aLP6mR6GUPYRbYEjUKj73j/data/754411319/attachments/attpnhJaCDipQmdDFwx6FQut/,,,Retaining wall does not exist,0,There is no fence ,Not applicable,,,Not applicable ,Not applicable,,,,,Not applicable,,,,,,,,,,,Not applicable,0,,,,,Yes,1778988436559.jpg,https://kf.kobotoolbox.org/api/v2/assets/aLP6mR6GUPYRbYEjUKj73j/data/754411319/attachments/att3WaSmLNf3sAFYhfqMdeeE/,No,,,Yes,1778988461015.jpg,https://kf.kobotoolbox.org/api/v2/assets/aLP6mR6GUPYRbYEjUKj73j/data/754411319/attachments/attoQCVvHVRr3w26ZDpgQMvd/,,OK,754411319,c1a96735-53c0-42e2-85f8-7e6e02385dd5,2026-05-17T03:33:13,,,submitted_via_web,,vkbFwZJLxY6frYjhVP9c6i,,uuid:6bdc931b-0d16-43be-9018-1c889bd2a9ca,Paani,West,Vrishabhavati Valley,RN181,,332,yes
371,,2026-05-18T15:07:09.127+05:30,,,"Yes, I feel safe to conduct the audit",A58,Right hand side (RHS),,,12.90911932 77.48704727 796.4749374390 21.974,12.90911932,77.48704727,796.4749374,21.974,,,,,,,,,,,,,,1778990079452.jpg,https://kf.kobotoolbox.org/api/v2/assets/aLP6mR6GUPYRbYEjUKj73j/data/754420351/attachments/attgwNKs9UAEsbxgYba4gAJT/,,,Retaining wall intact throughout the stretch,3,"Yes, covered only on sides",Reinforced Cement Concrete (RCC),1778990035220.jpg,https://kf.kobotoolbox.org/api/v2/assets/aLP6mR6GUPYRbYEjUKj73j/data/754420351/attachments/attjEiXPH7uiJdeJVuA9jZgU/,"Vehicular, I can see vehicles on the bridge",Intact;  path and fence not broken ,,,,,Safe to walk (clear path),,,,,,,,,1778990117038.jpg,https://kf.kobotoolbox.org/api/v2/assets/aLP6mR6GUPYRbYEjUKj73j/data/754420351/attachments/att2j262MWGwCCrtBMCBdeSS/,Yes,1,1778990209202.jpg,,https://kf.kobotoolbox.org/api/v2/assets/aLP6mR6GUPYRbYEjUKj73j/data/754420351/attachments/attydF7dZ9UJRWnXeMBSxxMS/,,No,,,Yes,1778990299412.jpg,https://kf.kobotoolbox.org/api/v2/assets/aLP6mR6GUPYRbYEjUKj73j/data/754420351/attachments/att4nsMN7n5AaM5htPrgJKjz/,Yes,1778990308311.jpg,https://kf.kobotoolbox.org/api/v2/assets/aLP6mR6GUPYRbYEjUKj73j/data/754420351/attachments/attdxBBpQv64KC29FZjrPSL4/,,OK,754420351,0e371736-9ab5-46cb-b4ee-7f1591bee007,2026-05-17T04:10:03,,,submitted_via_web,,vkbFwZJLxY6frYjhVP9c6i,,uuid:93eaffab-eb25-4bc3-995f-7614865500c1,Paani,West,Vrishabhavati Valley,RN181,,333,yes
395,2026-05-17T09:39:45.657+05:30,2026-05-18T15:12:01.637+05:30,,,"Yes, I feel safe to conduct the audit",A57,Left hand side (LHS),,,12.9063323 77.4871426 702.6170712903177 4.646,12.9063323,77.4871426,702.6170712903177,4.646,2026-05-17T09:41:00.000+05:30,,,,,,,,,,,,,1778991145686.jpg,https://kf.kobotoolbox.org/api/v2/assets/aLP6mR6GUPYRbYEjUKj73j/data/754452414/attachments/attznSYQPmHvvcyucJhpNmE4/,,,Retaining wall does not exist,,There is no fence ,Not applicable,,,Not applicable ,Not applicable,,,,,Not applicable,,,,,,,,,,,Not applicable,0,,,,,Yes,1778991199229.jpg,https://kf.kobotoolbox.org/api/v2/assets/aLP6mR6GUPYRbYEjUKj73j/data/754452414/attachments/attWGyaoUmnhETUCHtXHh9Ej/,Yes,1778991297107.jpg,https://kf.kobotoolbox.org/api/v2/assets/aLP6mR6GUPYRbYEjUKj73j/data/754452414/attachments/attBXWAS4wegpFT2xtmAoWgf/,Yes,1778991329241.jpg,https://kf.kobotoolbox.org/api/v2/assets/aLP6mR6GUPYRbYEjUKj73j/data/754452414/attachments/attXk8LBLtGhYHXScEH6QUmN/,,OK,754452414,35e51f0c-c46b-42a0-b396-19acb5fcdf8a,2026-05-17T05:58:53,,,submitted_via_web,,vkbFwZJLxY6frYjhVP9c6i,,uuid:072303ef-d29d-4325-9b07-055bfd4c87ed,Paani,West,Vrishabhavati Valley,RN181,,334,yes
375,,2026-05-18T15:13:05.305+05:30,,,"Yes, I feel safe to conduct the audit",A57,Left hand side (LHS),,,12.90495371 77.48694811 785.7895126343 10.748,12.90495371,77.48694811,785.7895126,10.748,,,,,,,,,,,,,,,,,,Retaining wall does not exist,,There is no fence ,Not applicable,,,Not applicable ,Not applicable,,,,,Not applicable,,,,,,,,,,,Not applicable,0,,,,,No,,,No,,,Yes,1778992888451.jpg,https://kf.kobotoolbox.org/api/v2/assets/aLP6mR6GUPYRbYEjUKj73j/data/754429102/attachments/att3nyYXw2eQCjALVYFwtKCJ/,,OK,754429102,cc460872-8ae6-459d-ac91-9cf7763e8a8d,2026-05-17T04:49:54,,,submitted_via_web,,vkbFwZJLxY6frYjhVP9c6i,,uuid:31477fa3-6519-44b6-9e37-31fc62e0cef0,Paani,West,Vrishabhavati Valley,RN181,,335,yes
396,2026-05-17T09:58:56.576+05:30,2026-05-18T15:48:12.790+05:30,,,"Yes, I feel safe to conduct the audit",A58,Left hand side (LHS),,,12.9044949 77.4861315 705.3903451992425 4.146,12.9044949,77.4861315,705.3903451992425,4.146,2026-05-17T09:59:00.000+05:30,,,,,,,,,,,,,1778992265232.jpg,https://kf.kobotoolbox.org/api/v2/assets/aLP6mR6GUPYRbYEjUKj73j/data/754452440/attachments/attZst4WGEgnUrAaRFzyMbLi/,,,Retaining wall does not exist,,There is no fence ,Not applicable,,,Not applicable ,Not applicable,,,,,Not applicable,,,,,,,,,,,Not applicable,0,,,,,No,,,No,,,Yes,1778992335812.jpg,https://kf.kobotoolbox.org/api/v2/assets/aLP6mR6GUPYRbYEjUKj73j/data/754452440/attachments/attPCV4RvpTaj8NL7sCJTKHK/,,OK,754452440,39b2e40d-7470-49f1-88fc-9ee23062b03e,2026-05-17T05:58:56,,,submitted_via_web,,vkbFwZJLxY6frYjhVP9c6i,,uuid:f5c48f9f-1603-4201-b1b0-6c940dae5e82,Paani,West,Vrishabhavati Valley,RN181,,336,yes
397,2026-05-17T10:20:00.054+05:30,2026-05-18T15:50:43.709+05:30,,,"Yes, I feel safe to conduct the audit",A57,Left hand side (LHS),,,12.9041146 77.4847046 701.7094413809244 4.809,12.9041146,77.4847046,701.7094413809244,4.809,2026-05-17T10:20:00.000+05:30,,,,,,,,,,,,,1778993478124.jpg,https://kf.kobotoolbox.org/api/v2/assets/aLP6mR6GUPYRbYEjUKj73j/data/754453052/attachments/attxs2rZ9ZDkkybCfGJS22k8/,,,Retaining wall does not exist,,There is no fence ,Not applicable,,,Not applicable ,Not applicable,,,,,Not applicable,,,,,,,,,,,Not applicable,0,,,,,No,,,No,,,Yes,1778993528455.jpg,https://kf.kobotoolbox.org/api/v2/assets/aLP6mR6GUPYRbYEjUKj73j/data/754453052/attachments/attsvg4TMxHhQqyg5GfLnepm/,,OK,754453052,95de139f-b340-4a5a-a355-bf74c0a53af6,2026-05-17T06:00:31,,,submitted_via_web,,vkbFwZJLxY6frYjhVP9c6i,,uuid:ce6f0db8-91c0-4aa0-bb5a-e3f1ec187c10,Paani,West,Vrishabhavati Valley,RN181,,337,yes
398,2026-05-17T10:39:22.135+05:30,2026-05-18T15:54:41.524+05:30,,,"Yes, I feel safe to conduct the audit",A58,Left hand side (LHS),,,12.9033209 77.4826068 706.4281918331825 4.804,12.9033209,77.4826068,706.4281918331825,4.804,2026-05-17T10:40:00.000+05:30,,,,,,,,,,,,,1778994749541.jpg,https://kf.kobotoolbox.org/api/v2/assets/aLP6mR6GUPYRbYEjUKj73j/data/754453068/attachments/attuBZjXYTCqwB8CvcV7nZi4/,,,Retaining wall intact throughout the stretch,2,"Yes, covered only on sides",Reinforced Cement Concrete (RCC),1778994724024.jpg,https://kf.kobotoolbox.org/api/v2/assets/aLP6mR6GUPYRbYEjUKj73j/data/754453068/attachments/attx49EfKMuqeARjYwwM6VPt/,Not applicable ,Not applicable,,,,,Not applicable,,,,,,,,,,,Not applicable,0,,,,,No,,,No,,,Yes,1778994805251.jpg,https://kf.kobotoolbox.org/api/v2/assets/aLP6mR6GUPYRbYEjUKj73j/data/754453068/attachments/attwCbAdyH9SQN7pVGLbiSoe/,,OK,754453068,4aa51007-fa81-45eb-bce2-f4a527b6e999,2026-05-17T06:00:34,,,submitted_via_web,,vkbFwZJLxY6frYjhVP9c6i,,uuid:20e46330-31e4-4044-9b97-d9962a3974e2,Paani,West,Vrishabhavati Valley,RN181,,338,yes
392,,2026-05-18T15:58:15.972+05:30,,,"Yes, I feel safe to conduct the audit",A57,Left hand side (LHS),,,12.90410552 77.48257888 781.7550888062 22.132,12.90410552,77.48257888,781.7550888,22.132,,,,,,,,,,,,,,1778995345436.jpg,https://kf.kobotoolbox.org/api/v2/assets/aLP6mR6GUPYRbYEjUKj73j/data/754442685/attachments/attTyxcW9Fr5KNRyNuRJGVTu/,,,Retaining wall does not exist,,"Yes, covered only on sides",Not applicable,1778995322938.jpg,https://kf.kobotoolbox.org/api/v2/assets/aLP6mR6GUPYRbYEjUKj73j/data/754442685/attachments/attYFXLiVL7nrWAgveMBvuca/,Not applicable ,Not applicable,,,,,Not applicable,,,,,,,,,,,No,0,,,,,No,,,No,,,Yes,1778995381858.jpg,https://kf.kobotoolbox.org/api/v2/assets/aLP6mR6GUPYRbYEjUKj73j/data/754442685/attachments/attYB6fdcBFBytianXyDQZwf/,,OK,754442685,83050925-c506-4911-bb66-4963df43d93f,2026-05-17T05:33:47,,,submitted_via_web,,vkbFwZJLxY6frYjhVP9c6i,,uuid:af26e8ba-e016-4370-b19e-bf995490e1a6,Paani,West,Vrishabhavati Valley,RN181,,339,yes
399,,2026-05-18T16:00:02.796+05:30,,,"Yes, I feel safe to conduct the audit",A58,Left hand side (LHS),,,12.90488262 77.48247470 778.6642684937 13.766,12.90488262,77.4824747,778.6642685,13.766,,,,,,,,,,,,,,1778996165245.jpg,https://kf.kobotoolbox.org/api/v2/assets/aLP6mR6GUPYRbYEjUKj73j/data/754458653/attachments/attupSrAwa9dh2EmftUpbY6Z/,,,Retaining wall intact throughout the stretch,2,"Yes, covered only on sides",Reinforced Cement Concrete (RCC),1778996154309.jpg,https://kf.kobotoolbox.org/api/v2/assets/aLP6mR6GUPYRbYEjUKj73j/data/754458653/attachments/attucQG8juygkYgBsFXT8bo4/,Not applicable ,Not applicable,,,,,Not applicable,,,,,,,,,,,Not applicable,0,,,,,No,,,No,,,Yes,1778996207731.jpg,https://kf.kobotoolbox.org/api/v2/assets/aLP6mR6GUPYRbYEjUKj73j/data/754458653/attachments/attktfchzszwowQ27EzqhMWm/,,OK,754458653,f17e4b58-3027-460b-bc42-d127ffe5a908,2026-05-17T06:13:21,,,submitted_via_web,,vkbFwZJLxY6frYjhVP9c6i,,uuid:1b47fcf9-b415-48a8-9df5-39f00d176144,Paani,West,Vrishabhavati Valley,RN181,,340,yes
401,2026-05-17T11:17:10.122+05:30,2026-05-18T16:36:48.599+05:30,,,"Yes, I feel safe to conduct the audit",A58,Left hand side (LHS),,,12.9057365 77.4820492 704.0 4.874,12.9057365,77.4820492,704,4.874,2026-05-17T11:17:00.000+05:30,,,,,,,,,,,,,1778997197803.jpg,https://kf.kobotoolbox.org/api/v2/assets/aLP6mR6GUPYRbYEjUKj73j/data/754458731/attachments/attpvaoVzqRLuM8CNky8d8YF/,,,Retaining wall intact throughout the stretch,3,"Yes, covered only on sides",Reinforced Cement Concrete (RCC),1778997185673.jpg,https://kf.kobotoolbox.org/api/v2/assets/aLP6mR6GUPYRbYEjUKj73j/data/754458731/attachments/attbRLx6cDfibf9s9T2RhFBe/,"Vehicular, I can see vehicles on the bridge",Intact;  path and fence not broken ,,,,,Safe to walk (clear path),,,,,,,,,1778997277129.jpg,https://kf.kobotoolbox.org/api/v2/assets/aLP6mR6GUPYRbYEjUKj73j/data/754458731/attachments/atteovGqRFbLdxrJs2oTHkn4/,Yes,1,1778997355324.jpg,,https://kf.kobotoolbox.org/api/v2/assets/aLP6mR6GUPYRbYEjUKj73j/data/754458731/attachments/att9AbhunE8FdfxtjcNj5uQ4/,,Yes,1778997425937.jpg,https://kf.kobotoolbox.org/api/v2/assets/aLP6mR6GUPYRbYEjUKj73j/data/754458731/attachments/attVmhya77U3dtx9YPJV6LnK/,No,,,Yes,1778997456868.jpg,https://kf.kobotoolbox.org/api/v2/assets/aLP6mR6GUPYRbYEjUKj73j/data/754458731/attachments/attCooQTvhvhwzRXrtwR6ZLo/,,OK,754458731,28b83848-34a0-4024-827a-e26cd6ac053a,2026-05-17T06:13:31,,,submitted_via_web,,vkbFwZJLxY6frYjhVP9c6i,,uuid:4690a31f-2e5d-41a2-a9da-f0b119d3158f,Paani,West,Vrishabhavati Valley,RN181,,341,yes
400,,2026-05-18T16:04:32.296+05:30,,,"Yes, I feel safe to conduct the audit",A57,Left hand side (LHS),,,12.90558409 77.48179803 785.7942733765 21.948,12.90558409,77.48179803,785.7942734,21.948,,,,,,,,,,,,,,1778996622679.jpg,https://kf.kobotoolbox.org/api/v2/assets/aLP6mR6GUPYRbYEjUKj73j/data/754458677/attachments/att7yaEJyqtuHXe3BdsAgkzi/,,,Retaining wall intact throughout the stretch,3,"Yes, covered only on sides",Reinforced Cement Concrete (RCC),1778996604068.jpg,https://kf.kobotoolbox.org/api/v2/assets/aLP6mR6GUPYRbYEjUKj73j/data/754458677/attachments/attncYDkJDQLkYxZ8kzPNdHx/,"Vehicular, I can see vehicles on the bridge",Intact;  path and fence not broken ,,,,,Safe to walk (clear path),,,,,,,,,1778996670115.jpg,https://kf.kobotoolbox.org/api/v2/assets/aLP6mR6GUPYRbYEjUKj73j/data/754458677/attachments/attnnBL8SdpcxuktWVb5e3ox/,Yes,1,1778996684605.jpg,,https://kf.kobotoolbox.org/api/v2/assets/aLP6mR6GUPYRbYEjUKj73j/data/754458677/attachments/att3Jt3P7HDJMi3xQrcEPrfr/,,No,,,No,,,No,,,,OK,754458677,d8512080-56aa-46a0-9a1b-6f2d8872bd11,2026-05-17T06:13:23,,,submitted_via_web,,vkbFwZJLxY6frYjhVP9c6i,,uuid:963e955a-9d9f-43fe-a921-ffb48888a76a,Paani,West,Vrishabhavati Valley,RN181,,342,yes
393,,2026-05-19T11:18:08.433+05:30,,,"Yes, I feel safe to conduct the audit",A62,Left hand side (LHS),,,12.92223686 77.47932199 795.5243758922 9.631,12.92223686,77.47932199,795.5243759,9.631,,,,,,,,,,,,,,1778995934361.jpg,https://kf.kobotoolbox.org/api/v2/assets/aLP6mR6GUPYRbYEjUKj73j/data/754444083/attachments/attTHahimrP7oRoTAn7LLQ9V/,,,Retaining wall does not exist,0,There is no fence ,Not applicable,1778995934361-11_17_37.jpg,https://kf.kobotoolbox.org/api/v2/assets/aLP6mR6GUPYRbYEjUKj73j/data/754444083/attachments/attDbgKzFHgNXLun5wVtEfUV/,Not applicable ,Not applicable,,,,,Not applicable,,,,,,,,,,,Not applicable,0,,,,,No,,,No,,,Yes,1778996026809.jpg,https://kf.kobotoolbox.org/api/v2/assets/aLP6mR6GUPYRbYEjUKj73j/data/754444083/attachments/attosbYDWugpVFf8rznuKyDH/,,,754444083,62ab3b86-a3bb-42fc-9bb6-26a5350b2602,2026-05-17T05:36:42,,,submitted_via_web,,vkbFwZJLxY6frYjhVP9c6i,,uuid:9aa5b522-c812-40da-9fcc-b354c7a31964,Paani,West,Vrishabhavati Valley,RN572,,343,yes
383,2026-05-17T10:32:35.471+05:30,2026-05-19T11:19:09.835+05:30,,,"Yes, I feel safe to conduct the audit",A61,Left hand side (LHS),,,12.9219316 77.4790043 719.0999755859375 3.475,12.9219316,77.4790043,719.0999755859375,3.475,2026-05-17T10:33:00.000+05:30,,,,,,,,,,,,,,,,,Retaining wall does not exist,0,There is no fence ,Not applicable,1778994280030.jpg,https://kf.kobotoolbox.org/api/v2/assets/aLP6mR6GUPYRbYEjUKj73j/data/754434214/attachments/att63BPLhTZBeJpAiJdS7Lx8/,Not applicable ,Not applicable,,,,,Not applicable,,,,,,,,,,,Not applicable,0,,,,,No,,,No,,,Yes,1778994341792.jpg,https://kf.kobotoolbox.org/api/v2/assets/aLP6mR6GUPYRbYEjUKj73j/data/754434214/attachments/attkxFsBuCEeE57vww7qrBKa/,,OK,754434214,fe039fec-e37c-4327-81ba-524ae8be5f7a,2026-05-17T05:06:58,,,submitted_via_web,,vkbFwZJLxY6frYjhVP9c6i,,uuid:21dea709-fe94-49c7-962e-35c19656524c,Paani,West,Vrishabhavati Valley,RN572,,344,yes
376,,2026-05-19T11:28:58.497+05:30,,,"Yes, I feel safe to conduct the audit",A64,Right hand side (RHS),,,12.92103381 77.47871769 792.5846786499 12.584,12.92103381,77.47871769,792.5846786,12.584,,,,,,,,,,,,,,1778993348554.jpg,https://kf.kobotoolbox.org/api/v2/assets/aLP6mR6GUPYRbYEjUKj73j/data/754429400/attachments/attfswjDbVfwB34cHaSguHqN/,,,Retaining wall does not exist,0,There is no fence ,Not applicable,1778993326601.jpg,https://kf.kobotoolbox.org/api/v2/assets/aLP6mR6GUPYRbYEjUKj73j/data/754429400/attachments/attx9cYdCuh7Kt9NVb42kVKc/,Not applicable ,Not applicable,,,,,Not applicable,,,,,,,,,,,Not applicable,0,,,,,Yes,1778993390619.jpg,https://kf.kobotoolbox.org/api/v2/assets/aLP6mR6GUPYRbYEjUKj73j/data/754429400/attachments/attny9cFhvupogKekNtWQbGx/,No,,,Yes,1778993439069.jpg,https://kf.kobotoolbox.org/api/v2/assets/aLP6mR6GUPYRbYEjUKj73j/data/754429400/attachments/attsLF8VMzuk3FhDqDiXBRL2/,,OK,754429400,e852e964-7679-406b-af60-f6699334b69c,2026-05-17T04:51:22,,,submitted_via_web,,vkbFwZJLxY6frYjhVP9c6i,,uuid:da33000c-1745-45f5-9761-c8aa80cabba4,Paani,West,Vrishabhavati Valley,RN572,,345,yes
391,2026-05-17T10:48:18.131+05:30,2026-05-19T11:25:51.189+05:30,,,"Yes, I feel safe to conduct the audit",A63,Left hand side (LHS),,,12.9207576 77.4789448 718.6832807371487 4.972,12.9207576,77.4789448,718.6832807371487,4.972,2026-05-17T10:51:00.000+05:30,,,,,,,,,,,,,1778995350614.jpg,https://kf.kobotoolbox.org/api/v2/assets/aLP6mR6GUPYRbYEjUKj73j/data/754441248/attachments/atttoh26XJVpQ7zirqrGQZDY/,,,Retaining wall does not exist,0,There is no fence ,Not applicable,1778995340473.jpg,https://kf.kobotoolbox.org/api/v2/assets/aLP6mR6GUPYRbYEjUKj73j/data/754441248/attachments/attArP85HGZDGqQ7FQ7Rc5ah/,Not applicable ,Not applicable,,,,,Not applicable,,,,,,,,,,,Not applicable,0,,,,,No,,,Cannot see,,,Yes,1778995350614-11_25_44.jpg,https://kf.kobotoolbox.org/api/v2/assets/aLP6mR6GUPYRbYEjUKj73j/data/754441248/attachments/attuzzUih3gx6jxngD7cdq59/,,OK,754441248,da868f48-195b-492a-88aa-653f924c464e,2026-05-17T05:29:38,,,submitted_via_web,,vkbFwZJLxY6frYjhVP9c6i,,uuid:6685a271-002f-4a24-b3e6-7af0fddfc9ac,Paani,West,Vrishabhavati Valley,RN572,,346,yes
382,2026-05-17T10:17:31.647+05:30,2026-05-19T11:37:28.450+05:30,,,"Yes, I feel safe to conduct the audit",A61,Left hand side (LHS),,,12.9202827 77.478605 715.2000122070312 4.7,12.9202827,77.478605,715.2000122070312,4.7,2026-05-17T10:17:00.000+05:30,,,,,,,,,,,,,1778993371917.jpg,https://kf.kobotoolbox.org/api/v2/assets/aLP6mR6GUPYRbYEjUKj73j/data/754434185/attachments/attRsBk7mfDggatKajNLxgW2/,,,Retaining wall does not exist,0,There is no fence ,Not applicable,1778993354344.jpg,https://kf.kobotoolbox.org/api/v2/assets/aLP6mR6GUPYRbYEjUKj73j/data/754434185/attachments/attCV6GjtgqdTS2mKHsa7BXg/,Not applicable ,Not applicable,,,,,Not applicable,,,,,,,,,,,Not applicable,0,,,,,Yes,ele-11_37_13.JPG,https://kf.kobotoolbox.org/api/v2/assets/aLP6mR6GUPYRbYEjUKj73j/data/754434185/attachments/att5RpCiNdiPn6mzk3CvagSp/,No,1778993432076.jpg,https://kf.kobotoolbox.org/api/v2/assets/aLP6mR6GUPYRbYEjUKj73j/data/754434185/attachments/attbuNERdopvseEf6cDcC7zs/,Yes,1778993451762.jpg,https://kf.kobotoolbox.org/api/v2/assets/aLP6mR6GUPYRbYEjUKj73j/data/754434185/attachments/attQGgqPRzYmJK5gJKgj8snf/,,OK,754434185,9861b503-5bcc-430b-9419-36426dbbc12b,2026-05-17T05:06:55,,,submitted_via_web,,vkbFwZJLxY6frYjhVP9c6i,,uuid:a1397592-fc49-44be-ab1f-ef968c98c124,Paani,West,Vrishabhavati Valley,RN572,,347,yes
385,2026-05-19T11:39:42.114+05:30,2026-05-19T11:45:46.711+05:30,,,"Yes, I feel safe to conduct the audit",A62,Left hand side (LHS),,,12.9195878 77.4787334 798.8839950319 11.906,12.9195878,77.4787334,798.883995,11.906,,,,,,,,,,,,,,1778994831629-11_45_30.jpg,https://kf.kobotoolbox.org/api/v2/assets/aLP6mR6GUPYRbYEjUKj73j/data/754437030/attachments/attgeSUsvxmrZ4skuUBs9L6V/,,,Retaining wall intact throughout the stretch,3,There is no fence ,Reinforced Cement Concrete (RCC),,,Not applicable ,Not applicable,,,,,Not applicable,,,,,,,,,,,Not applicable,0,,,,,Yes,1778994740175.jpg,https://kf.kobotoolbox.org/api/v2/assets/aLP6mR6GUPYRbYEjUKj73j/data/754437030/attachments/attBBq5aE9qx6n7Vhs3BA2hu/,No,,,Yes,1778994860847.jpg,https://kf.kobotoolbox.org/api/v2/assets/aLP6mR6GUPYRbYEjUKj73j/data/754437030/attachments/attgUpJgJjsS3vAJ7isPNTUy/,,,754437030,ea1d50d3-4cb2-43fc-a9be-a7f151c1944c,2026-05-17T05:15:29,,,submitted_via_web,,vkbFwZJLxY6frYjhVP9c6i,,uuid:a7fd1505-71f3-4152-8edc-6dca4d1c575b,Paani,West,Vrishabhavati Valley,RN572,,348,yes
373,,2026-05-19T11:48:10.064+05:30,,,"Yes, I feel safe to conduct the audit",A64,Left hand side (LHS),,,12.91921636 77.47830946 791.3024520874 19.507,12.91921636,77.47830946,791.3024521,19.507,,,,,,,,,,,,,,1778992811130.jpg,https://kf.kobotoolbox.org/api/v2/assets/aLP6mR6GUPYRbYEjUKj73j/data/754427310/attachments/attNcS5kk7BKt6icJ3mzQcrw/,,,Retaining wall intact throughout the stretch,5,There is no fence ,Reinforced Cement Concrete (RCC),1778992800433.jpg,https://kf.kobotoolbox.org/api/v2/assets/aLP6mR6GUPYRbYEjUKj73j/data/754427310/attachments/attbUPBbsrUuZRaZk7AiTkkd/,Not applicable ,Not applicable,,,,,Not applicable,,,,,,,,,,,Not applicable,0,,,,,Yes,1778992864515.jpg,https://kf.kobotoolbox.org/api/v2/assets/aLP6mR6GUPYRbYEjUKj73j/data/754427310/attachments/attxSiKaXJGDC4nVBM6AkKNw/,Cannot see,,,Yes,1778993124863-11_4_55-11_48_7.jpg,https://kf.kobotoolbox.org/api/v2/assets/aLP6mR6GUPYRbYEjUKj73j/data/754427310/attachments/attrQxC9Q65SkVpHRKd2Z8LU/,,OK,754427310,c68b4f07-da52-436d-bb33-a47cdfb2656b,2026-05-17T04:42:30,,,submitted_via_web,,vkbFwZJLxY6frYjhVP9c6i,,uuid:d088139e-bf5a-426f-832e-055fbd3ed80a,Paani,West,Vrishabhavati Valley,RN572,,349,yes
381,2026-05-17T10:09:19.212+05:30,2026-05-19T11:53:20.847+05:30,,,"Yes, I feel safe to conduct the audit",A61,Left hand side (LHS),,,12.9186467 77.4778817 715.2000122070312 3.1,12.9186467,77.4778817,715.2000122070312,3.1,2026-05-17T10:10:00.000+05:30,,,,,,,,,,,,,1778992920618.jpg,https://kf.kobotoolbox.org/api/v2/assets/aLP6mR6GUPYRbYEjUKj73j/data/754434166/attachments/attMHYJCT4PewpNnrMt6TWDk/,,,Broken in some places,3,"Yes, covered only on sides",Reinforced Cement Concrete (RCC),1778992901317.jpg,https://kf.kobotoolbox.org/api/v2/assets/aLP6mR6GUPYRbYEjUKj73j/data/754434166/attachments/attzB4iswDi8EeevXFR7mhhF/,"Vehicular, I can see vehicles on the bridge",Broken wall/fence,,,,,Obstructed path (solid waste),,,,,,,,,1778993017214.jpg,https://kf.kobotoolbox.org/api/v2/assets/aLP6mR6GUPYRbYEjUKj73j/data/754434166/attachments/attytE5qarKrqXqx2nCvY5Pd/,Yes,2,1778993068195.jpg,,https://kf.kobotoolbox.org/api/v2/assets/aLP6mR6GUPYRbYEjUKj73j/data/754434166/attachments/attCki6GScQ2dPznQdCPtyiN/,,Yes,1778993089146.jpg,https://kf.kobotoolbox.org/api/v2/assets/aLP6mR6GUPYRbYEjUKj73j/data/754434166/attachments/attjS2rXCfCN2Ug9dxbDtry9/,Cannot see,,,Yes,1778993109933.jpg,https://kf.kobotoolbox.org/api/v2/assets/aLP6mR6GUPYRbYEjUKj73j/data/754434166/attachments/attda5HKiJzLu3deyY9XN2Vr/,,OK,754434166,09a6fe7b-f561-44d6-806a-3b62710a9ab6,2026-05-17T05:06:51,,,submitted_via_web,,vkbFwZJLxY6frYjhVP9c6i,,uuid:236858fb-be0a-44b9-9e3e-cfc97879514f,Paani,West,Vrishabhavati Valley,RN572,,350,yes
390,2026-05-17T10:30:04.361+05:30,2026-05-19T11:56:05.221+05:30,,,"Yes, I feel safe to conduct the audit",A63,Left hand side (LHS),,,12.9184227 77.4779226 713.3999633789062 3.859,12.9184227,77.4779226,713.3999633789062,3.859,2026-05-17T10:30:00.000+05:30,,,,,,,,,,,,,,,,,Retaining wall does not exist,0,"Yes, covered on sides and top",Not applicable,1778994183441-11_54_57.jpg,https://kf.kobotoolbox.org/api/v2/assets/aLP6mR6GUPYRbYEjUKj73j/data/754441226/attachments/attqCWuxkZtnbdvpQGNH5Hzz/,"Vehicular, I can see vehicles on the bridge",Broken wall/fence,,,,,Obstructed path (solid waste),,,,,,,,,1778994220096.jpg,https://kf.kobotoolbox.org/api/v2/assets/aLP6mR6GUPYRbYEjUKj73j/data/754441226/attachments/attEFGgx2iK8uEnK2JhA2nrj/,Yes,2,,,,,Yes,,,No,1778994276727.jpg,https://kf.kobotoolbox.org/api/v2/assets/aLP6mR6GUPYRbYEjUKj73j/data/754441226/attachments/att2raxW3FBr5sXBrD8d42yi/,Cannot see,,,,OK,754441226,ab0e0b46-ad22-44ff-a566-93723890f655,2026-05-17T05:29:34,,,submitted_via_web,,vkbFwZJLxY6frYjhVP9c6i,,uuid:ade9be19-718b-4974-86e7-3406a0fd2b56,Paani,West,Vrishabhavati Valley,RN572,,351,yes
372,,2026-05-19T12:02:47.107+05:30,,,"Yes, I feel safe to conduct the audit",A64,Left hand side (LHS),,,12.91730644 77.47781437 787.7553329468 19.970,12.91730644,77.47781437,787.7553329,19.97,,,,,,,,,,,,,,1778991366738.jpg,https://kf.kobotoolbox.org/api/v2/assets/aLP6mR6GUPYRbYEjUKj73j/data/754421970/attachments/att3SBEBVLvsBjgau7W73NK4/,,,Broken in some places,4,There is no fence ,Reinforced Cement Concrete (RCC),1778991338452.jpg,https://kf.kobotoolbox.org/api/v2/assets/aLP6mR6GUPYRbYEjUKj73j/data/754421970/attachments/attvHyfiCSjjTEWdC98efPLa/,Not applicable ,Not applicable,,,,,Not applicable,,,,,,,,,,,Not applicable,0,,,,,No,1778991452480.jpg,https://kf.kobotoolbox.org/api/v2/assets/aLP6mR6GUPYRbYEjUKj73j/data/754421970/attachments/attLQrmSaQzAu7bXuEKkzTW4/,Cannot see,,,Yes,1778991496622.jpg,https://kf.kobotoolbox.org/api/v2/assets/aLP6mR6GUPYRbYEjUKj73j/data/754421970/attachments/attuVNrcfAG8hrNTkJ7id9L2/,,OK,754421970,c63adf42-2252-4b1e-8dd4-1ade7fa3f55b,2026-05-17T04:19:02,,,submitted_via_web,,vkbFwZJLxY6frYjhVP9c6i,,uuid:d3c34042-9c0d-4e2c-930d-618af13f5790,Paani,West,Vrishabhavati Valley,RN572,,352,yes
380,2026-05-17T09:49:20.906+05:30,2026-05-19T12:07:32.008+05:30,,,"Yes, I feel safe to conduct the audit",A61,Right hand side (RHS),,,12.9161332 77.4776401 709.8999633789062 4.328,12.9161332,77.4776401,709.8999633789062,4.328,2026-05-17T09:50:00.000+05:30,,,,,,,,,,,,,1778991768350.jpg,https://kf.kobotoolbox.org/api/v2/assets/aLP6mR6GUPYRbYEjUKj73j/data/754434153/attachments/attmfCZM5eBZGJ8NLjU83EBe/,,,Broken in some places,5,There is no fence ,Reinforced Cement Concrete (RCC),1778991719260.jpg,https://kf.kobotoolbox.org/api/v2/assets/aLP6mR6GUPYRbYEjUKj73j/data/754434153/attachments/attti2baHq4D9EKzLCchv5B8/,Not applicable ,Not applicable,,,,,Not applicable,,,,,,,,,,,Not applicable,0,,,,,Yes,1778991824724.jpg,https://kf.kobotoolbox.org/api/v2/assets/aLP6mR6GUPYRbYEjUKj73j/data/754434153/attachments/attFfLnT4VSfqsKvJm3Pyynv/,No,,,Yes,1778991912443.jpg,https://kf.kobotoolbox.org/api/v2/assets/aLP6mR6GUPYRbYEjUKj73j/data/754434153/attachments/attrc4g8RcUedr3CRBJ7dBf3/,,OK,754434153,d1765f29-9571-4407-8cf4-73c18b02307c,2026-05-17T05:06:49,,,submitted_via_web,,vkbFwZJLxY6frYjhVP9c6i,,uuid:78e766b9-c218-4d01-9592-c9b17965d7f2,Paani,West,Vrishabhavati Valley,RN572,,353,yes
377,,2026-05-19T12:04:50.256+05:30,,,"Yes, I feel safe to conduct the audit",A62,Left hand side (LHS),,,12.91597832 77.47781057 791.2284774529 10.455,12.91597832,77.47781057,791.2284775,10.455,,,,,,,,,,,,,,1778993648467.jpg,https://kf.kobotoolbox.org/api/v2/assets/aLP6mR6GUPYRbYEjUKj73j/data/754431835/attachments/attDXtEhBqSj8zeozvigW7Lm/,,,Retaining wall intact throughout the stretch,0.5,"Yes, covered only on sides",Reinforced Cement Concrete (RCC),1778993619315.jpg,https://kf.kobotoolbox.org/api/v2/assets/aLP6mR6GUPYRbYEjUKj73j/data/754431835/attachments/att65QJQARnito5EUyzY7F5C/,Not applicable ,Not applicable,,,,,Not applicable,,,,,,,,,,,Not applicable,0,,,,,Yes,1778993791309.jpg,https://kf.kobotoolbox.org/api/v2/assets/aLP6mR6GUPYRbYEjUKj73j/data/754431835/attachments/attf7kREYmBqQkSsUkwkWm4C/,No,,,Yes,1778993867191.jpg,https://kf.kobotoolbox.org/api/v2/assets/aLP6mR6GUPYRbYEjUKj73j/data/754431835/attachments/att2QgGe6aKXFrJ9W82nmifu/,,,754431835,72efd3c0-e0ad-40b4-8b5a-f8f4933e5531,2026-05-17T04:59:21,,,submitted_via_web,,vkbFwZJLxY6frYjhVP9c6i,,uuid:b0065c62-45e4-41ae-b046-9545e05db65d,Paani,West,Vrishabhavati Valley,RN572,,354,yes
389,2026-05-17T10:16:07.822+05:30,2026-05-18T15:34:08.146+05:30,,,"Yes, I feel safe to conduct the audit",A63,Left hand side (LHS),,,12.9149822 77.4774065 709.8999633789062 4.666,12.9149822,77.4774065,709.8999633789062,4.666,2026-05-17T10:17:00.000+05:30,,,,,,,,,,,,,1778993424822.jpg,https://kf.kobotoolbox.org/api/v2/assets/aLP6mR6GUPYRbYEjUKj73j/data/754441209/attachments/attjmGUCGeSv3Fkezada67gi/,,,Retaining wall intact throughout the stretch,3,"Yes, covered only on sides",Reinforced Cement Concrete (RCC),1778993395735.jpg,https://kf.kobotoolbox.org/api/v2/assets/aLP6mR6GUPYRbYEjUKj73j/data/754441209/attachments/att5x88TapPaHws3ESHb7d6n/,Not applicable ,Not applicable,,,,,Not applicable,,,,,,,,,,,Not applicable,0,,,,,Yes,1778993511304.jpg,https://kf.kobotoolbox.org/api/v2/assets/aLP6mR6GUPYRbYEjUKj73j/data/754441209/attachments/att8GvNtB4phkowhGEd4X36y/,No,1778993584427.jpg,https://kf.kobotoolbox.org/api/v2/assets/aLP6mR6GUPYRbYEjUKj73j/data/754441209/attachments/attwiP5joMqDf5Z8nkF2hHE9/,Yes,1778993620629.jpg,https://kf.kobotoolbox.org/api/v2/assets/aLP6mR6GUPYRbYEjUKj73j/data/754441209/attachments/attYx3r5yLLDXwqsAxDokvsY/,,OK,754441209,f88636b8-3506-41b2-9fd7-1458cd720ecd,2026-05-17T05:29:31,,,submitted_via_web,,vkbFwZJLxY6frYjhVP9c6i,,uuid:07bd522f-2e9a-42ae-acb0-583468b2ab53,Paani,West,Vrishabhavati Valley,RN572,,355,yes
370,,2026-05-18T15:37:37.878+05:30,,,"Yes, I feel safe to conduct the audit",A64,Right hand side (RHS),,,12.91390696 77.47696619 786.8977890015 9.889,12.91390696,77.47696619,786.897789,9.889,,,,,,,,,,,,,,1778990341919.jpg,https://kf.kobotoolbox.org/api/v2/assets/aLP6mR6GUPYRbYEjUKj73j/data/754418255/attachments/attemDzmWCkGaVZF6gpZCghP/,,,Retaining wall intact throughout the stretch,3,"Yes, covered only on sides",Reinforced Cement Concrete (RCC),1778990325669.jpg,https://kf.kobotoolbox.org/api/v2/assets/aLP6mR6GUPYRbYEjUKj73j/data/754418255/attachments/attw5LHU27xBBdBfUmLSK9zQ/,Not applicable ,Not applicable,,,,,Not applicable,,,,,,,,,,,Not applicable,0,,,,,No,,,No,,,Yes,1778990448719.jpg,https://kf.kobotoolbox.org/api/v2/assets/aLP6mR6GUPYRbYEjUKj73j/data/754418255/attachments/attVsnoVhZguj7LGoGVFikxo/,,OK,754418255,74eab97a-1ff9-4886-9f0b-fd9279bd0ae0,2026-05-17T04:01:26,,,submitted_via_web,,vkbFwZJLxY6frYjhVP9c6i,,uuid:2d7bbd6c-933d-468a-9ebd-ce4b444ce3b2,Paani,West,Vrishabhavati Valley,RN572,,356,yes
374,2026-05-17T10:03:42.798+05:30,2026-05-18T15:41:19.142+05:30,,,"Yes, I feel safe to conduct the audit",A62,Left hand side (LHS),,,12.9132658 77.477599 708.5999755859375 1.791,12.9132658,77.477599,708.5999755859375,1.791,2026-05-17T10:04:00.000+05:30,,,,,,,,,,,,,1778992531835.jpg,https://kf.kobotoolbox.org/api/v2/assets/aLP6mR6GUPYRbYEjUKj73j/data/754427809/attachments/att5fsacHsLCVuWG5YeiWFEu/,,,Retaining wall intact throughout the stretch,3,"Yes, covered only on sides",Reinforced Cement Concrete (RCC),1778992480697.jpg,https://kf.kobotoolbox.org/api/v2/assets/aLP6mR6GUPYRbYEjUKj73j/data/754427809/attachments/attooLvDdCrccUV72vakxJqF/,Not applicable ,Not applicable,,,,,Not applicable,,,,,,,,,,,Not applicable,0,,,,,Yes,1778992743369.jpg,https://kf.kobotoolbox.org/api/v2/assets/aLP6mR6GUPYRbYEjUKj73j/data/754427809/attachments/attwxeKx2w6sYyRdF9b3S5fh/,No,,,Yes,1778992776889.jpg,https://kf.kobotoolbox.org/api/v2/assets/aLP6mR6GUPYRbYEjUKj73j/data/754427809/attachments/att5sSh2LsChxyypSuKVER6E/,,OK,754427809,257246c7-63f6-4304-9ec6-93a5385c78ed,2026-05-17T04:44:15,,,submitted_via_web,,vkbFwZJLxY6frYjhVP9c6i,,uuid:b3055d43-e14a-4952-86a3-5e852b27d098,Paani,West,Vrishabhavati Valley,RN572,,357,yes
384,2026-05-17T09:26:00.536+05:30,2026-05-19T10:56:04.123+05:30,,,"Yes, I feel safe to conduct the audit",A61,Left hand side (LHS),,,12.9128545 77.477588 706.7999877929688 2.64,12.9128545,77.477588,706.7999877929688,2.64,2026-05-17T09:27:00.000+05:30,,,,,,,,,,,,,1778990371900.jpg,https://kf.kobotoolbox.org/api/v2/assets/aLP6mR6GUPYRbYEjUKj73j/data/754434529/attachments/attpYYjEJi2rdMqqG6eSsygx/,,,Retaining wall intact throughout the stretch,3,"Yes, covered only on sides",Reinforced Cement Concrete (RCC),1778990371900-10_54_46.jpg,https://kf.kobotoolbox.org/api/v2/assets/aLP6mR6GUPYRbYEjUKj73j/data/754434529/attachments/attw2uFdTQbYc2sH6X7c86rL/,Not applicable ,Not applicable,,,,,Not applicable,,,,,,,,,,,Not applicable,0,,,,,Yes,1778990530406.jpg,https://kf.kobotoolbox.org/api/v2/assets/aLP6mR6GUPYRbYEjUKj73j/data/754434529/attachments/attuHrZRHKcuZPQ6bQWtRswU/,No,1778990350434-10_55_34.jpg,https://kf.kobotoolbox.org/api/v2/assets/aLP6mR6GUPYRbYEjUKj73j/data/754434529/attachments/attYzLZx3KPVyiiGB8YJ43gc/,Yes,1778990634700.jpg,https://kf.kobotoolbox.org/api/v2/assets/aLP6mR6GUPYRbYEjUKj73j/data/754434529/attachments/attJw9E6Ce5krtnv5uLumY8u/,,OK,754434529,fff7ab2a-bf2c-4ad1-a1a6-c376a891b2d4,2026-05-17T05:07:45,,,submitted_via_web,,vkbFwZJLxY6frYjhVP9c6i,,uuid:7d069d27-9625-4558-8a8b-5e8fbd900da4,Paani,West,Vrishabhavati Valley,RN572,,358,yes
369,2026-05-19T11:00:26.838+05:30,2026-05-19T11:09:27.582+05:30,,,"Yes, I feel safe to conduct the audit",A64,Right hand side (RHS),,,12.91175771 77.47791002 782.6669540405 15.002,12.91175771,77.47791002,782.666954,15.002,,,,,,,,,,,,,,1778989442815.jpg,https://kf.kobotoolbox.org/api/v2/assets/aLP6mR6GUPYRbYEjUKj73j/data/754415318/attachments/attNnfgYUYgtx35HC3FGbS59/,,,Retaining wall intact throughout the stretch,3.5,There is no fence ,Reinforced Cement Concrete (RCC),1778989433879.jpg,https://kf.kobotoolbox.org/api/v2/assets/aLP6mR6GUPYRbYEjUKj73j/data/754415318/attachments/attjkPS7GAVRhDx7mGrLhqj8/,"Vehicular, I can see vehicles on the bridge",Intact;  path and fence not broken ,,,,,Safe to walk (clear path),,,,,,,,,1778989461023.jpg,https://kf.kobotoolbox.org/api/v2/assets/aLP6mR6GUPYRbYEjUKj73j/data/754415318/attachments/att58VeZzBZAZaqwjYLF4Pnk/,Yes,1,1778989580184.jpg,,https://kf.kobotoolbox.org/api/v2/assets/aLP6mR6GUPYRbYEjUKj73j/data/754415318/attachments/attEneUPreyVSafN5Z3BQUW8/,,Yes,1778989596977.jpg,https://kf.kobotoolbox.org/api/v2/assets/aLP6mR6GUPYRbYEjUKj73j/data/754415318/attachments/attQfsh6ZiJfYMAjxbkRn4UN/,No,,,Yes,1778989680007.jpg,https://kf.kobotoolbox.org/api/v2/assets/aLP6mR6GUPYRbYEjUKj73j/data/754415318/attachments/attb35NTEA7qgH3EXMYQP4g8/,,OK,754415318,44afb746-3530-4802-b37b-cbb8d1741894,2026-05-17T03:49:26,,,submitted_via_web,,vkbFwZJLxY6frYjhVP9c6i,,uuid:def924d6-9c11-4f8d-b382-91c52afe51e7,Paani,West,Vrishabhavati Valley,RN572,,359,yes
388,2026-05-17T09:59:31.935+05:30,2026-05-18T16:07:05.952+05:30,,,"Yes, I feel safe to conduct the audit",A63,Left hand side (LHS),,,12.9116697 77.4780233 708.8473873772351 4.24,12.9116697,77.4780233,708.8473873772351,4.24,2026-05-17T10:00:00.000+05:30,,,,,,,,,,,,,1778992360515.jpg,https://kf.kobotoolbox.org/api/v2/assets/aLP6mR6GUPYRbYEjUKj73j/data/754441128/attachments/attoMWzvTgwVi2qwNCmHpYyT/,,,Retaining wall intact throughout the stretch,3,There is no fence ,Reinforced Cement Concrete (RCC),1778992333369.jpg,https://kf.kobotoolbox.org/api/v2/assets/aLP6mR6GUPYRbYEjUKj73j/data/754441128/attachments/att7VMTeD3y5fyz8MMaBgJjS/,"Vehicular, I can see vehicles on the bridge",Intact;  path and fence not broken ,,,,,Safe to walk (clear path),,,,,,,,,1778992403781.jpg,https://kf.kobotoolbox.org/api/v2/assets/aLP6mR6GUPYRbYEjUKj73j/data/754441128/attachments/attTp4pULMsmDonuMtX3EvFe/,Yes,1,1778992433822.jpg,,https://kf.kobotoolbox.org/api/v2/assets/aLP6mR6GUPYRbYEjUKj73j/data/754441128/attachments/attvagxk9MrL8iRDAkkjUpRq/,,Yes,1778992467233.jpg,https://kf.kobotoolbox.org/api/v2/assets/aLP6mR6GUPYRbYEjUKj73j/data/754441128/attachments/atth3xnY9A5mGnYxRQHoj4xi/,No,1778992495054.jpg,https://kf.kobotoolbox.org/api/v2/assets/aLP6mR6GUPYRbYEjUKj73j/data/754441128/attachments/attcKBdAW7scBE8rHJGWjiD6/,Yes,1778992510159.jpg,https://kf.kobotoolbox.org/api/v2/assets/aLP6mR6GUPYRbYEjUKj73j/data/754441128/attachments/attiEc3F2HCf5Y4SFYEocF7y/,,OK,754441128,3f1558d0-8327-46bd-86a0-2e2c5cdf00f8,2026-05-17T05:29:20,,,submitted_via_web,,vkbFwZJLxY6frYjhVP9c6i,,uuid:25a741e8-b8cb-43f5-812c-3825c5cec459,Paani,West,Vrishabhavati Valley,RN572,,360,yes
379,2026-05-17T08:53:58.124+05:30,2026-05-19T11:40:39.038+05:30,,,"Yes, I feel safe to conduct the audit",A61,Right hand side (RHS),,,12.90857 77.477273 711.7999877929688 4.289,12.90857,77.477273,711.7999877929688,4.289,2026-05-17T08:55:00.000+05:30,,,,,,,,,,,,,1778988413310.jpg,https://kf.kobotoolbox.org/api/v2/assets/aLP6mR6GUPYRbYEjUKj73j/data/754434134/attachments/attQ9ayrHjYLJUUFHVzb3XHR/,,,Retaining wall does not exist,,There is no fence ,Not applicable,1778988399098.jpg,https://kf.kobotoolbox.org/api/v2/assets/aLP6mR6GUPYRbYEjUKj73j/data/754434134/attachments/attZqT9d3nFj9Y5Yb6ZxBATj/,"Vehicular, I can see vehicles on the bridge",Broken path,,,,,Obstructed path (solid waste),,,,,,,,,1778988458354.jpg,https://kf.kobotoolbox.org/api/v2/assets/aLP6mR6GUPYRbYEjUKj73j/data/754434134/attachments/attDmvdrceVrEHT7jPnLWcYh/,Yes,2,1778988491078.jpg,,https://kf.kobotoolbox.org/api/v2/assets/aLP6mR6GUPYRbYEjUKj73j/data/754434134/attachments/attEspY8NLD67PBjAob6BMif/,,Yes,1778988530277.jpg,https://kf.kobotoolbox.org/api/v2/assets/aLP6mR6GUPYRbYEjUKj73j/data/754434134/attachments/attMPqj58qy8AAaCU9VCmT9e/,No,1778988538843.jpg,https://kf.kobotoolbox.org/api/v2/assets/aLP6mR6GUPYRbYEjUKj73j/data/754434134/attachments/attgCvkzn99NEHJhozGZHM39/,Yes,1778988592435.jpg,https://kf.kobotoolbox.org/api/v2/assets/aLP6mR6GUPYRbYEjUKj73j/data/754434134/attachments/attytXpXe9cm3Pk4YZ7rkNXJ/,,OK,754434134,e213e649-597a-4101-86a0-860526fe14b5,2026-05-17T05:06:45,,,submitted_via_web,,vkbFwZJLxY6frYjhVP9c6i,,uuid:1978ba58-f337-47fc-a05f-2a2621aaea0d,Paani,West,Vrishabhavati Valley,RN572,,361,yes
366,2026-05-17T08:41:32.337+05:30,2026-05-19T11:31:57.313+05:30,,,"Yes, I feel safe to conduct the audit",A64,Left hand side (LHS),,,12.908503 77.4776814 704.2000122070312 4.576,12.908503,77.4776814,704.2000122070312,4.576,2026-05-17T08:42:00.000+05:30,,,,,,,,,,,,,1778987825105.jpg,https://kf.kobotoolbox.org/api/v2/assets/aLP6mR6GUPYRbYEjUKj73j/data/754408882/attachments/att6dkzZ2fSaKEpep5zTg3jQ/,,,Broken in some places,0,"Yes, covered only on sides",Reinforced Cement Concrete (RCC),1778987751751.jpg,https://kf.kobotoolbox.org/api/v2/assets/aLP6mR6GUPYRbYEjUKj73j/data/754408882/attachments/attwxFJzktEDT3om3DhNaS6R/,"Vehicular, I can see vehicles on the bridge",Broken wall/fence,,,,,Obstructed path (solid waste),,,,,,,,,1778987920850.jpg,https://kf.kobotoolbox.org/api/v2/assets/aLP6mR6GUPYRbYEjUKj73j/data/754408882/attachments/att9TBagyvDZLQR49PZ7QjvY/,Yes,2,1778987974781.jpg,,https://kf.kobotoolbox.org/api/v2/assets/aLP6mR6GUPYRbYEjUKj73j/data/754408882/attachments/attBq8SMj4YSXzhUSgUEVvav/,,Yes,1778988006333.jpg,https://kf.kobotoolbox.org/api/v2/assets/aLP6mR6GUPYRbYEjUKj73j/data/754408882/attachments/attvuE4TSUCkWRAMr6mjLdkt/,No,,,Yes,1778988044723.jpg,https://kf.kobotoolbox.org/api/v2/assets/aLP6mR6GUPYRbYEjUKj73j/data/754408882/attachments/attSGmHbNYmg98VfnFnBxPtU/,,OK,754408882,7399b6f8-89e5-4ab3-86cb-e5fa63fed4d3,2026-05-17T03:21:44,,,submitted_via_web,,vkbFwZJLxY6frYjhVP9c6i,,uuid:c265402a-c657-4525-b649-9baa0e858e6a,Paani,West,Vrishabhavati Valley,RN572,,362,yes
365,2026-05-17T08:13:40.687+05:30,2026-05-18T16:29:04.788+05:30,,,"Yes, I feel safe to conduct the audit",A64,Left hand side (LHS),,,12.907561 77.47829 703.2000122070312 3.79,12.907561,77.47829,703.2000122070312,2.742,2026-05-17T08:16:00.000+05:30,,,,,,,,,,,,,1778986551022.jpg,https://kf.kobotoolbox.org/api/v2/assets/aLP6mR6GUPYRbYEjUKj73j/data/754403393/attachments/attGLGMhcA2XzWjbBxaE66kP/,,,Retaining wall intact throughout the stretch,4,"Yes, covered only on sides",Reinforced Cement Concrete (RCC),1778986533579.jpg,https://kf.kobotoolbox.org/api/v2/assets/aLP6mR6GUPYRbYEjUKj73j/data/754403393/attachments/attujBsqSdCtxa2LHtwL9L4B/,"Vehicular, I can see vehicles on the bridge",Intact;  path and fence not broken ,,,,,Safe to walk (clear path),,,,,,,,,1778986673889.jpg,https://kf.kobotoolbox.org/api/v2/assets/aLP6mR6GUPYRbYEjUKj73j/data/754403393/attachments/attww7WbjQLAoaeJiXzBLSNJ/,Yes,2,1778986744540.jpg,,https://kf.kobotoolbox.org/api/v2/assets/aLP6mR6GUPYRbYEjUKj73j/data/754403393/attachments/atttLhawwBJrRfGdGyhfkkDU/,,Yes,1778986774533.jpg,https://kf.kobotoolbox.org/api/v2/assets/aLP6mR6GUPYRbYEjUKj73j/data/754403393/attachments/attix6rPFoduYFMAyNVKpanD/,No,,,Yes,1778987039036.jpg,https://kf.kobotoolbox.org/api/v2/assets/aLP6mR6GUPYRbYEjUKj73j/data/754403393/attachments/atthbksE4kCV3QgKmBRCPe6C/,,OK,754403393,c974d5b8-d27e-49c4-b636-71c24c8f02e8,2026-05-17T03:04:42,,,submitted_via_web,,vkbFwZJLxY6frYjhVP9c6i,,uuid:efb657a8-35dd-4d78-b745-f32c85a543a5,Paani,West,Vrishabhavati Valley,RN572,,363,yes
378,2026-05-17T08:15:34.750+05:30,2026-05-19T11:48:56.098+05:30,,,"Yes, I feel safe to conduct the audit",A61,Left hand side (LHS),,,12.9071851 77.4782592 702.0999755859375 3.143,12.9071851,77.4782592,702.0999755859375,3.143,2026-05-17T08:17:00.000+05:30,,,,,,,,,,,,,1778986561679.jpg,https://kf.kobotoolbox.org/api/v2/assets/aLP6mR6GUPYRbYEjUKj73j/data/754434110/attachments/attSCLvHv98nAKouYy6HoCqX/,,,Broken in some places,4.7,"Yes, covered on sides and top",Reinforced Cement Concrete (RCC),1778986508496.jpg,https://kf.kobotoolbox.org/api/v2/assets/aLP6mR6GUPYRbYEjUKj73j/data/754434110/attachments/attJLioBUseNenyU4PWQUF6i/,"Vehicular, I can see vehicles on the bridge",Intact;  path and fence not broken ,,,,,Safe to walk (clear path),,,,,,,,,1778987029789.jpg,https://kf.kobotoolbox.org/api/v2/assets/aLP6mR6GUPYRbYEjUKj73j/data/754434110/attachments/attWNSG3ufbGVFmE4ddbk3AT/,Yes,2,1778986710744.jpg,,https://kf.kobotoolbox.org/api/v2/assets/aLP6mR6GUPYRbYEjUKj73j/data/754434110/attachments/att53jMvDAPSV9zA9jCi8AAA/,,Yes,1778986743554.jpg,https://kf.kobotoolbox.org/api/v2/assets/aLP6mR6GUPYRbYEjUKj73j/data/754434110/attachments/attPV8qxjqyH8hRd8L7XHUUa/,No,,,Yes,1778987001285.jpg,https://kf.kobotoolbox.org/api/v2/assets/aLP6mR6GUPYRbYEjUKj73j/data/754434110/attachments/attkKZWpyqZhygKZ5wKvH3eM/,,OK,754434110,c84bef96-ea2b-4d44-9ffe-9074ab89de6a,2026-05-17T05:06:42,,,submitted_via_web,,vkbFwZJLxY6frYjhVP9c6i,,uuid:8143fb67-6dfd-4487-8bd6-b40a42d8501a,Paani,West,Vrishabhavati Valley,RN572,,364,yes
386,2026-05-17T08:41:27.573+05:30,2026-05-18T16:29:53.502+05:30,,,"Yes, I feel safe to conduct the audit",A63,Left hand side (LHS),,,12.9070035 77.4790636 701.2000122070312 3.916,12.9070035,77.4790636,701.2000122070312,3.916,2026-05-17T08:50:00.000+05:30,,,,,,,,,,,,,1778988273542.jpg,https://kf.kobotoolbox.org/api/v2/assets/aLP6mR6GUPYRbYEjUKj73j/data/754440997/attachments/attEQdEKjjQwosNNQnmyFxqU/,,,Retaining wall intact throughout the stretch,3,"Yes, covered only on sides",Reinforced Cement Concrete (RCC),1778988224353.jpg,https://kf.kobotoolbox.org/api/v2/assets/aLP6mR6GUPYRbYEjUKj73j/data/754440997/attachments/attngNZX4Ub7qcd6he8Pcmjj/,"Vehicular, I can see vehicles on the bridge",Intact;  path and fence not broken ,,,,,Safe to walk (clear path),,,,,,,,,1778988316955.jpg,https://kf.kobotoolbox.org/api/v2/assets/aLP6mR6GUPYRbYEjUKj73j/data/754440997/attachments/attfjiPoMB8QSmGt4Novfw7z/,Yes,1,1778988446119.jpg,,https://kf.kobotoolbox.org/api/v2/assets/aLP6mR6GUPYRbYEjUKj73j/data/754440997/attachments/att8DeZqoH4ZUWfzBotakg9x/,,No,,,No,,,Yes,1778988582298.jpg,https://kf.kobotoolbox.org/api/v2/assets/aLP6mR6GUPYRbYEjUKj73j/data/754440997/attachments/attZZ9UA8LyZ8LJLT8jqhzmG/,,OK,754440997,0012a0fd-0691-40e9-b0c4-f21ce4eff66d,2026-05-17T05:29:04,,,submitted_via_web,,vkbFwZJLxY6frYjhVP9c6i,,uuid:99548c8c-c6b7-4ce7-a279-bb516fd1a51a,Paani,West,Vrishabhavati Valley,RN572,,365,yes
367,2026-05-19T14:04:07.530+05:30,2026-05-19T14:06:24.873+05:30,,,"Yes, I feel safe to conduct the audit",A62,Right hand side (RHS),,,12.90691182 77.47903908 780.4850692507 10.025,12.906846,77.479019,701.2000122070312,1.052,,,,,,,,,,,,,,1778987002855.jpg,https://kf.kobotoolbox.org/api/v2/assets/aLP6mR6GUPYRbYEjUKj73j/data/754409344/attachments/atttBdEhuRaCWdGM7GDXpMfr/,,,Retaining wall intact throughout the stretch,4,"Yes, covered only on sides",Reinforced Cement Concrete (RCC),1778986978303.jpg,https://kf.kobotoolbox.org/api/v2/assets/aLP6mR6GUPYRbYEjUKj73j/data/754409344/attachments/attC2QykPKHFHnVV43ozF5Tq/,"Vehicular, I can see vehicles on the bridge",Intact;  path and fence not broken ,,,,,Safe to walk (clear path),,,,,,,,,1778987112025.jpg,https://kf.kobotoolbox.org/api/v2/assets/aLP6mR6GUPYRbYEjUKj73j/data/754409344/attachments/att5uWSzokzRg46YrPEFCjhJ/,Yes,1,1778987250673.jpg,,https://kf.kobotoolbox.org/api/v2/assets/aLP6mR6GUPYRbYEjUKj73j/data/754409344/attachments/attNQmgLJLxU2B9DUqXmn7iS/,,No,,,No,,,Yes,1778987468469.jpg,https://kf.kobotoolbox.org/api/v2/assets/aLP6mR6GUPYRbYEjUKj73j/data/754409344/attachments/attHrdy25ES46cJrDqoPZxtv/,,OK,754409344,259293a8-0e73-468c-ac0b-c061e4061a5f,2026-05-17T03:23:21,,,submitted_via_web,,vkbFwZJLxY6frYjhVP9c6i,,uuid:cf1a97ad-8a9d-4d27-9ce1-de51ba561035,Paani,West,Vrishabhavati Valley,RN572,,366,yes
387,2026-05-17T09:28:04.635+05:30,2026-05-18T16:31:32.867+05:30,,,"Yes, I feel safe to conduct the audit",A63,Right hand side (RHS),,,12.9062356 77.47899 702.3999633789062 4.416,12.9062356,77.47899,702.3999633789062,4.416,2026-05-17T09:29:00.000+05:30,,,,,,,,,,,,,1778990740256.jpg,https://kf.kobotoolbox.org/api/v2/assets/aLP6mR6GUPYRbYEjUKj73j/data/754441126/attachments/attbnkCN6ijdRhtFQeu3mCgF/,,,Retaining wall intact throughout the stretch,4,"Yes, covered only on sides",Reinforced Cement Concrete (RCC),1778990490210.jpg,https://kf.kobotoolbox.org/api/v2/assets/aLP6mR6GUPYRbYEjUKj73j/data/754441126/attachments/attHcQuWJSVE79dPQBqzubma/,Not applicable ,Not applicable,,,,,Not applicable,,,,,,,,,,,Not applicable,0,,,,,No,,,No,,,Yes,1778990942047.jpg,https://kf.kobotoolbox.org/api/v2/assets/aLP6mR6GUPYRbYEjUKj73j/data/754441126/attachments/atto8hjSmY6T2yTKaRwVUZ3R/,,OK,754441126,41a4b75e-bc79-4b5b-8e65-8f143284fac5,2026-05-17T05:29:20,,,submitted_via_web,,vkbFwZJLxY6frYjhVP9c6i,,uuid:783e5254-6105-4440-b997-fd7b4e226c0d,Paani,West,Vrishabhavati Valley,RN572,,367,yes
61,07-02-2026,07-02-2026,,,"Yes, I feel safe to conduct the audit",A1,Left hand side (LHS),,,12.9566484 77.4908351 740.1363084739843 4.393,12.9566484,77.4908351,740.1363085,4.393,2026/02/07 16:44:00+0530,,,,,,,,,,,,,1770462965396.jpg,,,,Retaining wall intact throughout the stretch,8,"Yes, covered only on sides",Reinforced Cement Concrete (RCC),1770462946373.jpg,,"Vehicular, I can see vehicles on the bridge",Intact;  path and fence not broken ,,,,,Safe to walk (clear path),,,,,,,,,1770462994028.jpg,https://kf.kobotoolbox.org/api/v2/assets/aLP6mR6GUPYRbYEjUKj73j/data/666018906/attachments/att6oyfFCUZUmoPheVro5Kdy/,No,0,1770463029327.jpg,,,,Yes,1770463050106.jpg,,Cannot see,,,No,,,,OK,666018906,c32b5e02-3cd6-4098-9267-40a58ab87a21,07-02-2026 11:51,,,submitted_via_web,,vJPQqaxfJYoZcmbGG5DBqs,,uuid:c32b5e02-3cd6-4098-9267-40a58ab87a21,Mod Foundation,West,Vrishabhavati Valley,RN531,,368,yes
62,07-02-2026,07-02-2026,,,"Yes, I feel safe to conduct the audit",A1,Left hand side (LHS),,,12.9547611 77.4900411 744.4648265697641 4.786,12.9547611,77.4900411,744.4648266,4.786,2026/02/07 16:55:00+0530,,,,,,,,,,,,,1770463583162.jpg,,,,Retaining wall intact throughout the stretch,8,"Yes, covered only on sides",Reinforced Cement Concrete (RCC),1770463572369.jpg,,"Vehicular, I can see vehicles on the bridge",Broken wall/fence,,,,,Safe to walk (clear path),,,,,,,,,1770463639246.jpg,https://kf.kobotoolbox.org/api/v2/assets/aLP6mR6GUPYRbYEjUKj73j/data/666018977/attachments/attNaYzEp53TgT4iLZdTYh5T/,No,0,1770463657582.jpg,,,,Yes,1770463684152.jpg,,Yes,1770463697018.jpg,https://kf.kobotoolbox.org/api/v2/assets/aLP6mR6GUPYRbYEjUKj73j/data/666018977/attachments/att8LKHeF2yau69fKBWwATBe/,No,,,,OK,666018977,372f190b-3e86-49b8-9f24-8930f17e869e,07-02-2026 11:51,,,submitted_via_web,,vJPQqaxfJYoZcmbGG5DBqs,,uuid:372f190b-3e86-49b8-9f24-8930f17e869e,Mod Foundation,West,Vrishabhavati Valley,RN531,,369,yes
63,07-02-2026,07-02-2026,,,"Yes, I feel safe to conduct the audit",A1,Left hand side (LHS),,,12.952211 77.488931 748.0999755859375 4.059,12.952211,77.488931,748.0999756,4.059,2026/02/07 17:03:00+0530,,,,,,,,,,,,,1770464056836.jpg,,,,Retaining wall intact throughout the stretch,10,"Yes, covered only on sides",Reinforced Cement Concrete (RCC),1770464046463.jpg,,"Vehicular, I can see vehicles on the bridge",Intact;  path and fence not broken ,,,,,Safe to walk (clear path),,,,,,,,,1770464084973.jpg,https://kf.kobotoolbox.org/api/v2/assets/aLP6mR6GUPYRbYEjUKj73j/data/666019034/attachments/att5NAvQpPrwinyMoFE9bWSQ/,No,0,1770464110215.jpg,,,,Yes,1770464168721.jpg,,Yes,1770464203572.jpg,https://kf.kobotoolbox.org/api/v2/assets/aLP6mR6GUPYRbYEjUKj73j/data/666019034/attachments/atti3PhSg9y5HWvRsa6kFwNi/,No,,,,OK,666019034,7c740684-7ff8-495a-8465-78d8b95a7b4c,07-02-2026 11:51,,,submitted_via_web,,vJPQqaxfJYoZcmbGG5DBqs,,uuid:7c740684-7ff8-495a-8465-78d8b95a7b4c,Mod Foundation,West,Vrishabhavati Valley,RN531,,370,yes
402,2026-07-04T10:36:19.925+05:30,2026-07-04T10:56:19.772+05:30,,,"Yes, I feel safe to conduct the audit.",A67,Right hand side (RHS),1,C100,12.9770403 77.630129 820.7000122070312 4.4,12.9770403,77.630129,820.7000122070312,4.4,2026-07-04T10:43:00.000+05:30,,Open channel ,Road adjacent (without footpath),No work,0,0,0,0,1,0,,No,1783142206998.jpg,https://kf.kobotoolbox.org/api/v2/assets/aNoHPR2idd3ffmVBFgjdep/data/801859704/attachments/attKZwB69PVCufwXadDd5Shs/,Lot of garbage next to the wall of the swd. There is also a small diety along the street . And a transformer too. ,,Retaining wall intact ,5,"Yes, covered only on sides",Reinforced Cement Concrete (RCC),1783142608483.jpg,https://kf.kobotoolbox.org/api/v2/assets/aNoHPR2idd3ffmVBFgjdep/data/801859704/attachments/attjoBjzenahaEtcQc85Jc8q/,,"Not applicable, There is no bridge ",,,,,Not applicable,0,0,0,0,1,0,0,,,,,,,,,,Yes,1783142693188.jpg,https://kf.kobotoolbox.org/api/v2/assets/aNoHPR2idd3ffmVBFgjdep/data/801859704/attachments/attxPZsmFgXHo2P4mHtdyWnz/,No,1783142734042.jpg,https://kf.kobotoolbox.org/api/v2/assets/aNoHPR2idd3ffmVBFgjdep/data/801859704/attachments/attfvwPQ5m28947tTNpxJsp8/,Yes,1783142745010.jpg,https://kf.kobotoolbox.org/api/v2/assets/aNoHPR2idd3ffmVBFgjdep/data/801859704/attachments/attQ5Awds6dSu9iwPoAq3rmV/,Small breaks and cracks in wall,OK,801859704,e034f6e1-4d34-426f-93a4-bfa26558a25c,2026-07-04T06:38:51,Approved,,submitted_via_web,,vT2oC7jQuFP8YdZrDnQt8Y,,uuid:e034f6e1-4d34-426f-93a4-bfa26558a25c,Mod Foundation,Central,Koramangala Challaghatta Valley,C100,,371,yes
403,2026-07-04T11:04:07.098+05:30,2026-07-23T16:31:12.377+05:30,,,"Yes, I feel safe to conduct the audit.",A67,Right hand side (RHS),2,C100,12.9755298 77.6323502 819.8999633789062 5.0,12.9755298,77.6323502,819.8999633789062,5,2026-07-04T11:04:00.000+05:30,,Open channel ,Road adjacent (without footpath),No work,0,0,0,0,1,0,,Yes,1783143356434.jpg,https://kf.kobotoolbox.org/api/v2/assets/aNoHPR2idd3ffmVBFgjdep/data/801859765/attachments/attLDajWuqT3WhhmRqyqriz6/,Spacing between trees. Houses and small shops along the street other side of road. Dead leaves and branches along SWD,,Retaining wall intact ,5,"Yes, covered only on sides",Reinforced Cement Concrete (RCC),1783143474119.jpg,https://kf.kobotoolbox.org/api/v2/assets/aNoHPR2idd3ffmVBFgjdep/data/801859765/attachments/attz9fBxWPaEzfpV72aKv3Eh/,,"Not applicable, There is no bridge ",,,,,Not applicable,0,0,0,0,1,0,0,,,,,,,,,,Yes,1783143526327.jpg,https://kf.kobotoolbox.org/api/v2/assets/aNoHPR2idd3ffmVBFgjdep/data/801859765/attachments/atts8kJkt8x8Yh33or5JXNNa/,No,1783143494653-16_30_57.jpg,https://kf.kobotoolbox.org/api/v2/assets/aNoHPR2idd3ffmVBFgjdep/data/801859765/attachments/atta7Qb7cUS4eAqZhhkgukcb/,Yes,1783143494653-16_31_7.jpg,https://kf.kobotoolbox.org/api/v2/assets/aNoHPR2idd3ffmVBFgjdep/data/801859765/attachments/attQtQ23XuvwqZMUBSVFe53p/,,OK,801859765,cc014607-a943-4473-a026-030927d5cf59,2026-07-04T06:39:00,Approved,,submitted_via_web,,vT2oC7jQuFP8YdZrDnQt8Y,,uuid:023b76eb-c428-4457-b0c5-6553586fba6d,Mod Foundation,Central,Koramangala Challaghatta Valley,C100,,372,yes
404,2026-07-04T11:15:43.746+05:30,2026-07-23T16:57:13.200+05:30,,,"Yes, I feel safe to conduct the audit.",A67,Right hand side (RHS),3,C100,12.9731579 77.6330281 818.3999633789062 4.9,12.9731579,77.6330281,818.3999633789062,4.9,2026-07-04T11:17:00.000+05:30,,Open channel ,Road adjacent (with footpath),No work,0,0,0,0,1,0,,Yes,1783144085083.jpg,https://kf.kobotoolbox.org/api/v2/assets/aNoHPR2idd3ffmVBFgjdep/data/801859836/attachments/attw7sZyXeoctgkBmaTCZypu/,Small houses and shops along street,,Retaining wall intact ,5,"Yes, covered only on sides",Reinforced Cement Concrete (RCC),1783144160318.jpg,https://kf.kobotoolbox.org/api/v2/assets/aNoHPR2idd3ffmVBFgjdep/data/801859836/attachments/attV3AUMpHmiLT6sKBALVsSV/,,"Not applicable, There is no bridge ",,,,,Not applicable,0,0,0,0,1,0,0,,,,,,,,,,Yes,1783144223686.jpg,https://kf.kobotoolbox.org/api/v2/assets/aNoHPR2idd3ffmVBFgjdep/data/801859836/attachments/attYVoczwLADAV2qkogYLNYS/,No,1783144598924-16_56_56.jpg,https://kf.kobotoolbox.org/api/v2/assets/aNoHPR2idd3ffmVBFgjdep/data/801859836/attachments/attDo5qzX2xVF4w6Afc58fyA/,No,1783144598924-16_57_8.jpg,https://kf.kobotoolbox.org/api/v2/assets/aNoHPR2idd3ffmVBFgjdep/data/801859836/attachments/att2LEp74T9u4ecRS3SS3nzy/,,OK,801859836,e55e6c1a-479e-41f5-b17b-bcc855c0407d,2026-07-04T06:39:14,Approved,,submitted_via_web,,vT2oC7jQuFP8YdZrDnQt8Y,,uuid:41c96dc8-a98b-4c79-b744-41c0c483bf23,Mod Foundation,Central,Koramangala Challaghatta Valley,C100,,373,yes
405,2026-07-04T11:49:54.366+05:30,2026-07-23T17:45:02.397+05:30,,,"Yes, I feel safe to conduct the audit.",A67,Right hand side (RHS),4,C100,12.9704282 77.6339975 817.3999633789062 4.833,12.9704282,77.6339975,817.3999633789062,4.833,2026-07-04T11:51:00.000+05:30,,Open channel ,Property adjacent (abutting buildings),No work,0,0,0,0,1,0,,No,WhatsApp Image 2026-07-06 at 12.52.15 PM (1)-17_42_47.jpeg,https://kf.kobotoolbox.org/api/v2/assets/aNoHPR2idd3ffmVBFgjdep/data/801859884/attachments/atteGSDuW9sn2QNnZVQ83Vbi/,Properties with no setback at all on the LHS,,Retaining wall intact ,3,"No, there is no fence ",Reinforced Cement Concrete (RCC),1783146612562-17_44_16.jpg,https://kf.kobotoolbox.org/api/v2/assets/aNoHPR2idd3ffmVBFgjdep/data/801859884/attachments/attotoHcWd58YPYU8pfnVczs/,,"Vehicular, I can see vehicles on the bridge",1,0,0,0,Obstructed path (parking),0,0,1,0,0,0,0,,1783146679866.jpg,https://kf.kobotoolbox.org/api/v2/assets/aNoHPR2idd3ffmVBFgjdep/data/801859884/attachments/attiADvN9Nr9XnjPoRzpZxwM/,Yes,2,1783146710027.jpg,https://kf.kobotoolbox.org/api/v2/assets/aNoHPR2idd3ffmVBFgjdep/data/801859884/attachments/attGog29z2RR23HN3QccmM7b/,,,Yes,1783146732808.jpg,https://kf.kobotoolbox.org/api/v2/assets/aNoHPR2idd3ffmVBFgjdep/data/801859884/attachments/attLbbSPscLxNeATvUc3PPMZ/,Yes,1783146777478.jpg,https://kf.kobotoolbox.org/api/v2/assets/aNoHPR2idd3ffmVBFgjdep/data/801859884/attachments/attTkXspgwjtkv8NBVqFnN8J/,Yes,1783146799369.jpg,https://kf.kobotoolbox.org/api/v2/assets/aNoHPR2idd3ffmVBFgjdep/data/801859884/attachments/attzFLvEHhAeoyBF2oRCXovM/,,OK,801859884,9fb1aabf-0131-41e8-86f2-dd7f51be5a91,2026-07-04T06:39:23,Approved,,submitted_via_web,,vT2oC7jQuFP8YdZrDnQt8Y,,uuid:8dd74f2d-76db-4ee1-8f33-d26689bf0d0e,Mod Foundation,Central,Koramangala Challaghatta Valley,C100,,374,yes
406,2026-07-04T10:54:13.590+05:30,2026-07-23T16:07:29.578+05:30,,,"Yes, I feel safe to conduct the audit.",A65,Right hand side (RHS),1,C100,12.9779102 77.6285456 818.7999877929688 27.038,12.9779102,77.6285456,818.7999877929688,27.038,2026-07-04T10:55:00.000+05:30,,Open channel ,Road adjacent (without footpath),No work,0,0,0,0,1,0,,Yes,1783142745472.jpg,https://kf.kobotoolbox.org/api/v2/assets/aNoHPR2idd3ffmVBFgjdep/data/801875369/attachments/attwfApqxLbEgErPTia3ErgJ/,The buildings are abutting the drain on the LHS side.,,Retaining wall intact ,4.5,"Yes, covered only on sides","Both, SSM and RCC",1783143065560.jpg,https://kf.kobotoolbox.org/api/v2/assets/aNoHPR2idd3ffmVBFgjdep/data/801875369/attachments/attcBwDqBCB6iGdMGHAVcWpo/,,"Vehicular, I can see vehicles on the bridge",0,1,0,0,Unobstructed (clear path),0,0,0,0,0,1,0,,1783143153431.jpg,https://kf.kobotoolbox.org/api/v2/assets/aNoHPR2idd3ffmVBFgjdep/data/801875369/attachments/atto2TFGrCQvey8QgpXbipPu/,Yes,2,1783143224286.jpg,https://kf.kobotoolbox.org/api/v2/assets/aNoHPR2idd3ffmVBFgjdep/data/801875369/attachments/att3HPKjXck3nGSazf3odAne/,,,Yes,1783143258795.jpg,https://kf.kobotoolbox.org/api/v2/assets/aNoHPR2idd3ffmVBFgjdep/data/801875369/attachments/attwjp2njABvJpF4MPQx2Pov/,Yes,1783143286472.jpg,https://kf.kobotoolbox.org/api/v2/assets/aNoHPR2idd3ffmVBFgjdep/data/801875369/attachments/attcHADZQwTz92ckwTGDhXLG/,Yes,1783143297649.jpg,https://kf.kobotoolbox.org/api/v2/assets/aNoHPR2idd3ffmVBFgjdep/data/801875369/attachments/attsazVY5MHt4Dm2KfbQTuMt/,Alot of waste and garbage in the stormwater drain with silt collected,OK,801875369,a01ea380-507a-408f-a3de-083bae2d6fe2,2026-07-04T07:15:12,Approved,,submitted_via_web,,vT2oC7jQuFP8YdZrDnQt8Y,,uuid:58c1d7f2-5deb-446f-8db8-d6101778c356,Mod Foundation,Central,Koramangala Challaghatta Valley,C100,,375,yes
407,2026-07-04T11:39:17.151+05:30,2026-07-23T16:52:28.011+05:30,,,"Yes, I feel safe to conduct the audit.",A65,Right hand side (RHS),3,C100,12.9747433 77.632655 819.7000122070312 3.7,12.9747433,77.632655,819.7000122070312,3.7,2026-07-04T11:39:00.000+05:30,,Open channel ,Road adjacent (with footpath),No work,0,0,0,0,1,0,,Yes,1783145442911.jpg,https://kf.kobotoolbox.org/api/v2/assets/aNoHPR2idd3ffmVBFgjdep/data/801875713/attachments/attzzREPU3ntggsNkipihjFo/,Narrow streets with buildings on RHS with footpath,,Retaining wall intact ,4,"Yes, covered only on sides",Reinforced Cement Concrete (RCC),1783145602192.jpg,https://kf.kobotoolbox.org/api/v2/assets/aNoHPR2idd3ffmVBFgjdep/data/801875713/attachments/attMWBrApyrvwtM8LWsCze3K/,,"Not applicable, There is no bridge ",,,,,Not applicable,0,0,0,0,1,0,0,,,,,,,,,,Yes,1783145666374.jpg,https://kf.kobotoolbox.org/api/v2/assets/aNoHPR2idd3ffmVBFgjdep/data/801875713/attachments/attCkKuv6sKFo9NLxsqT4dC6/,No,1783145738387-16_52_20.jpg,https://kf.kobotoolbox.org/api/v2/assets/aNoHPR2idd3ffmVBFgjdep/data/801875713/attachments/attKUGg6XDXHk2ecz8CG9xKm/,Yes,1783145738387.jpg,https://kf.kobotoolbox.org/api/v2/assets/aNoHPR2idd3ffmVBFgjdep/data/801875713/attachments/attdXHZixoiFK9ngK455ammZ/,,OK,801875713,7892d5b5-d04b-49ec-bb12-8d936d2d48b9,2026-07-04T07:15:55,Approved,,submitted_via_web,,vT2oC7jQuFP8YdZrDnQt8Y,,uuid:bb8fcf92-ac90-4a0c-94e8-d02becbd6b40,Mod Foundation,Central,Koramangala Challaghatta Valley,C100,,376,yes
408,,2026-07-23T16:12:47.758+05:30,,,"Yes, I feel safe to conduct the audit.",A66,Right hand side (RHS),1,C100,12.97745669 77.62917751 892.2490048595 11.007,12.97745669,77.62917751,892.2490049,11.007,2026-07-04T10:15:00.000+05:30,,Open channel ,Road adjacent (without footpath),No work,0,0,0,0,1,0,,Yes,1783142008233.jpg,https://kf.kobotoolbox.org/api/v2/assets/aNoHPR2idd3ffmVBFgjdep/data/802920047/attachments/attpLrYjMf8kCXQPmVMUTiLr/,Narrow street with commercial activities and parking along the LHS,,Retaining wall intact ,5,"Yes, covered only on sides",Reinforced Cement Concrete (RCC),1783142114006.jpg,https://kf.kobotoolbox.org/api/v2/assets/aNoHPR2idd3ffmVBFgjdep/data/802920047/attachments/att6wmtszGR3QoYT9yaVHUED/,,"Not applicable, There is no bridge ",,,,,Not applicable,0,0,0,0,1,0,0,,,,,,,,,,No,1783142201348.jpg,https://kf.kobotoolbox.org/api/v2/assets/aNoHPR2idd3ffmVBFgjdep/data/802920047/attachments/att9RajwGeJvGjFdomBucLTf/,No,1783142225003.jpg,https://kf.kobotoolbox.org/api/v2/assets/aNoHPR2idd3ffmVBFgjdep/data/802920047/attachments/attFrjQVhfAzFfFbc5TruRkh/,Yes,1783142247252.jpg,https://kf.kobotoolbox.org/api/v2/assets/aNoHPR2idd3ffmVBFgjdep/data/802920047/attachments/attoHJ5JK2RtviHhasYGm8d4/,None,OK,802920047,21c393c3-3eea-49ca-8f93-70ea26eca7c9,2026-07-06T05:47:38,Approved,,submitted_via_web,,vT2oC7jQuFP8YdZrDnQt8Y,,uuid:bc90d3ad-d719-4ef6-89f1-28a22251803f,Mod Foundation,Central,Koramangala Challaghatta Valley,C100,,377,yes
409,,2026-07-23T16:18:32.583+05:30,,,"Yes, I feel safe to conduct the audit.",A66,Right hand side (RHS),2,C100,12.97611654 77.63188925 892.5439686253 3.844,12.97611654,77.63188925,892.5439686,3.844,2026-07-04T10:30:00.000+05:30,,Open channel ,Road adjacent (with footpath),No work,0,0,0,0,1,0,,Yes,1783143332077.jpg,https://kf.kobotoolbox.org/api/v2/assets/aNoHPR2idd3ffmVBFgjdep/data/802920064/attachments/attEud6JrvrHFiQZ69apBfhA/,Lhs has commericial activities like garage shops and small grocery shops along with the lhs use for parking,,Retaining wall intact ,5,"Yes, covered only on sides",Reinforced Cement Concrete (RCC),1783143429168.jpg,https://kf.kobotoolbox.org/api/v2/assets/aNoHPR2idd3ffmVBFgjdep/data/802920064/attachments/attPNmdoaZEuGcuviZH4bWdd/,,"Not applicable, There is no bridge ",,,,,Not applicable,0,0,0,0,1,0,0,,,,,,,,,,No,1783143483774.jpg,https://kf.kobotoolbox.org/api/v2/assets/aNoHPR2idd3ffmVBFgjdep/data/802920064/attachments/attsMAtqiEvz9vsbTSX75uaD/,No,1783143514282.jpg,https://kf.kobotoolbox.org/api/v2/assets/aNoHPR2idd3ffmVBFgjdep/data/802920064/attachments/attNs3owpzrMaVj9Q3jh3Ydt/,No,1783143576040.jpg,https://kf.kobotoolbox.org/api/v2/assets/aNoHPR2idd3ffmVBFgjdep/data/802920064/attachments/att8TW3DxWYRwhzTUBpfztZh/,None,OK,802920064,6d5d9b8c-4fed-4c80-99b4-8fd666ef2b79,2026-07-06T05:47:41,Approved,,submitted_via_web,,vT2oC7jQuFP8YdZrDnQt8Y,,uuid:6dc29c9f-4d64-4c0c-94ac-f2e3a9fad45d,Mod Foundation,Central,Koramangala Challaghatta Valley,C100,,378,yes
410,2026-07-23T16:54:31.566+05:30,2026-07-23T16:54:42.480+05:30,,,"Yes, I feel safe to conduct the audit.",A66,Right hand side (RHS),3,C100,12.97382123 77.63293941 890.0097389030 5.242,12.97382123,77.63293941,890.0097389,5.242,2026-07-04T11:00:00.000+05:30,,Open channel ,Road adjacent (with footpath),No work,0,0,0,0,1,0,,Yes,1783144678624.jpg,https://kf.kobotoolbox.org/api/v2/assets/aNoHPR2idd3ffmVBFgjdep/data/802920097/attachments/attibjTNRNmDp3o39ogQ4N2W/,Residences on the rhs,,Retaining wall intact ,5,"Yes, covered only on sides",Reinforced Cement Concrete (RCC),1783144721506.jpg,https://kf.kobotoolbox.org/api/v2/assets/aNoHPR2idd3ffmVBFgjdep/data/802920097/attachments/att2tyjBcLBkjheFm9ToWzZg/,,"Pedestrian, I see only people walking on the bridge",0,0,1,0,Unobstructed (clear path),0,0,0,0,0,1,0,,1783144752285.jpg,https://kf.kobotoolbox.org/api/v2/assets/aNoHPR2idd3ffmVBFgjdep/data/802920097/attachments/attxJpRsMMVhXEMmj3jn7WSN/,No,0,1783144775152.jpg,https://kf.kobotoolbox.org/api/v2/assets/aNoHPR2idd3ffmVBFgjdep/data/802920097/attachments/attzLLZRTdvysbvMKQBk6cfy/,,,No,1783144790076.jpg,https://kf.kobotoolbox.org/api/v2/assets/aNoHPR2idd3ffmVBFgjdep/data/802920097/attachments/attqRco5wdHSuXWpKMd6cq5W/,No,1783144802978.jpg,https://kf.kobotoolbox.org/api/v2/assets/aNoHPR2idd3ffmVBFgjdep/data/802920097/attachments/atteA75cZoXp7vXzk5hKDs6D/,Yes,1783144816580.jpg,https://kf.kobotoolbox.org/api/v2/assets/aNoHPR2idd3ffmVBFgjdep/data/802920097/attachments/att337ERqRpiPAwL5tx56ycn/,No,OK,802920097,5d65bd1d-a2ec-49b9-b8b0-0b24ca4843cc,2026-07-06T05:47:44,Approved,,submitted_via_web,,vT2oC7jQuFP8YdZrDnQt8Y,,uuid:7739ad42-7d44-46b7-800f-20afedb16380,Mod Foundation,Central,Koramangala Challaghatta Valley,C100,,379,yes
411,,2026-07-23T17:04:50.594+05:30,,,"Yes, I feel safe to conduct the audit.",A66,Right hand side (RHS),4,C100,12.97089165 77.63387658 887.5613919679 5.463,12.97089165,77.63387658,887.561392,5.463,2026-07-04T11:45:00.000+05:30,,Open channel ,Road adjacent (with footpath),"Yes, Desilting",1,0,0,0,0,0,,Yes,1783147087237-17_2_42.jpg,https://kf.kobotoolbox.org/api/v2/assets/aNoHPR2idd3ffmVBFgjdep/data/802920146/attachments/att2btN8gS765Ak7a5cdnpMP/,There are small garages and residences on the rhs,,Retaining wall intact ,3.5,"Yes, covered only on sides",Reinforced Cement Concrete (RCC),1783145771320.jpg,https://kf.kobotoolbox.org/api/v2/assets/aNoHPR2idd3ffmVBFgjdep/data/802920146/attachments/attasmffRiTpSUTrtULxjhQP/,,"Vehicular, I can see vehicles on the bridge",0,0,1,0,Unobstructed (clear path),0,0,0,0,0,1,0,,1783145794915.jpg,https://kf.kobotoolbox.org/api/v2/assets/aNoHPR2idd3ffmVBFgjdep/data/802920146/attachments/attxqjEkkewi4cCj5SLPrfmj/,Yes,2,1783145822412.jpg,https://kf.kobotoolbox.org/api/v2/assets/aNoHPR2idd3ffmVBFgjdep/data/802920146/attachments/attyDfr5W23GykHd9dyj7Vdu/,,,Yes,1783145844226.jpg,https://kf.kobotoolbox.org/api/v2/assets/aNoHPR2idd3ffmVBFgjdep/data/802920146/attachments/attqSi7Qx4nj2NtDjVUJW8ks/,Yes,1783147285970-17_4_27.jpg,https://kf.kobotoolbox.org/api/v2/assets/aNoHPR2idd3ffmVBFgjdep/data/802920146/attachments/attWTJPhUYvM4NM5T6mLsKb8/,Yes,1783145894743.jpg,https://kf.kobotoolbox.org/api/v2/assets/aNoHPR2idd3ffmVBFgjdep/data/802920146/attachments/attbtMoKPWL3mKNXXbvv4cn4/,None,OK,802920146,66b8ab9e-51db-4eee-9fe4-c0acc0283780,2026-07-06T05:47:51,Approved,,submitted_via_web,,vT2oC7jQuFP8YdZrDnQt8Y,,uuid:6d9f2f7b-3dd7-4739-b431-c52a964fc8e4,Mod Foundation,Central,Koramangala Challaghatta Valley,C100,,380,yes
412,2026-07-04T11:13:56.315+05:30,2026-07-23T16:16:25.289+05:30,,,"Yes, I feel safe to conduct the audit.",A65,Right hand side (RHS),2,C100,12.9767045 77.6307997 820.2999877929688 10.842,12.9767045,77.6307997,820.2999877929688,10.842,2026-07-04T11:18:00.000+05:30,,Open channel ,Road adjacent (without footpath),No work,0,0,0,0,1,0,,Yes,1783144199663.jpg,https://kf.kobotoolbox.org/api/v2/assets/aNoHPR2idd3ffmVBFgjdep/data/807341429/attachments/atteYu3fVdVUYMteZuMvyZ8H/,"Mix residential and commericial, narrow streets, very narrow footpaths on the RHS of the road",,Retaining wall intact ,4.5,"Yes, covered only on sides",Reinforced Cement Concrete (RCC),1783144345033.jpg,https://kf.kobotoolbox.org/api/v2/assets/aNoHPR2idd3ffmVBFgjdep/data/807341429/attachments/attME2pjVqi3JaYh3yCV4rud/,,"Pedestrian, I see only people walking on the bridge",0,0,1,0,Unobstructed (clear path),0,0,0,0,0,1,0,,1783144415145.jpg,https://kf.kobotoolbox.org/api/v2/assets/aNoHPR2idd3ffmVBFgjdep/data/807341429/attachments/attm3Gbw2a6m45Jfv4QE7JHt/,No,0,1783144446136.jpg,https://kf.kobotoolbox.org/api/v2/assets/aNoHPR2idd3ffmVBFgjdep/data/807341429/attachments/attedatJGpgQzrfcxrqquqAf/,,,Yes,1783144497899.jpg,https://kf.kobotoolbox.org/api/v2/assets/aNoHPR2idd3ffmVBFgjdep/data/807341429/attachments/attAuvCgPLiZStVRXhoK2pok/,No,1783144546150.jpg,https://kf.kobotoolbox.org/api/v2/assets/aNoHPR2idd3ffmVBFgjdep/data/807341429/attachments/attphoDxX9yLojNjY7jGQuDF/,Yes,1783144584316.jpg,https://kf.kobotoolbox.org/api/v2/assets/aNoHPR2idd3ffmVBFgjdep/data/807341429/attachments/atta86KEx86eLJgxcgd5Ardy/,"Nothing beyond this, however garbage, dirty water and smell",OK,807341429,83d9839c-ed25-4646-b8fd-68fafea9f7cc,2026-07-10T09:58:36,Approved,,submitted_via_web,,vT2oC7jQuFP8YdZrDnQt8Y,,uuid:365c6605-b53f-465f-ab27-9239e513e7b7,Mod Foundation,Central,Koramangala Challaghatta Valley,C100,,381,yes
413,2026-07-11T11:10:17.710+05:30,2026-07-24T12:17:55.617+05:30,,,"Yes, I feel safe to conduct the audit.",A70,Left hand side (LHS),4,K200,12.917307 77.626358 0 0,12.917307,77.626358,0,0,2026-07-11T11:11:00.000+05:30,,Open channel ,Ring road adjacent,No work,0,0,0,0,1,0,,No,1783748524159.jpg,https://kf.kobotoolbox.org/api/v2/assets/aNoHPR2idd3ffmVBFgjdep/data/808035363/attachments/attyYqKkc9Bs6DXAcnDBFUcT/,,,Retaining wall intact ,4,"No, there is no fence ",Reinforced Cement Concrete (RCC),1783748628256.jpg,https://kf.kobotoolbox.org/api/v2/assets/aNoHPR2idd3ffmVBFgjdep/data/808035363/attachments/att7a78w9HgDQhDpZnogKjbE/,,"Not applicable, There is no bridge ",,,,,Not applicable,0,0,0,0,1,0,0,,,,,,,,,,No,1783748524159-12_17_26.jpg,https://kf.kobotoolbox.org/api/v2/assets/aNoHPR2idd3ffmVBFgjdep/data/808035363/attachments/attb63VQFdugnJ6PjCeci4SY/,No,1783748698689.jpg,https://kf.kobotoolbox.org/api/v2/assets/aNoHPR2idd3ffmVBFgjdep/data/808035363/attachments/attLET5BPGcogUGRQoi2rY3E/,No,1783748698689-12_17_49.jpg,https://kf.kobotoolbox.org/api/v2/assets/aNoHPR2idd3ffmVBFgjdep/data/808035363/attachments/attzPpuREeCBfbbjyjFJpsxi/,,OK,808035363,6c07a667-a574-435f-a0ea-59b674019892,2026-07-11T05:45:56,Approved,,submitted_via_web,,vT2oC7jQuFP8YdZrDnQt8Y,,uuid:7c34ce3d-a3c5-49fb-a596-65d4e5287941,Mod Foundation,South,Koramangala Challaghatta Valley,K200,,382,yes
414,2026-07-11T10:57:38.899+05:30,2026-07-24T11:30:21.385+05:30,,,"Yes, I feel safe to conduct the audit.",A68,Right hand side (RHS),3,K200,12.9164433 77.6283337 818.3999633789062 4.89,12.9164433,77.6283337,818.3999633789062,4.89,2026-07-11T10:58:00.000+05:30,,Open channel ,Road adjacent (without footpath),No work,0,0,0,0,1,0,,Yes,1783747819272.jpg,https://kf.kobotoolbox.org/api/v2/assets/aNoHPR2idd3ffmVBFgjdep/data/808046454/attachments/atttuSvTJL67q2vM6jwk5w9m/,"Mixed land use, Service road, no waste collection centre or STP, shaded road",,Retaining wall intact ,4,"No, there is no fence ",Reinforced Cement Concrete (RCC),1783747955099.jpg,https://kf.kobotoolbox.org/api/v2/assets/aNoHPR2idd3ffmVBFgjdep/data/808046454/attachments/attioLooTghoRgDEW7xN43fz/,,"Not applicable, There is no bridge ",,,,,Not applicable,0,0,0,0,1,0,0,,,,,,,,,,Yes,1783748004684.jpg,https://kf.kobotoolbox.org/api/v2/assets/aNoHPR2idd3ffmVBFgjdep/data/808046454/attachments/att4Tygm52MkxFpi79hL8wXp/,No,1783747826595-11_30_14.jpg,https://kf.kobotoolbox.org/api/v2/assets/aNoHPR2idd3ffmVBFgjdep/data/808046454/attachments/attGqiBs9sLXieiicxz4ZDWf/,No,1783747826595-11_30_18.jpg,https://kf.kobotoolbox.org/api/v2/assets/aNoHPR2idd3ffmVBFgjdep/data/808046454/attachments/attNHpXY3GgxAQQHzqyNBwCU/,Not visible,OK,808046454,0a4fd355-818d-4162-b419-f804729516b4,2026-07-11T06:12:12,Approved,,submitted_via_web,,vT2oC7jQuFP8YdZrDnQt8Y,,uuid:2e162056-98a2-4d5a-a1d9-3f2abd57ed21,Mod Foundation,South,Koramangala Challaghatta Valley,K200,,383,yes
415,2026-07-11T10:42:05.323+05:30,2026-07-24T11:28:13.652+05:30,,,"Yes, I feel safe to conduct the audit.",A68,Right hand side (RHS),2,K200,12.9163266 77.6301891 811.7999877929688 4.871,12.9163266,77.6301891,811.7999877929688,4.871,2026-07-11T10:43:00.000+05:30,,Open channel ,Road adjacent (without footpath),No work,0,0,0,0,1,0,,No,1783746918622.jpg,https://kf.kobotoolbox.org/api/v2/assets/aNoHPR2idd3ffmVBFgjdep/data/808046503/attachments/attXPs3aCxY2q39kfVk7mDmk/,"Natural growth of plants/weeds, residential buildings, some street vendors",,Retaining wall intact ,7,"No, there is no fence ",Reinforced Cement Concrete (RCC),1783747049972.jpg,https://kf.kobotoolbox.org/api/v2/assets/aNoHPR2idd3ffmVBFgjdep/data/808046503/attachments/att2WTbRUysAmmZMfW6Ki4UA/,,"Not applicable, There is no bridge ",,,,,Not applicable,0,0,0,0,1,0,0,,,,,,,,,,Yes,1783747076417.jpg,https://kf.kobotoolbox.org/api/v2/assets/aNoHPR2idd3ffmVBFgjdep/data/808046503/attachments/attR989vWRGtBRRwhcYLe6UM/,No,1783747111291.jpg,https://kf.kobotoolbox.org/api/v2/assets/aNoHPR2idd3ffmVBFgjdep/data/808046503/attachments/attZAgSPo4nRizX8zjVPayT8/,No,1783747002135-11_28_11.jpg,https://kf.kobotoolbox.org/api/v2/assets/aNoHPR2idd3ffmVBFgjdep/data/808046503/attachments/attEezkaSY333cXoogdr2wDS/,NA,OK,808046503,e079d825-6c25-4151-ac3c-64a1943f5adb,2026-07-11T06:12:18,Approved,,submitted_via_web,,vT2oC7jQuFP8YdZrDnQt8Y,,uuid:cf2b3ab4-ba00-4d5f-ad24-7a673847ccc4,Mod Foundation,South,Koramangala Challaghatta Valley,K200,,384,yes
416,2026-07-11T10:16:28.798+05:30,2026-07-24T11:16:33.347+05:30,,,"Yes, I feel safe to conduct the audit.",A68,Right hand side (RHS),1,K200,12.9162023 77.6321289 819.5 4.981,12.9162023,77.6321289,819.5,4.981,2026-07-11T10:20:00.000+05:30,,Open channel ,Road adjacent (without footpath),No work,0,0,0,0,1,0,,Yes,1783745683937.jpg,https://kf.kobotoolbox.org/api/v2/assets/aNoHPR2idd3ffmVBFgjdep/data/808046510/attachments/attZM35avHVkzKNqWy9FjcLt/,"Mixed-use area (Residential and commercial), Service road, Solid waste dumping along the retaining wall, parking along the retaining wall",,Retaining wall intact ,8,"No, there is no fence ",Reinforced Cement Concrete (RCC),1783746010423.jpg,https://kf.kobotoolbox.org/api/v2/assets/aNoHPR2idd3ffmVBFgjdep/data/808046510/attachments/attTfxeHDW6pH7zXrajwYCm8/,,"Vehicular, I can see vehicles on the bridge",0,1,0,0,Unobstructed (clear path),0,0,0,0,0,1,0,,1783746109383.jpg,https://kf.kobotoolbox.org/api/v2/assets/aNoHPR2idd3ffmVBFgjdep/data/808046510/attachments/att8TbaJvJaiLkAwjYWm5ptD/,Yes,1,1783746199656.jpg,https://kf.kobotoolbox.org/api/v2/assets/aNoHPR2idd3ffmVBFgjdep/data/808046510/attachments/attUvfafAn3R2Shvt6j9mWwa/,,,Yes,1783746242199.jpg,https://kf.kobotoolbox.org/api/v2/assets/aNoHPR2idd3ffmVBFgjdep/data/808046510/attachments/attkhPtXHBDbFpc6AtHuwu27/,Yes,1783746266828.jpg,https://kf.kobotoolbox.org/api/v2/assets/aNoHPR2idd3ffmVBFgjdep/data/808046510/attachments/attrhjVcHbzJLT85hEBkcfWh/,Yes,1783746308029.jpg,https://kf.kobotoolbox.org/api/v2/assets/aNoHPR2idd3ffmVBFgjdep/data/808046510/attachments/atttdtXq9jR2Q4JEdMavBHhA/,Manholes are visibly leaking,OK,808046510,c1356da7-561c-4bb2-8c59-50b24fb47bb9,2026-07-11T06:12:19,Approved,,submitted_via_web,,vT2oC7jQuFP8YdZrDnQt8Y,,uuid:17ca8e9d-0d23-4236-b2a5-30d65e211bce,Mod Foundation,South,Koramangala Challaghatta Valley,K200,,385,yes
417,2026-07-11T11:08:54.802+05:30,2026-07-11T11:13:05.090+05:30,,,"Yes, I feel safe to conduct the audit.",A68,Right hand side (RHS),4,K200,12.9168851 77.6266746 813.0 4.805,12.9168851,77.6266746,813,4.805,2026-07-11T11:09:00.000+05:30,,Open channel ,Road adjacent (without footpath),No work,0,0,0,0,1,0,,Yes,1783748440529.jpg,https://kf.kobotoolbox.org/api/v2/assets/aNoHPR2idd3ffmVBFgjdep/data/808046527/attachments/attBqARygvsERX3HiUtYLx78/,Residential area,,Retaining wall intact ,3,"No, there is no fence ",Reinforced Cement Concrete (RCC),1783748486056.jpg,https://kf.kobotoolbox.org/api/v2/assets/aNoHPR2idd3ffmVBFgjdep/data/808046527/attachments/attaZi5Gz2Cm3Ux8k6Vb3Vuc/,,"Not applicable, There is no bridge ",,,,,Not applicable,0,0,0,0,1,0,0,,,,,,,,,,Yes,1783748531085.jpg,https://kf.kobotoolbox.org/api/v2/assets/aNoHPR2idd3ffmVBFgjdep/data/808046527/attachments/attvFzPfSTRvBDq8NxrYiGKN/,No,1783748560967.jpg,https://kf.kobotoolbox.org/api/v2/assets/aNoHPR2idd3ffmVBFgjdep/data/808046527/attachments/attTE7yTAwnnh5wp7pp8mtMu/,No,1783748576927.jpg,https://kf.kobotoolbox.org/api/v2/assets/aNoHPR2idd3ffmVBFgjdep/data/808046527/attachments/atto88g3L6tTYdK8YcjM7DjX/,NA,OK,808046527,7a7657f9-7c11-4866-b298-2d20d02033a7,2026-07-11T06:12:21,Approved,,submitted_via_web,,vT2oC7jQuFP8YdZrDnQt8Y,,uuid:7a7657f9-7c11-4866-b298-2d20d02033a7,Mod Foundation,South,Koramangala Challaghatta Valley,K200,,386,yes
418,2026-07-11T11:19:09.924+05:30,2026-07-24T11:42:50.092+05:30,,,"Yes, I feel safe to conduct the audit.",A68,Right hand side (RHS),5,K200,12.9172439 77.6248363 819.3999633789062 4.841,12.9172439,77.6248363,819.3999633789062,4.841,2026-07-11T11:20:00.000+05:30,,Open channel ,Road adjacent (without footpath),No work,0,0,0,0,1,0,,Yes,1783749049977.jpg,https://kf.kobotoolbox.org/api/v2/assets/aNoHPR2idd3ffmVBFgjdep/data/808046566/attachments/attAux2m7kg3LcMSc3DYLF2y/,"Mixed land use, Partially Shaded road, Service road, no STP or waste collection centre",,Retaining wall intact ,4,"No, there is no fence ",Reinforced Cement Concrete (RCC),1783749153447.jpg,https://kf.kobotoolbox.org/api/v2/assets/aNoHPR2idd3ffmVBFgjdep/data/808046566/attachments/attz2Z7LGPpCSp7PZk8vDwNC/,,"Vehicular, I can see vehicles on the bridge",0,1,0,0,Unobstructed (clear path),0,0,0,0,0,1,0,,1783749337551.jpg,https://kf.kobotoolbox.org/api/v2/assets/aNoHPR2idd3ffmVBFgjdep/data/808046566/attachments/attgb6x486haE8kKR8GwNvaJ/,Yes,2,1783749418695.jpg,https://kf.kobotoolbox.org/api/v2/assets/aNoHPR2idd3ffmVBFgjdep/data/808046566/attachments/attV4fexLesSR2wmFD9VbKzD/,,,No,1783749450915.jpg,https://kf.kobotoolbox.org/api/v2/assets/aNoHPR2idd3ffmVBFgjdep/data/808046566/attachments/att65ZW64bdDtzSX5PvRi3JB/,Yes,1783749087766-11_42_35.jpg,https://kf.kobotoolbox.org/api/v2/assets/aNoHPR2idd3ffmVBFgjdep/data/808046566/attachments/attQ69QGf5u4papoVM4CacEJ/,No,1783749495161.jpg,https://kf.kobotoolbox.org/api/v2/assets/aNoHPR2idd3ffmVBFgjdep/data/808046566/attachments/attvUpR67HmNmfVKEoX5Ax7R/,,OK,808046566,f91953d2-15d5-46c2-afac-8ea5d27a784e,2026-07-11T06:12:26,Approved,,submitted_via_web,,vT2oC7jQuFP8YdZrDnQt8Y,,uuid:50897355-9ead-4203-a157-9b5687088226,Mod Foundation,South,Koramangala Challaghatta Valley,K200,,387,yes
419,2026-07-11T11:33:57.643+05:30,2026-07-24T14:01:18.032+05:30,,,"Yes, I feel safe to conduct the audit.",A68,Right hand side (RHS),6,K200,12.9171009 77.6231653 826.7000122070312 4.9,12.9171009,77.6231653,826.7000122070312,4.9,2026-07-11T11:34:00.000+05:30,,Open channel ,Ring road adjacent,No work,0,0,0,0,1,0,,No,1783749947611.jpg,https://kf.kobotoolbox.org/api/v2/assets/aNoHPR2idd3ffmVBFgjdep/data/808046840/attachments/attEnQeqzrZoNGPQwqjM6pbc/,Metro construction,,Retaining wall intact ,4,"No, there is no fence ",Reinforced Cement Concrete (RCC),1783750021678.jpg,https://kf.kobotoolbox.org/api/v2/assets/aNoHPR2idd3ffmVBFgjdep/data/808046840/attachments/attVr7nEPjhUMDutR86ubNYR/,,"Vehicular, I can see vehicles on the bridge",1,0,0,0,Unobstructed (clear path),0,0,0,0,0,1,0,,1783750078122.jpg,https://kf.kobotoolbox.org/api/v2/assets/aNoHPR2idd3ffmVBFgjdep/data/808046840/attachments/attE3qP6qvWLtdhfkuWfTrXU/,Yes,1,1783750195910.jpg,https://kf.kobotoolbox.org/api/v2/assets/aNoHPR2idd3ffmVBFgjdep/data/808046840/attachments/attY7o5FwCTGALquDnZU8G5q/,,,Yes,1783750222936.jpg,https://kf.kobotoolbox.org/api/v2/assets/aNoHPR2idd3ffmVBFgjdep/data/808046840/attachments/attM4cWj9xHJZPJA7uwXehXn/,No,1783750252742.jpg,https://kf.kobotoolbox.org/api/v2/assets/aNoHPR2idd3ffmVBFgjdep/data/808046840/attachments/attJikM7R7fLrDkTQpvH8ToP/,No,1783750268642.jpg,https://kf.kobotoolbox.org/api/v2/assets/aNoHPR2idd3ffmVBFgjdep/data/808046840/attachments/attVamDfcWEqbW8Tck7Kgkyy/,,OK,808046840,cc080fdf-16ff-407c-b50e-e0190c51a9bd,2026-07-11T06:13:06,Approved,,submitted_via_web,,vT2oC7jQuFP8YdZrDnQt8Y,,uuid:e793433a-2fd7-486e-b84c-71fe195badf6,Mod Foundation,South,Koramangala Challaghatta Valley,K200,,388,yes
420,2026-07-11T10:58:11.054+05:30,2026-07-24T14:00:20.742+05:30,,,"Yes, I feel safe to conduct the audit.",A70,Left hand side (LHS),3,K200,12.9168725 77.6277765 818.0 10.25,12.9168725,77.6277765,818,10.25,2026-07-11T11:00:00.000+05:30,,Open channel ,Ring road adjacent,No work,0,0,0,0,1,0,,No,1783747910843.jpg,https://kf.kobotoolbox.org/api/v2/assets/aNoHPR2idd3ffmVBFgjdep/data/808047382/attachments/attsCHPgcQ24ibUJcC3uDzyZ/,Next to a flyover. Trees only planted on the other side,,Retaining wall intact ,5,"No, there is no fence ",Reinforced Cement Concrete (RCC),1783748011563.jpg,https://kf.kobotoolbox.org/api/v2/assets/aNoHPR2idd3ffmVBFgjdep/data/808047382/attachments/attYuqAaq7WFuJ3RiSfj8T4p/,,"Not applicable, There is no bridge ",,,,,Not applicable,0,0,0,0,1,0,0,,,,,,,,,,No,1783747910843-12_13_28.jpg,https://kf.kobotoolbox.org/api/v2/assets/aNoHPR2idd3ffmVBFgjdep/data/808047382/attachments/attHSbtgW8BkQ9wucbPPBLEp/,No,1783747849872-12_13_57.jpg,https://kf.kobotoolbox.org/api/v2/assets/aNoHPR2idd3ffmVBFgjdep/data/808047382/attachments/att8JybJeKMbrugsFFZyw8zn/,No,1783747849872-12_14_3.jpg,https://kf.kobotoolbox.org/api/v2/assets/aNoHPR2idd3ffmVBFgjdep/data/808047382/attachments/att3iZJk9ENvewZ6K9rgheKL/,,OK,808047382,0d8910b0-a64e-46dd-bbdc-fde0589c4b30,2026-07-11T06:14:25,Approved,,submitted_via_web,,vT2oC7jQuFP8YdZrDnQt8Y,,uuid:b3709a30-aefb-4dc5-afbb-49afad13a48d,Mod Foundation,South,Koramangala Challaghatta Valley,K200,,389,yes
421,2026-07-11T10:19:55.438+05:30,2026-07-24T11:21:23.208+05:30,,,"Yes, I feel safe to conduct the audit.",A69,Right hand side (RHS),1,K200,12.916191 77.6315252 811.2000122070312 6.097,12.916191,77.6315252,811.2000122070312,6.097,2026-07-11T10:22:00.000+05:30,,Open channel ,Road adjacent (without footpath),No work,0,0,0,0,1,0,,Yes,1783745697591.jpg,https://kf.kobotoolbox.org/api/v2/assets/aNoHPR2idd3ffmVBFgjdep/data/808047895/attachments/attwYhZ4ka6h7zmKYNkpyufF/,"Light and medium industries, there is supposed to be a footpath but its covered in garbage",,Retaining wall intact ,6.5,"No, there is no fence ",Reinforced Cement Concrete (RCC),1783745827006.jpg,https://kf.kobotoolbox.org/api/v2/assets/aNoHPR2idd3ffmVBFgjdep/data/808047895/attachments/attHyN4bGCEsqvFD2rbnkFgT/,,"Not applicable, There is no bridge ",,,,,Not applicable,0,0,0,0,1,0,0,,,,,,,,,,Yes,1783745925611.jpg,https://kf.kobotoolbox.org/api/v2/assets/aNoHPR2idd3ffmVBFgjdep/data/808047895/attachments/attKjkCpjE5ERZ8UzfZohJmv/,No,1783745888145-11_20_53.jpg,https://kf.kobotoolbox.org/api/v2/assets/aNoHPR2idd3ffmVBFgjdep/data/808047895/attachments/attPujmpdcKtknEZqeqibbit/,No,1783745888145-11_21_19.jpg,https://kf.kobotoolbox.org/api/v2/assets/aNoHPR2idd3ffmVBFgjdep/data/808047895/attachments/attoMgeC8axHyWD7y3WvQPTk/,,OK,808047895,d88c2b63-d586-4b6a-a0a7-f87b71467788,2026-07-11T06:15:50,Approved,,submitted_via_web,,vT2oC7jQuFP8YdZrDnQt8Y,,uuid:2fc88be2-53f7-4e44-9664-463ede8194dc,Mod Foundation,South,Koramangala Challaghatta Valley,K200,,390,yes
422,2026-07-11T10:40:11.346+05:30,2026-07-24T11:55:22.363+05:30,,,"Yes, I feel safe to conduct the audit.",A69,Right hand side (RHS),2,K200,12.9163787 77.6292722 813.0 4.74,12.9163787,77.6292722,813,4.74,2026-07-11T10:41:00.000+05:30,,Open channel ,Road adjacent (without footpath),No work,0,0,0,0,1,0,,Yes,1783746889341.jpg,https://kf.kobotoolbox.org/api/v2/assets/aNoHPR2idd3ffmVBFgjdep/data/808047934/attachments/attXEKVhTh7UGGxvnqE5Un3s/,"This is a service lane near a main road. There are houses, shops and hospitals.",,Retaining wall intact ,5,"No, there is no fence ",Reinforced Cement Concrete (RCC),1783747079183.jpg,https://kf.kobotoolbox.org/api/v2/assets/aNoHPR2idd3ffmVBFgjdep/data/808047934/attachments/attQpLXQAtbiJpnJjsa5SePZ/,,"Vehicular, I can see vehicles on the bridge",0,1,0,0,Unobstructed (clear path),0,0,0,0,0,1,0,,1783747125831.jpg,https://kf.kobotoolbox.org/api/v2/assets/aNoHPR2idd3ffmVBFgjdep/data/808047934/attachments/attMGd7jm7Y59MHkwFoQVH8b/,Yes,1,1783747146259.jpg,https://kf.kobotoolbox.org/api/v2/assets/aNoHPR2idd3ffmVBFgjdep/data/808047934/attachments/attxaQjWoPphmnqZQFe2AUt7/,,,Yes,1783747172323.jpg,https://kf.kobotoolbox.org/api/v2/assets/aNoHPR2idd3ffmVBFgjdep/data/808047934/attachments/attiwxUJrVXPLL8rBrZyKuP7/,No,1783746984058-11_55_19.jpg,https://kf.kobotoolbox.org/api/v2/assets/aNoHPR2idd3ffmVBFgjdep/data/808047934/attachments/attk2jRqsid4BbeYAhpMkBPd/,No,1783746984058-11_55_10.jpg,https://kf.kobotoolbox.org/api/v2/assets/aNoHPR2idd3ffmVBFgjdep/data/808047934/attachments/att7ZD7Rfct7bdEftmRepMD4/,Bridge and footpath is in good condition but footpath is not walkable due to garbage,OK,808047934,d47cd0b9-702e-415b-aef2-ce5ca802969a,2026-07-11T06:15:58,Approved,,submitted_via_web,,vT2oC7jQuFP8YdZrDnQt8Y,,uuid:f0718d39-a0b4-4e23-9811-ea7eb83a3eac,Mod Foundation,South,Koramangala Challaghatta Valley,K200,,391,yes
423,2026-07-11T11:09:54.135+05:30,2026-07-24T12:01:15.778+05:30,,,"Yes, I feel safe to conduct the audit.",A69,Right hand side (RHS),4,K200,12.9171738 77.6254787 812.8999633789062 8.019,12.9171738,77.6254787,812.8999633789062,8.019,2026-07-11T11:11:00.000+05:30,,Open channel ,Road adjacent (with footpath),No work,0,0,0,0,1,0,,Yes,1783748587855.jpg,https://kf.kobotoolbox.org/api/v2/assets/aNoHPR2idd3ffmVBFgjdep/data/808048041/attachments/attr2x29UajtofcW8ZE8NiTa/,There is a footpath but not usable,,Retaining wall intact ,5,"No, there is no fence ",Reinforced Cement Concrete (RCC),1783748672180.jpg,https://kf.kobotoolbox.org/api/v2/assets/aNoHPR2idd3ffmVBFgjdep/data/808048041/attachments/attT5vKPtPXFdRZZRCyhgVCe/,,"Not applicable, There is no bridge ",,,,,Not applicable,0,0,0,0,1,0,0,,,,,,,,,,No,1783748587855-12_0_38.jpg,https://kf.kobotoolbox.org/api/v2/assets/aNoHPR2idd3ffmVBFgjdep/data/808048041/attachments/attxMJbhiQ9sojRcdCnCHEpd/,No,1783748633484-12_1_6.jpg,https://kf.kobotoolbox.org/api/v2/assets/aNoHPR2idd3ffmVBFgjdep/data/808048041/attachments/attSMJRAV2qsMz9YdMd7iS5c/,No,1783748633484-12_1_10.jpg,https://kf.kobotoolbox.org/api/v2/assets/aNoHPR2idd3ffmVBFgjdep/data/808048041/attachments/attZXMWgbqHYHQBc3NGndoUc/,,OK,808048041,cd5cc5a8-a254-4140-abda-94c69c20cc50,2026-07-11T06:16:15,Approved,,submitted_via_web,,vT2oC7jQuFP8YdZrDnQt8Y,,uuid:118a4ea9-d810-49ea-a17d-ddf3fcaa22bd,Mod Foundation,South,Koramangala Challaghatta Valley,K200,,392,yes
424,2026-07-11T10:54:56.935+05:30,2026-07-24T11:57:35.112+05:30,,,"Yes, I feel safe to conduct the audit.",A69,Right hand side (RHS),3,K200,12.9165643 77.6275566 818.3999633789062 4.44,12.9165643,77.6275566,818.3999633789062,4.44,2026-07-11T10:55:00.000+05:30,,Open channel ,Road adjacent (with footpath),No work,0,0,0,0,1,0,,Yes,1783747607107.jpg,https://kf.kobotoolbox.org/api/v2/assets/aNoHPR2idd3ffmVBFgjdep/data/808048098/attachments/attzrVEweCqnaqinxKmGv3Za/,Residential + commercial area,,Retaining wall intact ,4,"No, there is no fence ",Reinforced Cement Concrete (RCC),1783747678324.jpg,https://kf.kobotoolbox.org/api/v2/assets/aNoHPR2idd3ffmVBFgjdep/data/808048098/attachments/attjriG9QyQbvLwH9kF35wiD/,,"Not applicable, There is no bridge ",,,,,Not applicable,0,0,0,0,1,0,0,,,,,,,,,,No,1783747607107-11_57_14.jpg,https://kf.kobotoolbox.org/api/v2/assets/aNoHPR2idd3ffmVBFgjdep/data/808048098/attachments/attnUbn5skvwTVizHnGrKFrg/,No,1783747762514-11_57_28.jpg,https://kf.kobotoolbox.org/api/v2/assets/aNoHPR2idd3ffmVBFgjdep/data/808048098/attachments/attABLdME7FNwJBK4zmXrrEn/,No,1783747762514.jpg,https://kf.kobotoolbox.org/api/v2/assets/aNoHPR2idd3ffmVBFgjdep/data/808048098/attachments/att9GoTKASkGrSmUQTXQq9C9/,,OK,808048098,c408e402-5891-4b45-be90-eb489e305052,2026-07-11T06:16:20,Approved,,submitted_via_web,,vT2oC7jQuFP8YdZrDnQt8Y,,uuid:c5dcf1f0-debd-423d-b238-8d0fcb80ad15,Mod Foundation,South,Koramangala Challaghatta Valley,K200,,393,yes
425,2026-07-11T11:40:32.259+05:30,2026-07-24T13:57:57.537+05:30,,,"Yes, I feel safe to conduct the audit.",A69,Left hand side (LHS),6,K200,12.9162847 77.6229128 812.7999877929688 4.676,12.9162847,77.6229128,812.7999877929688,4.676,2026-07-11T11:41:00.000+05:30,,Open channel ,Ring road adjacent,No work,0,0,0,0,1,0,,No,1783750345168.jpg,https://kf.kobotoolbox.org/api/v2/assets/aNoHPR2idd3ffmVBFgjdep/data/808048171/attachments/attEYK9dGeAXy93wupXk6py6/,None,,Retaining wall broken ,3.5,"No, there is no fence ",Solid Stone Masonry (SSM),1783750405454.jpg,https://kf.kobotoolbox.org/api/v2/assets/aNoHPR2idd3ffmVBFgjdep/data/808048171/attachments/attWi9dwVUNbiDMiJgeVBGXw/,,"Not applicable, There is no bridge ",,,,,Not applicable,0,0,0,0,1,0,0,,,,,,,,,,Yes,1783750468513.jpg,https://kf.kobotoolbox.org/api/v2/assets/aNoHPR2idd3ffmVBFgjdep/data/808048171/attachments/atttznBBocr8v6hdjCTKrAnS/,Yes,1783750449608.jpg,https://kf.kobotoolbox.org/api/v2/assets/aNoHPR2idd3ffmVBFgjdep/data/808048171/attachments/attaHFjfbbVrLMJK9Kux2vms/,No,1783750435223-12_36_4.jpg,https://kf.kobotoolbox.org/api/v2/assets/aNoHPR2idd3ffmVBFgjdep/data/808048171/attachments/att2PqeYgb2j5Gqdf5wxt3qz/,,OK,808048171,54badb74-76c0-4eb3-aa35-ba5b17df98ca,2026-07-11T06:16:30,Approved,,submitted_via_web,,vT2oC7jQuFP8YdZrDnQt8Y,,uuid:b5c94de4-8433-4fd2-ae2f-fec7583fa97c,Mod Foundation,South,Koramangala Challaghatta Valley,K200,,394,yes
426,2026-07-11T11:28:17.205+05:30,2026-07-24T12:04:10.174+05:30,,,"Yes, I feel safe to conduct the audit.",A69,Right hand side (RHS),5,K200,12.9171706 77.6239534 824.3999633789062 4.953,12.9171706,77.6239534,824.3999633789062,4.953,2026-07-11T11:29:00.000+05:30,,Open channel ,Road adjacent (without footpath),No work,0,0,0,0,1,0,,No,1783749598205.jpg,https://kf.kobotoolbox.org/api/v2/assets/aNoHPR2idd3ffmVBFgjdep/data/808048249/attachments/att4ayYTykYYw9AN28WtAFSx/,residential and company offices both,,Retaining wall intact ,4,"No, there is no fence ",Reinforced Cement Concrete (RCC),1783749677167.jpg,https://kf.kobotoolbox.org/api/v2/assets/aNoHPR2idd3ffmVBFgjdep/data/808048249/attachments/attCY5b62D77mwJmFWTgJaew/,,"Vehicular, I can see vehicles on the bridge",0,1,0,0,Unobstructed (clear path),0,0,0,0,0,1,0,,1783749730290.jpg,https://kf.kobotoolbox.org/api/v2/assets/aNoHPR2idd3ffmVBFgjdep/data/808048249/attachments/attr3qA67kFHZPBFSHg8VFcJ/,No,0,1783749792038.jpg,https://kf.kobotoolbox.org/api/v2/assets/aNoHPR2idd3ffmVBFgjdep/data/808048249/attachments/attTujDsq8YWt2r5cNdZjX54/,,,Yes,1783749822184.jpg,https://kf.kobotoolbox.org/api/v2/assets/aNoHPR2idd3ffmVBFgjdep/data/808048249/attachments/attNiNL4hw7wc8FvxyfSTSpR/,No,1783749853295.jpg,https://kf.kobotoolbox.org/api/v2/assets/aNoHPR2idd3ffmVBFgjdep/data/808048249/attachments/attSxho5w6TsLjzYRihsz4Jy/,No,1783749853295-12_3_58.jpg,https://kf.kobotoolbox.org/api/v2/assets/aNoHPR2idd3ffmVBFgjdep/data/808048249/attachments/attiMpFDe9VguyEMiuWNUcHV/,,OK,808048249,1cd344f3-ccde-423f-bf42-b301ff2a44f9,2026-07-11T06:16:45,Approved,,submitted_via_web,,vT2oC7jQuFP8YdZrDnQt8Y,,uuid:546f683e-0348-41e1-934f-2af2a5e710fd,Mod Foundation,South,Koramangala Challaghatta Valley,K200,,395,yes
427,2026-07-11T10:34:56.969+05:30,2026-07-24T12:11:11.905+05:30,,,"Yes, I feel safe to conduct the audit.",A70,Left hand side (LHS),2,K200,12.9165886 77.6292179 812.5999755859375 25.576,12.9165886,77.6292179,812.5999755859375,25.576,2026-07-11T10:36:00.000+05:30,,Open channel ,Ring road adjacent,No work,0,0,0,0,1,0,,Yes,1783746416076.jpg,https://kf.kobotoolbox.org/api/v2/assets/aNoHPR2idd3ffmVBFgjdep/data/808050353/attachments/attDAf7myAxbHKQyUDuzUC8W/,"Residential area

Light is abundant

No industries
Street is thoroughfare

No STP or treatment",,Retaining wall intact ,5.8,"Yes, covered only on sides",Reinforced Cement Concrete (RCC),1783746494377.jpg,https://kf.kobotoolbox.org/api/v2/assets/aNoHPR2idd3ffmVBFgjdep/data/808050353/attachments/attrzeaJmyzX4C5pQzTjKvpZ/,,"Vehicular, I can see vehicles on the bridge",0,1,0,0,Unobstructed (clear path),0,0,0,0,0,1,0,,1783746546906.jpg,https://kf.kobotoolbox.org/api/v2/assets/aNoHPR2idd3ffmVBFgjdep/data/808050353/attachments/atttbGwvpRRRgzLiotRPwnPu/,Yes,1,1783746587587.jpg,https://kf.kobotoolbox.org/api/v2/assets/aNoHPR2idd3ffmVBFgjdep/data/808050353/attachments/attj5dnJLiaQYJTNiS94uCa5/,,,No,1783746416076-12_7_52.jpg,https://kf.kobotoolbox.org/api/v2/assets/aNoHPR2idd3ffmVBFgjdep/data/808050353/attachments/attwPcYNPUgPxHtuKHwpeym2/,No,1783746587587-12_7_59.jpg,https://kf.kobotoolbox.org/api/v2/assets/aNoHPR2idd3ffmVBFgjdep/data/808050353/attachments/attUDfpJBfX4EG828XbvoJQ5/,No,1783746532816-12_9_43.jpg,https://kf.kobotoolbox.org/api/v2/assets/aNoHPR2idd3ffmVBFgjdep/data/808050353/attachments/attwrrTBajYExmrkMRbQP3b3/,,OK,808050353,0bdf8f3e-ac7f-46c2-84bb-d29ff131e206,2026-07-11T06:22:40,Approved,,submitted_via_web,,vT2oC7jQuFP8YdZrDnQt8Y,,uuid:e70c4b7a-134f-46f0-ba9a-610bcd406ee0,Mod Foundation,South,Koramangala Challaghatta Valley,K200,,396,yes
428,2026-07-11T11:30:15.151+05:30,2026-07-24T13:59:48.597+05:30,,,"Yes, I feel safe to conduct the audit.",A70,Left hand side (LHS),5,K200,12.91738 77.623778 811.8999633789062 64.288,12.91738,77.623778,811.8999633789062,64.288,2026-07-11T11:30:00.000+05:30,,Open channel ,Ring road adjacent,No work,0,0,0,0,1,0,,No,1783749769944.jpg,https://kf.kobotoolbox.org/api/v2/assets/aNoHPR2idd3ffmVBFgjdep/data/808050792/attachments/attjXc4927peHPdCE6xdb4k2/,Metro construction,,Retaining wall intact ,6,"No, there is no fence ",Reinforced Cement Concrete (RCC),1783749848206.jpg,https://kf.kobotoolbox.org/api/v2/assets/aNoHPR2idd3ffmVBFgjdep/data/808050792/attachments/attUhV33knzYKsCBpS37TfZD/,,"Vehicular, I can see vehicles on the bridge",0,1,0,0,Unobstructed (clear path),0,0,0,0,0,1,0,,1783749889133.jpg,https://kf.kobotoolbox.org/api/v2/assets/aNoHPR2idd3ffmVBFgjdep/data/808050792/attachments/attD3iEqSNsnVV8a7VzjBR7f/,No,0,Screenshot 2026-07-24 122628-12_26_47.jpg,https://kf.kobotoolbox.org/api/v2/assets/aNoHPR2idd3ffmVBFgjdep/data/808050792/attachments/att7DYYycwNfrKydmLp9SYH6/,,,Yes,1783749769944-12_28_34.jpg,https://kf.kobotoolbox.org/api/v2/assets/aNoHPR2idd3ffmVBFgjdep/data/808050792/attachments/attSGHbHqn7Qp5wkVWr7qQSw/,Yes,1783749975372.jpg,https://kf.kobotoolbox.org/api/v2/assets/aNoHPR2idd3ffmVBFgjdep/data/808050792/attachments/attVKFiMcejgyVPnVr6LPuAQ/,No,1783749975372-12_28_52.jpg,https://kf.kobotoolbox.org/api/v2/assets/aNoHPR2idd3ffmVBFgjdep/data/808050792/attachments/attbawZFguHSVK7S7EoNSdDc/,Public toilet and bath next to drain. Not sure if in working condition,OK,808050792,97b3518e-e1da-4bea-8ef2-e54ca0d7ef49,2026-07-11T06:24:08,Approved,,submitted_via_web,,vT2oC7jQuFP8YdZrDnQt8Y,,uuid:33564081-823d-45dc-b7c3-248782cc30ee,Mod Foundation,South,Koramangala Challaghatta Valley,K200,,397,yes
429,,2026-07-23T17:52:49.076+05:30,,,"Yes, I feel safe to conduct the audit.",A72,Left hand side (LHS),1,V200,12.993947 77.523189 0 0,12.993947,77.523189,0,0,2026-07-18T10:30:00.000+05:30,,Open channel ,Property adjacent (abutting buildings),No work,0,0,0,0,1,0,,No,1784352330157.jpg,https://kf.kobotoolbox.org/api/v2/assets/aNoHPR2idd3ffmVBFgjdep/data/814851581/attachments/atthLv8TCzWEhkpaXW7yfpyZ/,Predominantly residential area in LHS and an industry around the RHS. Street is a cross road and a dead end to the drain,,There is no retaining wall,0,"Yes, covered only on sides",Not applicable,1784352675700.jpg,https://kf.kobotoolbox.org/api/v2/assets/aNoHPR2idd3ffmVBFgjdep/data/814851581/attachments/attNWwTeELpLERCV82YrF6Ju/,,"Not applicable, There is no bridge ",,,,,Not applicable,0,0,0,0,1,0,0,,,,,,,,,,Yes,1784352762452.jpg,https://kf.kobotoolbox.org/api/v2/assets/aNoHPR2idd3ffmVBFgjdep/data/814851581/attachments/attRsitePYfhx73CuUb5jGNY/,No,1784352978635.jpg,https://kf.kobotoolbox.org/api/v2/assets/aNoHPR2idd3ffmVBFgjdep/data/814851581/attachments/attaxq9ePrQSaunTHsitvrrh/,No,1784353028903.jpg,https://kf.kobotoolbox.org/api/v2/assets/aNoHPR2idd3ffmVBFgjdep/data/814851581/attachments/attFebVG9wXAJsDLmVezYfVF/,Lot of solid waste thrown around the drain and inside the drain my locals and the fence is broken,OK,814851581,2ebe943f-0d48-4e8d-8ef7-1adb79c053f0,2026-07-18T14:35:35,Approved,,submitted_via_web,,vT2oC7jQuFP8YdZrDnQt8Y,,uuid:e3e6ddeb-6249-41ca-86ae-30ff2d2e1c8f,Mod Foundation,West,Vrishabhavati Valley,V200,,398,yes
430,,2026-07-23T17:56:18.906+05:30,,,"Yes, I feel safe to conduct the audit.",A72,Left hand side (LHS),2,V200,12.99215990 77.52226739 855.6965829683 15.854,12.9921599,77.52226739,855.696583,15.854,2026-07-18T10:45:00.000+05:30,,Open channel ,Property adjacent (abutting buildings),No work,0,0,0,0,1,0,,No,1784354243378-17_55_25.jpg,https://kf.kobotoolbox.org/api/v2/assets/aNoHPR2idd3ffmVBFgjdep/data/814851592/attachments/attD6EfGXSrMZabcj2AiFzPe/,Predominantly residential area; RHS is bus maintenance depot.,,Retaining wall intact ,9,"No, there is no fence ",Reinforced Cement Concrete (RCC),1784354205379.jpg,https://kf.kobotoolbox.org/api/v2/assets/aNoHPR2idd3ffmVBFgjdep/data/814851592/attachments/attxbY62KJ6xfzviS8pgMyQz/,,"Not applicable, There is no bridge ",,,,,Not applicable,0,0,0,0,1,0,0,,,,,,,,,,Yes,1784354243378.jpg,https://kf.kobotoolbox.org/api/v2/assets/aNoHPR2idd3ffmVBFgjdep/data/814851592/attachments/attDoNf76HeK5fZ7FMZPBMzL/,No,1784354341287-17_56_6.jpg,https://kf.kobotoolbox.org/api/v2/assets/aNoHPR2idd3ffmVBFgjdep/data/814851592/attachments/attFzfLj6FBUNneRPDnooxyd/,Yes,1784354341287.jpg,https://kf.kobotoolbox.org/api/v2/assets/aNoHPR2idd3ffmVBFgjdep/data/814851592/attachments/att5X45jJeHp3RRNBYTJKBPp/,Roadside drain is connected to the swd and manholes is covered with waste,OK,814851592,4af77cbd-a000-4f18-9b6b-90292904bfc7,2026-07-18T14:35:36,Approved,,submitted_via_web,,vT2oC7jQuFP8YdZrDnQt8Y,,uuid:34251dd3-3cc2-4b9a-b11e-2a9a238a841c,Mod Foundation,West,Vrishabhavati Valley,V200,,399,yes
431,,2026-07-24T11:11:11.724+05:30,,,"Yes, I feel safe to conduct the audit.",A72,Left hand side (LHS),4,V200,12.98703229 77.52025990 854.4009729344 39.994,12.98703229,77.5202599,854.4009729,39.994,2026-07-18T12:00:00.000+05:30,,Open channel ,Property adjacent (with building setbacks),No work,0,0,0,0,1,0,,Yes,Screenshot 2026-07-24 110041-11_7_32.png,https://kf.kobotoolbox.org/api/v2/assets/aNoHPR2idd3ffmVBFgjdep/data/814851604/attachments/attjjPab4j2t9NFhUUqEj3wv/,Industrial buildings are abutting the SWD on LHS. The main road crosses the SWD at this point.,,Retaining wall intact ,1,"Yes, covered only on sides",Reinforced Cement Concrete (RCC),1784357422045.jpg,https://kf.kobotoolbox.org/api/v2/assets/aNoHPR2idd3ffmVBFgjdep/data/814851604/attachments/attD8RifGBBaBRzYiDBakCPQ/,,"Vehicular, I can see vehicles on the bridge",0,0,1,0,Unobstructed (clear path),0,0,0,0,0,1,0,,1784357550195.jpg,https://kf.kobotoolbox.org/api/v2/assets/aNoHPR2idd3ffmVBFgjdep/data/814851604/attachments/attHjNeAZwZmaRFHsoJWYJLa/,No,0,1784357911232.jpg,https://kf.kobotoolbox.org/api/v2/assets/aNoHPR2idd3ffmVBFgjdep/data/814851604/attachments/attL3qhwDwjHCxYyMwHRCVuE/,,,Yes,1784357931877.jpg,https://kf.kobotoolbox.org/api/v2/assets/aNoHPR2idd3ffmVBFgjdep/data/814851604/attachments/att5qJP9QhGc9UG9Uj7jgnmv/,Yes,1784357971335.jpg,https://kf.kobotoolbox.org/api/v2/assets/aNoHPR2idd3ffmVBFgjdep/data/814851604/attachments/attpeG2ehn8notVz9d8zPzoD/,Yes,1784357987138.jpg,https://kf.kobotoolbox.org/api/v2/assets/aNoHPR2idd3ffmVBFgjdep/data/814851604/attachments/attjQ2HPhiCb9DL5QdnTBJkq/,Manhole is not covered,OK,814851604,42b83a08-3aa8-4e28-91da-553c3fe52e5c,2026-07-18T14:35:37,Approved,,submitted_via_web,,vT2oC7jQuFP8YdZrDnQt8Y,,uuid:2435ab6c-cdff-4892-8f80-c922fd67b48b,Mod Foundation,West,Vrishabhavati Valley,V200,,400,yes
432,,2026-07-23T17:58:18.650+05:30,,,"Yes, I feel safe to conduct the audit.",A72,Left hand side (LHS),3,V200,12.99058917 77.52130883 855.3730268962 34.911,12.99058917,77.52130883,855.3730269,34.911,2026-07-18T11:00:00.000+05:30,,Open channel ,Property adjacent (abutting buildings),No work,0,0,0,0,1,0,,No,1784355355200.jpg,https://kf.kobotoolbox.org/api/v2/assets/aNoHPR2idd3ffmVBFgjdep/data/814851607/attachments/attmJ8BKav7pKEfUF7JWbdLv/,"predominantly residential area, presence of community, Street is dead end to the drain.",,Retaining wall intact ,7,"No, there is no fence ",Reinforced Cement Concrete (RCC),1784355445529.jpg,https://kf.kobotoolbox.org/api/v2/assets/aNoHPR2idd3ffmVBFgjdep/data/814851607/attachments/attu82TYM5zTVwNfhRQQXtdd/,,"Not applicable, There is no bridge ",,,,,Not applicable,0,0,0,0,1,0,0,,,,,,,,,,No,1784355495350.jpg,https://kf.kobotoolbox.org/api/v2/assets/aNoHPR2idd3ffmVBFgjdep/data/814851607/attachments/attMjrhcPwx4cr2fcpKnB7H2/,No,1784355533853.jpg,https://kf.kobotoolbox.org/api/v2/assets/aNoHPR2idd3ffmVBFgjdep/data/814851607/attachments/attGNbLNs4MqDZtNoWRa8Tta/,Yes,1784355546581.jpg,https://kf.kobotoolbox.org/api/v2/assets/aNoHPR2idd3ffmVBFgjdep/data/814851607/attachments/attzzSG7REUzjqAeFonkTEve/,Roadside drain along the SWD,OK,814851607,7064b3a9-40ad-4662-8fac-481e34cc0a27,2026-07-18T14:35:37,Approved,,submitted_via_web,,vT2oC7jQuFP8YdZrDnQt8Y,,uuid:db042d26-557c-4481-8138-2d6db599d911,Mod Foundation,West,Vrishabhavati Valley,V200,,401,yes
433,2026-07-25T10:36:34.449+05:30,2026-08-19T16:23:18.677+05:30,,,"Yes, I feel safe to conduct the audit.",A80,Right hand side (RHS),1,V305,12.9183967 77.540555 777.8999633789062 3.3,12.9183967,77.540555,777.8999633789062,3.3,2026-07-25T10:39:00.000+05:30,,Open channel ,Property adjacent (abutting buildings),No work,0,0,0,0,1,0,,Yes,Screenshot 2026-08-19 162203-16_22_31.jpg,https://kf.kobotoolbox.org/api/v2/assets/aNoHPR2idd3ffmVBFgjdep/data/821109823/attachments/attFfwBpjociGo8x25gojZYG/,It's shady. A lot of garbage.,,There is no retaining wall,0,"No, there is no fence ",Reinforced Cement Concrete (RCC),1784956247027-16_22_49.jpg,https://kf.kobotoolbox.org/api/v2/assets/aNoHPR2idd3ffmVBFgjdep/data/821109823/attachments/attzHLvtpe8PBjPvuLyW6tCj/,"Not applicable, There is no bridge ",,,,,,Not applicable,0,0,0,0,1,,,,,,,,,,,,No,Screenshot 2026-08-19 162203-16_23_16.jpg,https://kf.kobotoolbox.org/api/v2/assets/aNoHPR2idd3ffmVBFgjdep/data/821109823/attachments/attJUV22TMFeYMp6hbT2rPPL/,No,1784956351709-16_12_40.jpg,https://kf.kobotoolbox.org/api/v2/assets/aNoHPR2idd3ffmVBFgjdep/data/821109823/attachments/attY99WNyQnqBArBmU8ihUfL/,Cannot see inside the drain.,,,,OK,821109823,167273fb-36ec-4ea6-8aac-9811b7950dee,2026-07-25T05:14:46,Approved,,submitted_via_web,,vT2oC7jQuFP8YdZrDnQt8Y,,uuid:e1024fab-65db-42c3-b053-51c4f52f2827,,West,Vrishabhavati Valley,V305,,402,yes
434,2026-07-25T10:27:35.983+05:30,2026-08-21T14:53:27.272+05:30,,,"Yes, I feel safe to conduct the audit.",A81,Left hand side (LHS),6,V302,12.9303377 77.5638424 820.7999877929688 4.47,12.9303377,77.5638424,820.7999877929688,4.47,2026-07-25T10:30:00.000+05:30,,Open channel ,Road adjacent (without footpath),No work,0,0,0,0,1,0,,Yes,1784956315831.jpg,https://kf.kobotoolbox.org/api/v2/assets/aNoHPR2idd3ffmVBFgjdep/data/821110075/attachments/attwpMnBZtGYEPWZ4ECDWVth/,"There is a hotel, buildings along side and some street vendors.",,Retaining wall intact ,6,"Yes, covered only on sides",Reinforced Cement Concrete (RCC),A81_1784956315831-14_44_1.jpg,https://kf.kobotoolbox.org/api/v2/assets/aNoHPR2idd3ffmVBFgjdep/data/821110075/attachments/attSPNvFT8SenC6ZkPktByj6/,"Vehicular, I can see vehicles on the bridge",Intact footpath and fence ,0,0,1,0,Unobstructed (clear path) Not applicable,1,0,0,0,1,,,,A81_ BRIDGE Capture-14_47_49.JPG,https://kf.kobotoolbox.org/api/v2/assets/aNoHPR2idd3ffmVBFgjdep/data/821110075/attachments/attMMKwdQ9xRvYNCEnVhM2nQ/,No,0,A81_1784957864649-14_51_32.jpg,https://kf.kobotoolbox.org/api/v2/assets/aNoHPR2idd3ffmVBFgjdep/data/821110075/attachments/attxhKyrdFDVRZ4hKyHxLsfE/,,,No,,,No,,,No,,,Water is not flowing in narrow path not spread across the width of SWD completely,OK,821110075,6416ee8c-8d6c-4677-be05-d61a5c095cfd,2026-07-25T05:15:29,Approved,,submitted_via_web,,vT2oC7jQuFP8YdZrDnQt8Y,,uuid:c3852534-48f1-457b-8d66-6ee72297bce2,,West,Vrishabhavati Valley,V302,,403,yes
435,2026-07-25T10:49:18.635+05:30,2026-08-21T15:18:26.675+05:30,,,"Yes, I feel safe to conduct the audit.",A81,Left hand side (LHS),7,V302,12.9301885 77.5647381 821.2000122070312 4.718,12.9301885,77.5647381,821.2000122070312,4.718,2026-07-25T10:50:00.000+05:30,,Open channel ,Road adjacent (without footpath),No work,0,0,0,0,1,0,,Yes,1784957001171.jpg,https://kf.kobotoolbox.org/api/v2/assets/aNoHPR2idd3ffmVBFgjdep/data/821114944/attachments/att6b2k7JqVTMSidcTcN9t4g/,,,Retaining wall intact ,6,"Yes, covered only on sides",Reinforced Cement Concrete (RCC),1784957123361.jpg,https://kf.kobotoolbox.org/api/v2/assets/aNoHPR2idd3ffmVBFgjdep/data/821114944/attachments/attsd4dXn69jnEM2UtU4L6Mj/,"Not applicable, There is no bridge ",,,,,,Not applicable,0,0,0,0,1,,,,,,,,,,,,No,A81_1784957001171-15_15_41.jpg,https://kf.kobotoolbox.org/api/v2/assets/aNoHPR2idd3ffmVBFgjdep/data/821114944/attachments/attBTQ3ZzgdQGczX8RJC5fqz/,No,A81_1784957864649-15_17_9.jpg,https://kf.kobotoolbox.org/api/v2/assets/aNoHPR2idd3ffmVBFgjdep/data/821114944/attachments/attnJCtcW8odWjwtVCi9H5DQ/,Cannot see inside the drain.,,,No,OK,821114944,ceb15154-c060-4d8e-b568-1234575d434a,2026-07-25T05:27:50,Approved,,submitted_via_web,,vT2oC7jQuFP8YdZrDnQt8Y,,uuid:a37bc986-4b74-4be7-9d73-15409336ff65,,West,Vrishabhavati Valley,V302,,404,yes
436,2026-07-25T10:59:42.259+05:30,2026-08-21T15:24:16.781+05:30,,,"Yes, I feel safe to conduct the audit.",A81,Right hand side (RHS),5,V302,12.9302613 77.5649057 822.5 4.874,12.9302613,77.5649057,822.5,4.874,2026-07-25T11:02:00.000+05:30,,Open channel ,Road adjacent (without footpath),No work,0,0,0,0,1,0,,Yes,1784957624421.jpg,https://kf.kobotoolbox.org/api/v2/assets/aNoHPR2idd3ffmVBFgjdep/data/821119361/attachments/attHkRsHowLZCryeTMSSD9PC/,Silent and residential,,Retaining wall intact ,7,"Yes, covered only on sides",Reinforced Cement Concrete (RCC),1784957680971.jpg,https://kf.kobotoolbox.org/api/v2/assets/aNoHPR2idd3ffmVBFgjdep/data/821119361/attachments/attjk7Qu867bofgvNzhe4zN9/,"Pedestrian, I see only people walking on the bridge",Intact footpath and fence ,0,0,1,0,Unobstructed (clear path),1,0,0,0,0,,,,1784957825397.jpg,https://kf.kobotoolbox.org/api/v2/assets/aNoHPR2idd3ffmVBFgjdep/data/821119361/attachments/attpPaQqkaG6V2TfaaMaHa7B/,No,0,1784957864649.jpg,https://kf.kobotoolbox.org/api/v2/assets/aNoHPR2idd3ffmVBFgjdep/data/821119361/attachments/att8psA5XX2gzZ7TyWjqGqLZ/,,,No,,,No,,,No,,,,OK,821119361,a8e59679-9a2c-4158-9859-854710d22258,2026-07-25T05:39:11,Approved,,submitted_via_web,,vT2oC7jQuFP8YdZrDnQt8Y,,uuid:fbf739a7-e37d-46f7-9eb1-4bd417ce831e,,West,Vrishabhavati Valley,V302,,405,yes
437,2026-07-25T11:10:20.802+05:30,2026-08-21T15:37:34.020+05:30,,,"Yes, I feel safe to conduct the audit.",A81,Left hand side (LHS),8,V302,12.9300113 77.5654686 823.5 4.208,12.9300113,77.5654686,823.5,4.208,2026-07-25T11:11:00.000+05:30,,Open channel ,Road adjacent (without footpath),No work,0,0,0,0,1,0,,Yes,1784958145723.jpg,https://kf.kobotoolbox.org/api/v2/assets/aNoHPR2idd3ffmVBFgjdep/data/821121469/attachments/attjZpXMgS5cVxBaWzPCQD9C/,There are buildings alongside and there is a transformer in the other side of this point,,Retaining wall intact ,7,"Yes, covered only on sides",Reinforced Cement Concrete (RCC),1784958219699.jpg,https://kf.kobotoolbox.org/api/v2/assets/aNoHPR2idd3ffmVBFgjdep/data/821121469/attachments/att6mWWFr3xKyQaH7WBASC4h/,"Not applicable, There is no bridge ",,,,,,Not applicable,0,0,0,0,1,,,,,,,,,,,,No,,,Cannot see inside the drain.,,,Cannot see inside the drain.,,,,OK,821121469,584afe9e-bc59-48b1-afad-508a3da769df,2026-07-25T05:44:42,Approved,,submitted_via_web,,vT2oC7jQuFP8YdZrDnQt8Y,,uuid:77fa6e64-d520-4a38-b5c7-f873234c8fd3,,West,Vrishabhavati Valley,V302,,406,yes
438,2026-07-25T11:17:49.415+05:30,2026-08-21T15:52:49.657+05:30,,,"Yes, I feel safe to conduct the audit.",A81,Left hand side (LHS),3,V302,12.9298517 77.5665733 824.7000122070312 3.7,12.9298517,77.5665733,824.7000122070312,3.7,2026-07-25T11:18:00.000+05:30,,Open channel ,Road adjacent (without footpath),No work,0,0,0,0,1,0,,Yes,1784958532758.jpg,https://kf.kobotoolbox.org/api/v2/assets/aNoHPR2idd3ffmVBFgjdep/data/821127106/attachments/attbwxzFivKfuh8GKxy4q7N8/,,,Retaining wall intact ,3,"Yes, covered only on sides",Reinforced Cement Concrete (RCC),1784958573510.jpg,https://kf.kobotoolbox.org/api/v2/assets/aNoHPR2idd3ffmVBFgjdep/data/821127106/attachments/attsynsF2EuPoRcPFZzs7McP/,"Vehicular, I can see vehicles on the bridge",Intact footpath and fence ,0,0,1,0,Unobstructed (clear path),1,0,0,0,0,,,,1784958605499.jpg,https://kf.kobotoolbox.org/api/v2/assets/aNoHPR2idd3ffmVBFgjdep/data/821127106/attachments/attHaAxxW3nQNoVLhYH33g62/,Yes,1,1784958638565.jpg,https://kf.kobotoolbox.org/api/v2/assets/aNoHPR2idd3ffmVBFgjdep/data/821127106/attachments/attfYJLZHFibsKkdQaxBMHdo/,,,No,A1_Capture_PT 3-15_48_32.JPG,https://kf.kobotoolbox.org/api/v2/assets/aNoHPR2idd3ffmVBFgjdep/data/821127106/attachments/attb9jYYSpwMG5MTnAELEBLv/,No,,,No,,,,OK,821127106,023bd19f-7b8a-4dae-8a75-8358dbd6394d,2026-07-25T05:56:58,Approved,,submitted_via_web,,vT2oC7jQuFP8YdZrDnQt8Y,,uuid:d08fd2fb-8d49-4424-97f5-405463dc100a,,West,Vrishabhavati Valley,V302,,407,yes
439,2026-07-25T11:31:19.638+05:30,2026-08-21T16:09:58.333+05:30,,,"Yes, I feel safe to conduct the audit.",A81,Right hand side (RHS),2,V302,12.9297902 77.5680203 826.2000122070312 4.897,12.9297902,77.5680203,826.2000122070312,4.897,2026-07-25T11:31:00.000+05:30,,Open channel ,Road adjacent (without footpath),No work,0,0,0,0,1,0,,No,1784959389326.jpg,https://kf.kobotoolbox.org/api/v2/assets/aNoHPR2idd3ffmVBFgjdep/data/821131188/attachments/att4kfL46egxuywD8dp7zvSh/,There are lot of street vendors on one side of the tree,,There is no retaining wall,0,"Yes, covered only on sides",Not applicable,1784959496585.jpg,https://kf.kobotoolbox.org/api/v2/assets/aNoHPR2idd3ffmVBFgjdep/data/821131188/attachments/attKLhnFdr9H46P7nfXLX4Tj/,"Vehicular, I can see vehicles on the bridge",Intact footpath and fence ,0,0,1,0,Unobstructed (clear path),1,0,0,0,0,,,,A81_PT2-16_4_46.JPG,https://kf.kobotoolbox.org/api/v2/assets/aNoHPR2idd3ffmVBFgjdep/data/821131188/attachments/attP9RaCuJcxN4fqYe97kgaE/,Not applicable,1,,,,,Yes,A81_PT2_ELECTRICAL LINE-16_9_9.JPG,https://kf.kobotoolbox.org/api/v2/assets/aNoHPR2idd3ffmVBFgjdep/data/821131188/attachments/atto5fkx4CedjUxy7yBU4ZmE/,No,,,No,,,,OK,821131188,3bd1d824-959e-43b7-b90a-160e9e8e6968,2026-07-25T06:06:27,Approved,,submitted_via_web,,vT2oC7jQuFP8YdZrDnQt8Y,,uuid:53aa3ba6-46d5-4d59-a247-f07d8d9c55a2,,West,Vrishabhavati Valley,V302,,408,yes
440,2026-07-25T11:03:36.491+05:30,2026-07-25T11:40:06.820+05:30,,,"Yes, I feel safe to conduct the audit.",A76,Left hand side (LHS),1,V305,12.9230849 77.5402013 773.2999877929688 4.602,12.9230849,77.5402013,773.2999877929688,4.602,2026-07-25T11:05:00.000+05:30,,Open channel ,Road adjacent (without footpath),No work,0,0,0,0,1,0,,No,1784959153608.jpg,https://kf.kobotoolbox.org/api/v2/assets/aNoHPR2idd3ffmVBFgjdep/data/821133088/attachments/att8oPddGjRxAHebLUHfkLRA/,The road is wide and clean . ,,Retaining wall intact ,4.11,"Yes, covered only on sides",Reinforced Cement Concrete (RCC),1784959380975.jpg,https://kf.kobotoolbox.org/api/v2/assets/aNoHPR2idd3ffmVBFgjdep/data/821133088/attachments/attnXkL7JX7V3ec4wMMjpFn8/,"Vehicular, I can see vehicles on the bridge",Broken or missing footpath,0,1,0,0,Obstructed path (solid waste) Obstructed path (parking),0,1,1,0,0,,,,1784959519857.jpg,https://kf.kobotoolbox.org/api/v2/assets/aNoHPR2idd3ffmVBFgjdep/data/821133088/attachments/attzUMidNJXKr78LJPTsELRv/,No,0,1784959580601.jpg,https://kf.kobotoolbox.org/api/v2/assets/aNoHPR2idd3ffmVBFgjdep/data/821133088/attachments/attQ6xfXAy4JPkaQ7CzVdya7/,,,Yes,1784959613959.jpg,https://kf.kobotoolbox.org/api/v2/assets/aNoHPR2idd3ffmVBFgjdep/data/821133088/attachments/attALNkwdNPFbpZPxsex3ypJ/,No,1784959725566.jpg,https://kf.kobotoolbox.org/api/v2/assets/aNoHPR2idd3ffmVBFgjdep/data/821133088/attachments/attAkGJjkBwtYJvwDjBFRpcg/,Yes,1784959762305.jpg,https://kf.kobotoolbox.org/api/v2/assets/aNoHPR2idd3ffmVBFgjdep/data/821133088/attachments/attRJ6yi4s8DeFMvTmWhambq/,Poorly maintained. Lots of garbage. ,OK,821133088,10af2ff1-dfe2-453d-b12d-2d9158df896c,2026-07-25T06:10:34,Approved,,submitted_via_web,,vT2oC7jQuFP8YdZrDnQt8Y,,uuid:10af2ff1-dfe2-453d-b12d-2d9158df896c,,West,Vrishabhavati Valley,V305,,409,yes
441,2026-07-25T10:26:50.419+05:30,2026-08-18T12:14:15.739+05:30,,,"Yes, I feel safe to conduct the audit.",A73,Left hand side (LHS),1,H300,13.0383019 77.6263165 812.8999633789062 3.79,13.0383019,77.6263165,812.8999633789062,3.79,2026-07-25T10:27:00.000+05:30,,Open channel ,Road adjacent (without footpath),No work,0,0,0,0,1,0,,Yes,1784955584098.jpg,https://kf.kobotoolbox.org/api/v2/assets/aNoHPR2idd3ffmVBFgjdep/data/821134494/attachments/attafanZD2d5n6zvh6EtbiBa/,A small store by the drain and a lot of construction material,,Retaining wall intact ,3,"Yes, covered only on sides",Reinforced Cement Concrete (RCC),1784955771801.jpg,https://kf.kobotoolbox.org/api/v2/assets/aNoHPR2idd3ffmVBFgjdep/data/821134494/attachments/attsQmzgHcsoxV98VquLZJxx/,"Vehicular, I can see vehicles on the bridge",Broken or missing footpath,0,1,0,0,Obstructed path (solid waste),0,1,0,0,0,,,,1784955888620.jpg,https://kf.kobotoolbox.org/api/v2/assets/aNoHPR2idd3ffmVBFgjdep/data/821134494/attachments/atttcuDKdenTVsyUkZr7fPxL/,Yes,2,1784955921071.jpg,https://kf.kobotoolbox.org/api/v2/assets/aNoHPR2idd3ffmVBFgjdep/data/821134494/attachments/attrymsWZoaqtiVKQTEi2n3z/,,,Yes,1784955942477.jpg,https://kf.kobotoolbox.org/api/v2/assets/aNoHPR2idd3ffmVBFgjdep/data/821134494/attachments/attsM6NqQjUmkCmRtsDHHFoE/,No,1784955998147.jpg,https://kf.kobotoolbox.org/api/v2/assets/aNoHPR2idd3ffmVBFgjdep/data/821134494/attachments/attKCC89WKpyAz7nC9K2h5Wf/,No,1784955998147-12_13_55.jpg,https://kf.kobotoolbox.org/api/v2/assets/aNoHPR2idd3ffmVBFgjdep/data/821134494/attachments/attbfFgArb8Tb8AAHREve554/,,OK,821134494,8c6675b9-21e3-4411-bba8-ffe5311c1980,2026-07-25T06:13:52,Approved,,submitted_via_web,,vT2oC7jQuFP8YdZrDnQt8Y,,uuid:2fd596f6-d46c-48b5-9a7a-515df4559d30,,North,Hebbal Nagawara Valley,H300,,410,yes
442,2026-07-25T11:39:48.884+05:30,2026-08-21T17:03:24.700+05:30,,,"Yes, I feel safe to conduct the audit.",A81,Right hand side (RHS),1,V302,12.9299362 77.5695578 826.7000122070312 3.76,12.9299362,77.5695578,826.7000122070312,3.76,2026-07-25T11:40:00.000+05:30,,Open channel ,Road adjacent (without footpath),No work,0,0,0,0,1,0,,Yes,Screenshot 2026-08-18 155659-16_19_59.jpg,https://kf.kobotoolbox.org/api/v2/assets/aNoHPR2idd3ffmVBFgjdep/data/821135497/attachments/attwCfRcnqLxApeovPWAvusv/,"SWD is covered beyond this point, encroached for property entries.",,Retaining wall intact ,1.5,"Yes, covered on sides and top",Reinforced Cement Concrete (RCC),Screenshot 2026-08-18 162429-16_25_6.jpg,https://kf.kobotoolbox.org/api/v2/assets/aNoHPR2idd3ffmVBFgjdep/data/821135497/attachments/attMRNAw6aJVRDbDniFBwefh/,"Pedestrian, I see only people walking on the bridge",Intact footpath and fence ,0,0,1,0,Obstructed path (other),0,0,0,1,0,,,Bollards,1784960013673.jpg,https://kf.kobotoolbox.org/api/v2/assets/aNoHPR2idd3ffmVBFgjdep/data/821135497/attachments/att2ghapAa4RqaRbfvNgPnZR/,Yes,2,A81_PT1_piers-16_23_9.jpg,https://kf.kobotoolbox.org/api/v2/assets/aNoHPR2idd3ffmVBFgjdep/data/821135497/attachments/atteKCSx9weV7iLJNPLLCWRQ/,,,Yes,A81_PT1-16_21_20.JPG,https://kf.kobotoolbox.org/api/v2/assets/aNoHPR2idd3ffmVBFgjdep/data/821135497/attachments/attjSmqprdk9HdhLeR3EV7GV/,No,1784959919529 (1)-16_29_59.jpg,https://kf.kobotoolbox.org/api/v2/assets/aNoHPR2idd3ffmVBFgjdep/data/821135497/attachments/att4jUeK9woQuatGMaU38ViR/,No,1784960104672-16_30_44.jpg,https://kf.kobotoolbox.org/api/v2/assets/aNoHPR2idd3ffmVBFgjdep/data/821135497/attachments/attBdZeVyGLyZPNDY8K8rLbx/,,OK,821135497,82d52338-8fa3-409c-9cd4-465da27653bb,2026-07-25T06:16:33,Approved,,submitted_via_web,,vT2oC7jQuFP8YdZrDnQt8Y,,uuid:374caf74-4a69-4551-aae5-1614fb1f1a5b,,West,Vrishabhavati Valley,V302,,411,yes
443,2026-07-25T10:45:48.950+05:30,2026-08-18T12:32:43.078+05:30,,,"Yes, I feel safe to conduct the audit.",A73,Right hand side (RHS),2,H300,13.038464 77.6269491 810.2000122070312 4.037,13.038464,77.6269491,810.2000122070312,4.037,2026-07-25T10:47:00.000+05:30,,Open channel ,Road adjacent (without footpath),No work,0,0,0,0,1,0,,Yes,1784956704289.jpg,https://kf.kobotoolbox.org/api/v2/assets/aNoHPR2idd3ffmVBFgjdep/data/821137353/attachments/attyQXbhhmJV8RyCahHh4eji/,"Primarly residential, little commercial activity",,Retaining wall intact ,4.5,"Yes, covered only on sides",Reinforced Cement Concrete (RCC),1784956846646.jpg,https://kf.kobotoolbox.org/api/v2/assets/aNoHPR2idd3ffmVBFgjdep/data/821137353/attachments/attmHVfq7GrKvZrNG9JSBymx/,"Not applicable, There is no bridge ",,,,,,Not applicable,0,0,0,0,1,,,,,,,,,,,,No,1784956884298.jpg,https://kf.kobotoolbox.org/api/v2/assets/aNoHPR2idd3ffmVBFgjdep/data/821137353/attachments/attM2vMjahcYiv3dnMUkqe5B/,No,1784956978934-12_32_40.jpg,https://kf.kobotoolbox.org/api/v2/assets/aNoHPR2idd3ffmVBFgjdep/data/821137353/attachments/attyFVvVzeaMpAdGvWin9HAb/,No,1784956978934.jpg,https://kf.kobotoolbox.org/api/v2/assets/aNoHPR2idd3ffmVBFgjdep/data/821137353/attachments/attVwSQfsMt22gytsKM7H7UU/,"Mostly free flowing, little physical obstructions",OK,821137353,7bf67f02-8b72-4af4-94fc-2657d5915f95,2026-07-25T06:20:56,Approved,,submitted_via_web,,vT2oC7jQuFP8YdZrDnQt8Y,,uuid:dd0ba181-49b7-44b2-8d11-7b1fee055ca2,,North,Vrishabhavati Valley,H300,,412,yes
444,2026-07-25T11:53:35.704+05:30,2026-08-21T15:40:33.634+05:30,,,"Yes, I feel safe to conduct the audit.",A81,Right hand side (RHS),4,V302,12.93001 77.5661322 823.5 4.506,12.93001,77.5661322,823.5,4.506,2026-07-25T11:54:00.000+05:30,,Open channel ,Road adjacent (without footpath),No work,0,0,0,0,1,0,,Yes,1784960700119.jpg,https://kf.kobotoolbox.org/api/v2/assets/aNoHPR2idd3ffmVBFgjdep/data/821140133/attachments/attULXNSPPcj5jA8SnG9R8dy/,"There is buildings, and hotels",,Retaining wall intact ,6,"Yes, covered only on sides",Reinforced Cement Concrete (RCC),1784960747107.jpg,https://kf.kobotoolbox.org/api/v2/assets/aNoHPR2idd3ffmVBFgjdep/data/821140133/attachments/attkParfJ5qLC7NgW2NvUMwB/,"Not applicable, There is no bridge ",,,,,,Not applicable,0,0,0,0,1,,,,,,,,,,,,No,,,No,,,No,,,No,OK,821140133,bf6c8bad-4c87-4b1d-b1e2-c3272df7b62d,2026-07-25T06:26:34,Approved,,submitted_via_web,,vT2oC7jQuFP8YdZrDnQt8Y,,uuid:9cd68c73-6332-4f3f-badf-78fe94dd0ca2,,West,Vrishabhavati Valley,V302,,413,yes
445,2026-07-25T11:45:53.604+05:30,2026-08-18T16:59:04.619+05:30,,,"Yes, I feel safe to conduct the audit.",A76,Left hand side (LHS),2,V305,12.9240149 77.5401772 773.2000122070312 6.271,12.9240149,77.5401772,773.2000122070312,6.271,2026-07-25T11:46:00.000+05:30,,Open channel ,Property adjacent (with building setbacks),No work,0,0,0,0,1,0,,No,1784960271970.jpg,https://kf.kobotoolbox.org/api/v2/assets/aNoHPR2idd3ffmVBFgjdep/data/821142177/attachments/att5zpA3wt6hYiWpWXw9XLEy/,The street is discontinued after a point near the drain.,,Retaining wall intact ,6.6,"Yes, covered only on sides",Reinforced Cement Concrete (RCC),1784960574152.jpg,https://kf.kobotoolbox.org/api/v2/assets/aNoHPR2idd3ffmVBFgjdep/data/821142177/attachments/attduqLsayN9D5USv7EgU94d/,"Not applicable, There is no bridge ",,,,,,,,,,,,,,,,,,,,,,,Yes,1784960837529.jpg,https://kf.kobotoolbox.org/api/v2/assets/aNoHPR2idd3ffmVBFgjdep/data/821142177/attachments/attANTFZCzULoZHcFEtPSw3y/,No,1784960823342-16_58_55.jpg,https://kf.kobotoolbox.org/api/v2/assets/aNoHPR2idd3ffmVBFgjdep/data/821142177/attachments/attcJSrt9WRgJT2o3UNrt2CE/,Yes,1784960855247.jpg,https://kf.kobotoolbox.org/api/v2/assets/aNoHPR2idd3ffmVBFgjdep/data/821142177/attachments/attoDbG3dnZ8xJDoUZ5AywXQ/,The drain seems very dirty. And poorly maintained. The area adjoining it is also poorly maintained despite having alot of houses,OK,821142177,0d4f2edb-b47a-45b5-bab0-d19889ba733d,2026-07-25T06:30:00,Approved,,submitted_via_web,,vT2oC7jQuFP8YdZrDnQt8Y,,uuid:c1775bea-99ae-4603-8f79-23329d1bb0cf,,West,Vrishabhavati Valley,V305,,414,yes
446,2026-07-25T12:05:06.620+05:30,2026-08-18T13:51:28.310+05:30,,,"Yes, I feel safe to conduct the audit.",A73,Right hand side (RHS),6,H300,13.0404559 77.6330422 808.5 4.925,13.0404559,77.6330422,808.5,4.925,2026-07-25T12:06:00.000+05:30,,Open channel ,Road adjacent (without footpath),No work,0,0,0,0,1,0,,Yes,1784961526691.jpg,https://kf.kobotoolbox.org/api/v2/assets/aNoHPR2idd3ffmVBFgjdep/data/821148277/attachments/attprNf8NaVuvbMQPL2iYcmt/,"Wide road, no footpath on either side, has residential areas at a setback from the roaf",,Retaining wall intact ,0,"Yes, covered only on sides",Reinforced Cement Concrete (RCC),1784961448502-13_50_41.jpg,https://kf.kobotoolbox.org/api/v2/assets/aNoHPR2idd3ffmVBFgjdep/data/821148277/attachments/attyf9RftmyogyKqv4NNiq57/,"Not applicable, There is no bridge ",,,,,,Not applicable,0,0,0,0,1,,,,,,,,,,,,No,1784961541573-13_51_24.jpg,https://kf.kobotoolbox.org/api/v2/assets/aNoHPR2idd3ffmVBFgjdep/data/821148277/attachments/attS9p4oUYutyEYuEDLVMtN2/,Yes,1784961480369.jpg,https://kf.kobotoolbox.org/api/v2/assets/aNoHPR2idd3ffmVBFgjdep/data/821148277/attachments/attLwKbeFEnJevN2rQypSeW6/,No,1784961449605-13_50_56.jpg,https://kf.kobotoolbox.org/api/v2/assets/aNoHPR2idd3ffmVBFgjdep/data/821148277/attachments/attANAKZRZePvtFSgCy5PNEQ/,Fence is broken near the pipe,OK,821148277,1745ba09-30f6-4eef-a750-e351e5f523ca,2026-07-25T06:40:57,Approved,,submitted_via_web,,vT2oC7jQuFP8YdZrDnQt8Y,,uuid:43f6d3ff-19c7-45e7-9f2c-3458ee625100,,North,Hebbal Nagawara Valley,H300,,415,yes
447,2026-07-25T11:27:20.309+05:30,2026-07-25T11:36:37.512+05:30,,,"Yes, I feel safe to conduct the audit.",A73,Left hand side (LHS),4,H300,13.040009 77.6290688 809.2999877929688 4.892,13.040009,77.6290688,809.2999877929688,4.892,2026-07-25T11:30:00.000+05:30,,Open channel ,Road adjacent (with footpath),No work,0,0,0,0,1,0,,No,1784959343290.jpg,https://kf.kobotoolbox.org/api/v2/assets/aNoHPR2idd3ffmVBFgjdep/data/821148346/attachments/attgQzgXResrnPL3iLX5uhLa/,"Main road, roadside drain along SWD",,Retaining wall intact ,3,"Yes, covered only on sides",Reinforced Cement Concrete (RCC),1784959408278.jpg,https://kf.kobotoolbox.org/api/v2/assets/aNoHPR2idd3ffmVBFgjdep/data/821148346/attachments/atts3wTrv6Uy2n7dhYoUMQPH/,"Vehicular, I can see vehicles on the bridge",Intact footpath and fence ,0,0,1,0,Unobstructed (clear path),1,0,0,0,0,,,,1784959447270.jpg,https://kf.kobotoolbox.org/api/v2/assets/aNoHPR2idd3ffmVBFgjdep/data/821148346/attachments/attEvFKTUWqZXPmWLdwfZKfU/,Yes,2,1784959485341.jpg,https://kf.kobotoolbox.org/api/v2/assets/aNoHPR2idd3ffmVBFgjdep/data/821148346/attachments/attYNqyfFwPtZRWopd7pwKiB/,,,Yes,1784959534292.jpg,https://kf.kobotoolbox.org/api/v2/assets/aNoHPR2idd3ffmVBFgjdep/data/821148346/attachments/attNJ85sjRAwkL6KzhypSVWe/,No,1784959558222.jpg,https://kf.kobotoolbox.org/api/v2/assets/aNoHPR2idd3ffmVBFgjdep/data/821148346/attachments/attpmJD6B7qPdjBuyW96gTWG/,No,1784959586011.jpg,https://kf.kobotoolbox.org/api/v2/assets/aNoHPR2idd3ffmVBFgjdep/data/821148346/attachments/attZkrhu7Laznh7auNWZ4h4k/,,OK,821148346,96b75fec-d968-44e5-bcbf-478e0abfd652,2026-07-25T06:41:03,Approved,,submitted_via_web,,vT2oC7jQuFP8YdZrDnQt8Y,,uuid:96b75fec-d968-44e5-bcbf-478e0abfd652,,North,Hebbal Nagawara Valley,H300,,416,yes
448,2026-07-25T11:43:04.666+05:30,2026-07-25T11:47:58.427+05:30,,,"Yes, I feel safe to conduct the audit.",A73,Right hand side (RHS),5,H300,13.0400362 77.6313141 808.7999877929688 4.92,13.0400362,77.6313141,808.7999877929688,4.92,2026-07-25T11:44:00.000+05:30,,Open channel ,Road adjacent (without footpath),No work,0,0,0,0,1,0,,No,1784960120333.jpg,https://kf.kobotoolbox.org/api/v2/assets/aNoHPR2idd3ffmVBFgjdep/data/821148374/attachments/att3RCrLtarSvgQCjUPxZVbs/,Lots of parking,,Retaining wall intact ,0.5,"Yes, covered only on sides",Reinforced Cement Concrete (RCC),1784960204141.jpg,https://kf.kobotoolbox.org/api/v2/assets/aNoHPR2idd3ffmVBFgjdep/data/821148374/attachments/attwLnZ5BjUSSJNtcbuDrUeJ/,"Not applicable, There is no bridge ",,,,,,Not applicable,0,0,0,0,1,,,,,,,,,,,,Yes,1784960230507.jpg,https://kf.kobotoolbox.org/api/v2/assets/aNoHPR2idd3ffmVBFgjdep/data/821148374/attachments/attGHhKjYbXwaWocXkeM9dx3/,No,1784960244789.jpg,https://kf.kobotoolbox.org/api/v2/assets/aNoHPR2idd3ffmVBFgjdep/data/821148374/attachments/attkCuam7uRpfHDKFN3cXsCF/,No,1784960264202.jpg,https://kf.kobotoolbox.org/api/v2/assets/aNoHPR2idd3ffmVBFgjdep/data/821148374/attachments/attRTZCaoHrYFDX3iK3H45B4/,,OK,821148374,25da3918-101d-452a-9089-28b8c1f60bdc,2026-07-25T06:41:07,Approved,,submitted_via_web,,vT2oC7jQuFP8YdZrDnQt8Y,,uuid:25da3918-101d-452a-9089-28b8c1f60bdc,,North,Hebbal Nagawara Valley,H300,,417,yes
449,2026-07-25T12:05:02.008+05:30,2026-08-21T17:24:16.950+05:30,,,"Yes, I feel safe to conduct the audit.",A76,Right hand side (RHS),8,V305,12.9245735 77.5397645 772.0999755859375 6.245,12.9245735,77.5397645,772.0999755859375,6.245,2026-07-25T12:05:00.000+05:30,,Open channel ,Road adjacent (without footpath),No work,0,0,0,0,1,0,,No,1784961538533.jpg,https://kf.kobotoolbox.org/api/v2/assets/aNoHPR2idd3ffmVBFgjdep/data/821151060/attachments/attbjQDkF6iprvxiNZyUuX32/,The road is adjoining the drain . It has a low to medium vehicle frequency and is obstructed by the large number of vehicles parked on the road.,,Retaining wall intact ,5.5,"Yes, covered only on sides",Reinforced Cement Concrete (RCC),1784961720326.jpg,https://kf.kobotoolbox.org/api/v2/assets/aNoHPR2idd3ffmVBFgjdep/data/821151060/attachments/attcX8gmjr6XPRAghLFLWf8j/,"Pedestrian, I see only people walking on the bridge",Intact footpath and fence ,0,0,1,0,Unobstructed (clear path),1,0,0,0,0,,,,1784961776890.jpg,https://kf.kobotoolbox.org/api/v2/assets/aNoHPR2idd3ffmVBFgjdep/data/821151060/attachments/attnkCGssVUqtrYf5Q5bHLev/,No,0,1784961821702.jpg,https://kf.kobotoolbox.org/api/v2/assets/aNoHPR2idd3ffmVBFgjdep/data/821151060/attachments/attgfeN9zZZTMFTew5p5cPR2/,,,Yes,1784961878719.jpg,https://kf.kobotoolbox.org/api/v2/assets/aNoHPR2idd3ffmVBFgjdep/data/821151060/attachments/atteaiQw3yCBmKCN9J8pNGof/,No,1784961899319-14_46_20.jpg,https://kf.kobotoolbox.org/api/v2/assets/aNoHPR2idd3ffmVBFgjdep/data/821151060/attachments/attdNznBQAGea4YWqUkq6hVg/,No,1784961899319.jpg,https://kf.kobotoolbox.org/api/v2/assets/aNoHPR2idd3ffmVBFgjdep/data/821151060/attachments/attvMYK5S8e74p7nBoMc78rm/,"The swd stinks alot, particularly on the bridge. Which is concerning given the large number of houses around the area",,821151060,9bfef467-09e0-4d08-9d6d-28617391e302,2026-07-25T06:46:14,Approved,,submitted_via_web,,vT2oC7jQuFP8YdZrDnQt8Y,,uuid:3108deec-740c-400b-827d-4fb953c5f072,,West,Vrishabhavati Valley,V305,,418,yes
450,2026-07-25T10:44:42.736+05:30,2026-08-21T17:16:18.908+05:30,,,"Yes, I feel safe to conduct the audit.",A79,Right hand side (RHS),3,V302,12.920067 77.547018 0 0,12.920067,77.547018,0,0,2026-07-25T10:47:00.000+05:30,,Open channel ,Road adjacent (without footpath),No work,0,0,0,0,1,0,,Yes,1784956684594.jpg,https://kf.kobotoolbox.org/api/v2/assets/aNoHPR2idd3ffmVBFgjdep/data/821151761/attachments/attoUyV6SwVqFyHNqLJnNpbX/,Further ahead drain is covered with a waste collection spot over it.,,Retaining wall intact ,3,"Yes, covered only on sides",Reinforced Cement Concrete (RCC),1784956753342.jpg,https://kf.kobotoolbox.org/api/v2/assets/aNoHPR2idd3ffmVBFgjdep/data/821151761/attachments/attqfRfGJqZmFVNBFMZTtecP/,"Vehicular, I can see vehicles on the bridge",Broken or missing footpath,0,1,0,0,Obstructed path (solid waste) Obstructed path (parking) Obstructed path (other),0,1,1,1,0,,,The bridge is widened by covering the SWD. There is a garbage collection spot and shed over it.,1784958080026-16_1_38.jpg,https://kf.kobotoolbox.org/api/v2/assets/aNoHPR2idd3ffmVBFgjdep/data/821151761/attachments/att6Ftt6YpSZaEVVTouqsZmv/,Yes,1,1784956892192.jpg,https://kf.kobotoolbox.org/api/v2/assets/aNoHPR2idd3ffmVBFgjdep/data/821151761/attachments/att6yN5ohgZNCd65Sr6u7Ezv/,,,Yes,1784956910966.jpg,https://kf.kobotoolbox.org/api/v2/assets/aNoHPR2idd3ffmVBFgjdep/data/821151761/attachments/attMJhEwXbJJk2idiWoUso7x/,No,1784956839650-15_48_33.jpg,https://kf.kobotoolbox.org/api/v2/assets/aNoHPR2idd3ffmVBFgjdep/data/821151761/attachments/attN8YGgBbZiukzkeEaNqKzJ/,No,1784957172382-15_48_41.jpg,https://kf.kobotoolbox.org/api/v2/assets/aNoHPR2idd3ffmVBFgjdep/data/821151761/attachments/attKejW4HDAeCravgLRivyay/,The bridge is widened by covering the SWD. There is a garbage collection spot and shed over it.,OK,821151761,cfb3d4c9-e989-4341-8fc8-4c91fb6bf9bf,2026-07-25T06:47:32,Approved,,submitted_via_web,,vT2oC7jQuFP8YdZrDnQt8Y,,uuid:b3a95a26-54ca-42fa-8965-bb5ff0e26706,,West,Vrishabhavati Valley,V302,,419,yes
451,2026-07-25T10:25:12.757+05:30,2026-08-21T16:16:01.113+05:30,,,"Yes, I feel safe to conduct the audit.",A79,Right hand side (RHS),1,V305,12.9199139 77.5481633 782.275390625 4.405,12.9199139,77.5481633,782.2753906,4.405,2026-07-25T10:27:00.000+05:30,,Open channel ,Property adjacent (abutting buildings),No work,0,0,0,0,1,0,,Yes,1784955596594.jpg,https://kf.kobotoolbox.org/api/v2/assets/aNoHPR2idd3ffmVBFgjdep/data/821151991/attachments/att5ZaskwEWi4KZ9iHsRfiUn/,Residential area,,Retaining wall intact ,2,"Yes, covered only on sides","Both, SSM and RCC",1784955728035.jpg,https://kf.kobotoolbox.org/api/v2/assets/aNoHPR2idd3ffmVBFgjdep/data/821151991/attachments/attLPW9Ne5zt265RakbZQy6V/,"Not applicable, There is no bridge ",,,,,,Not applicable,0,0,0,0,1,,,,,,,,,,,,Yes,1784956017281.jpg,https://kf.kobotoolbox.org/api/v2/assets/aNoHPR2idd3ffmVBFgjdep/data/821151991/attachments/attT4EUFaHtX7DkVvpNaGvKS/,No,1784955635729-16_15_30.jpg,https://kf.kobotoolbox.org/api/v2/assets/aNoHPR2idd3ffmVBFgjdep/data/821151991/attachments/attCP3XJyffzXwzNjVvcp5tC/,No,1784955635729-16_15_39.jpg,https://kf.kobotoolbox.org/api/v2/assets/aNoHPR2idd3ffmVBFgjdep/data/821151991/attachments/attnsk2UNG6Ay7mvN4san2CF/,None,OK,821151991,fe14e1b1-b49c-4fdc-8c36-2d93736464ab,2026-07-25T06:48:00,Approved,,submitted_via_web,,vT2oC7jQuFP8YdZrDnQt8Y,,uuid:fb360aeb-6b92-4c64-b750-6d7fad8245ac,,West,Vrishabhavati Valley,V305,,420,yes
452,2026-07-25T10:46:09.219+05:30,2026-08-21T16:08:01.671+05:30,,,"Yes, I feel safe to conduct the audit.",A79,Left hand side (LHS),2,V305,12.9196925 77.5475783 781.2109375 3.0,12.9196925,77.5475783,781.2109375,3,2026-07-25T10:47:00.000+05:30,,Open channel ,Road adjacent (without footpath),"Yes, Desilting",1,0,0,0,0,0,,Yes,1784956780750.jpg,https://kf.kobotoolbox.org/api/v2/assets/aNoHPR2idd3ffmVBFgjdep/data/821152048/attachments/attc9hHonntQU85kCCixZFt8/,Temple near by and residential area,,Retaining wall intact ,4,"Yes, covered only on sides",Reinforced Cement Concrete (RCC),1784956879265.jpg,https://kf.kobotoolbox.org/api/v2/assets/aNoHPR2idd3ffmVBFgjdep/data/821152048/attachments/attWY2CGY9JwLBJUdQF5xVtk/,"Vehicular, I can see vehicles on the bridge",Intact footpath and fence ,0,0,1,0,Obstructed path (parking),0,0,1,0,0,,,,1784956963504.jpg,https://kf.kobotoolbox.org/api/v2/assets/aNoHPR2idd3ffmVBFgjdep/data/821152048/attachments/attwaH4FUxtdYeeUCgNXLHGU/,Yes,1,1784957032866.jpg,https://kf.kobotoolbox.org/api/v2/assets/aNoHPR2idd3ffmVBFgjdep/data/821152048/attachments/attzP7mttHDjXqGJWsHwCqNp/,,,No,1784956963504-16_7_17.jpg,https://kf.kobotoolbox.org/api/v2/assets/aNoHPR2idd3ffmVBFgjdep/data/821152048/attachments/atteFRwf6nAx7hDNCxKumB8f/,No,1784956804170-16_7_38.jpg,https://kf.kobotoolbox.org/api/v2/assets/aNoHPR2idd3ffmVBFgjdep/data/821152048/attachments/attjPkp7pbquoEfZPNFXSXYK/,No,1784956804170-16_7_42.jpg,https://kf.kobotoolbox.org/api/v2/assets/aNoHPR2idd3ffmVBFgjdep/data/821152048/attachments/attFmVmPkLAwpVSdhgRDj3wU/,,OK,821152048,87a3082a-bf61-460e-b7ae-f6c58d97e5e1,2026-07-25T06:48:09,Approved,,submitted_via_web,,vT2oC7jQuFP8YdZrDnQt8Y,,uuid:d7758967-178f-488f-9476-2bda2d1d2017,,West,Vrishabhavati Valley,V305,,421,yes
453,2026-07-25T11:20:07.666+05:30,2026-08-21T17:16:44.348+05:30,,,"Yes, I feel safe to conduct the audit.",A79,Right hand side (RHS),4,V305,12.9202077 77.5462494 782.4478759765625 5.433,12.9202077,77.5462494,782.4478759765625,5.433,2026-07-25T11:22:00.000+05:30,,Open channel ,Road adjacent (without footpath),No work,0,0,0,0,1,0,,Yes,1784958924176-15_15_31.jpg,https://kf.kobotoolbox.org/api/v2/assets/aNoHPR2idd3ffmVBFgjdep/data/821152136/attachments/attoMkw2mGoBUUhe7UQeJihU/,Garbage disposed and parked vehicle obstructing road,,Retaining wall intact ,3,"Yes, covered only on sides",Reinforced Cement Concrete (RCC),1784958811921-15_14_51.jpg,https://kf.kobotoolbox.org/api/v2/assets/aNoHPR2idd3ffmVBFgjdep/data/821152136/attachments/attANFMY338cuNvqnPVwYU86/,"Not applicable, There is no bridge ",,,,,,Not applicable,0,0,0,0,1,,,,,,,,,,,,Yes,1784958924176.jpg,https://kf.kobotoolbox.org/api/v2/assets/aNoHPR2idd3ffmVBFgjdep/data/821152136/attachments/att47uwTBR5kLApXTBhMtzKm/,No,1784959004393-15_15_59.jpg,https://kf.kobotoolbox.org/api/v2/assets/aNoHPR2idd3ffmVBFgjdep/data/821152136/attachments/attvj86wPjZXLdjGY5JCnybg/,No,1784959004393-15_16_5.jpg,https://kf.kobotoolbox.org/api/v2/assets/aNoHPR2idd3ffmVBFgjdep/data/821152136/attachments/attj28ZjpPtBfsyzNvQmpDkb/,Garbage and plant growth inside SWD,OK,821152136,37a2d1c8-ce87-4448-b58e-b0e55673ea53,2026-07-25T06:48:24,Approved,,submitted_via_web,,vT2oC7jQuFP8YdZrDnQt8Y,,uuid:0a5e405b-5121-49fe-83c6-0c10774810eb,,West,Vrishabhavati Valley,V305,,422,yes
454,2026-07-25T11:31:17.850+05:30,2026-08-21T17:17:13.949+05:30,,,"Yes, I feel safe to conduct the audit.",A79,Left hand side (LHS),5,V305,12.9196508 77.5456368 777.52001953125 10.325,12.9196508,77.5456368,777.5200195,10.325,2026-07-25T11:32:00.000+05:30,,Open channel ,Property adjacent (abutting buildings),No work,0,0,0,0,1,0,,No,1784959634521.jpg,https://kf.kobotoolbox.org/api/v2/assets/aNoHPR2idd3ffmVBFgjdep/data/821152217/attachments/attM8aBBqBg9LYkECZhZScT2/,People dumping garbage in SWD,,Retaining wall intact ,2,"No, there is no fence ",Reinforced Cement Concrete (RCC),1784959473394.jpg,https://kf.kobotoolbox.org/api/v2/assets/aNoHPR2idd3ffmVBFgjdep/data/821152217/attachments/attJL2BMKpbDLeaqiRS9PFvk/,"Not applicable, There is no bridge ",,,,,,Not applicable,0,0,0,0,1,,,,,,,,,,,,Yes,1784959496081.jpg,https://kf.kobotoolbox.org/api/v2/assets/aNoHPR2idd3ffmVBFgjdep/data/821152217/attachments/attpQuYMnppKD4v5NcaMBh4S/,No,1784959981067-15_3_11.jpg,https://kf.kobotoolbox.org/api/v2/assets/aNoHPR2idd3ffmVBFgjdep/data/821152217/attachments/attHMGJYrMjrdAcdEk9DmZ6Y/,No,1784959564351-15_3_22.jpg,https://kf.kobotoolbox.org/api/v2/assets/aNoHPR2idd3ffmVBFgjdep/data/821152217/attachments/attjjJEQRbUzasWEEmQg7ASP/,"Really bad , bad smell , daily garbage disposal from locals , boulders and big stones",OK,821152217,520f11ba-57d5-4e2c-ad45-f2c5e27bec05,2026-07-25T06:48:35,Approved,,submitted_via_web,,vT2oC7jQuFP8YdZrDnQt8Y,,uuid:62ea4d39-ed1a-453a-a15b-3d59d4c85002,,West,Vrishabhavati Valley,V305,,423,yes
455,2026-07-25T11:39:37.452+05:30,2026-08-21T17:17:47.589+05:30,,,"Yes, I feel safe to conduct the audit.",A79,Left hand side (LHS),6,V305,12.9191371 77.5455921 770.277099609375 7.096,12.9191371,77.5455921,770.2770996,7.096,2026-07-25T11:40:00.000+05:30,,Open channel ,Road adjacent (without footpath),No work,0,0,0,0,1,0,,Yes,1784959881997.jpg,https://kf.kobotoolbox.org/api/v2/assets/aNoHPR2idd3ffmVBFgjdep/data/821152271/attachments/attfKDjQdMYXLBLoazyoAY6z/,,,Retaining wall intact ,3,"No, there is no fence ",Reinforced Cement Concrete (RCC),1784959962388.jpg,https://kf.kobotoolbox.org/api/v2/assets/aNoHPR2idd3ffmVBFgjdep/data/821152271/attachments/attZxYYpwabbgbjK8xEzysXy/,"Not applicable, There is no bridge ",,,,,,Not applicable,0,0,0,0,1,,,,,,,,,,,,Yes,1784959990609.jpg,https://kf.kobotoolbox.org/api/v2/assets/aNoHPR2idd3ffmVBFgjdep/data/821152271/attachments/attsuenGEymwZKMXM6vEdXFF/,No,1784959931591-14_23_28.jpg,https://kf.kobotoolbox.org/api/v2/assets/aNoHPR2idd3ffmVBFgjdep/data/821152271/attachments/attUtygqMsSNjpebYPs6hQz9/,No,1784959931591-14_23_37.jpg,https://kf.kobotoolbox.org/api/v2/assets/aNoHPR2idd3ffmVBFgjdep/data/821152271/attachments/att3tknMrigDwBaKPWP22rCg/,Garbage inside swd,OK,821152271,7624551e-dba0-414b-a0df-4e24bc157d1f,2026-07-25T06:48:42,Approved,,submitted_via_web,,vT2oC7jQuFP8YdZrDnQt8Y,,uuid:2618b91f-7a71-4955-bc64-f94db073eb92,,West,Vrishabhavati Valley,V305,,424,yes
456,2026-07-25T11:48:50.542+05:30,2026-08-21T17:20:54.953+05:30,,,"Yes, I feel safe to conduct the audit.",A79,Left hand side (LHS),7,V305,12.9188865 77.5451586 774.8323974609375 4.378,12.9188865,77.5451586,774.8323974609375,4.378,2026-07-25T11:49:00.000+05:30,,Open channel ,Road adjacent (without footpath),No work,0,0,0,0,1,0,,Yes,1784960432224.jpg,https://kf.kobotoolbox.org/api/v2/assets/aNoHPR2idd3ffmVBFgjdep/data/821152353/attachments/attpsJpJQ8SVpgRjLwtAunDW/,Vehicle parked on the bridge,,Retaining wall intact ,4,"Yes, covered only on sides",Reinforced Cement Concrete (RCC),1784960504494.jpg,https://kf.kobotoolbox.org/api/v2/assets/aNoHPR2idd3ffmVBFgjdep/data/821152353/attachments/attnunR4HQtHUM3dipDNZyR9/,"Vehicular, I can see vehicles on the bridge",Intact footpath and fence  Not applicable,0,0,1,1,Obstructed path (parking),0,0,1,0,0,,,,1784960569486.jpg,https://kf.kobotoolbox.org/api/v2/assets/aNoHPR2idd3ffmVBFgjdep/data/821152353/attachments/attYGNEjErCqAuguQWShkmag/,Yes,1,1784961147383-11_46_25-14_17_29.jpg,https://kf.kobotoolbox.org/api/v2/assets/aNoHPR2idd3ffmVBFgjdep/data/821152353/attachments/attuvhK6Kn3fairXogyjFkaH/,,,Yes,1784960626067.jpg,https://kf.kobotoolbox.org/api/v2/assets/aNoHPR2idd3ffmVBFgjdep/data/821152353/attachments/attrNmRtxFvsSwgmRGiUpymQ/,No,1784960475600-14_18_51.jpg,https://kf.kobotoolbox.org/api/v2/assets/aNoHPR2idd3ffmVBFgjdep/data/821152353/attachments/att8C8ytgpeToSButKnfdL6p/,Yes,1784960660709.jpg,https://kf.kobotoolbox.org/api/v2/assets/aNoHPR2idd3ffmVBFgjdep/data/821152353/attachments/attpKWMLP4HD4Ztvp392Eyxi/,Plant growth inside the SWD,OK,821152353,daf30dfa-8bbc-452e-bd2b-9c42db4b4202,2026-07-25T06:48:51,Approved,,submitted_via_web,,vT2oC7jQuFP8YdZrDnQt8Y,,uuid:60ccc1f4-968b-4aac-b1e0-7d93af4dfacc,,West,Vrishabhavati Valley,V305,,425,yes
457,2026-07-25T11:57:28.960+05:30,2026-08-21T17:21:20.290+05:30,,,"Yes, I feel safe to conduct the audit.",A79,Left hand side (LHS),8,V305,12.9187592 77.5448601 772.0469970703125 6.466,12.9187592,77.5448601,772.0469970703125,6.466,2026-07-25T11:58:00.000+05:30,,Open channel ,Property adjacent (abutting buildings),No work,0,0,0,0,1,0,,No,1784961044766.jpg,https://kf.kobotoolbox.org/api/v2/assets/aNoHPR2idd3ffmVBFgjdep/data/821152426/attachments/attF7jPzUEGcq3rAYKnYTXNx/,,,Retaining wall intact ,3,"Yes, covered only on sides",Reinforced Cement Concrete (RCC),1784961141706.jpg,https://kf.kobotoolbox.org/api/v2/assets/aNoHPR2idd3ffmVBFgjdep/data/821152426/attachments/attoiVhMp9uL2aY5x6PpjQpN/,"Vehicular, I can see vehicles on the bridge",Intact footpath and fence ,0,0,1,0,Obstructed path (parking),0,0,1,0,0,,,,1784961259721.jpg,https://kf.kobotoolbox.org/api/v2/assets/aNoHPR2idd3ffmVBFgjdep/data/821152426/attachments/attp7cZM4X3XMXWkifo9iRVT/,No,0,1784960660709-12_51_45.jpg,https://kf.kobotoolbox.org/api/v2/assets/aNoHPR2idd3ffmVBFgjdep/data/821152426/attachments/att2azWDuR6hzoUe4ozbpps6/,,,Yes,1784961347607.jpg,https://kf.kobotoolbox.org/api/v2/assets/aNoHPR2idd3ffmVBFgjdep/data/821152426/attachments/attUDobEXhHUt2ChiEkPkfSB/,Yes,1784961147383-11_46_25.jpg,https://kf.kobotoolbox.org/api/v2/assets/aNoHPR2idd3ffmVBFgjdep/data/821152426/attachments/attetMwGg5ij2qNopAHEWnwj/,Yes,1784961147383-11_46_38.jpg,https://kf.kobotoolbox.org/api/v2/assets/aNoHPR2idd3ffmVBFgjdep/data/821152426/attachments/attZF2xpg5KkbBw2E7ZBxcYf/,,OK,821152426,7c6ae215-0543-4293-9bf1-b47d931ba4eb,2026-07-25T06:48:59,Approved,,submitted_via_web,,vT2oC7jQuFP8YdZrDnQt8Y,,uuid:d07da0b6-9c91-4018-9a7e-cae8d40bd58e,,West,Vrishabhavati Valley,V305,,426,yes
458,2026-07-25T12:13:50.514+05:30,2026-08-21T17:22:06.818+05:30,,,"Yes, I feel safe to conduct the audit.",A78,Right hand side (RHS),1,V305,12.9189305 77.544144 774.7607421875 6.4,12.9189305,77.544144,774.7607422,6.4,2026-07-25T12:15:00.000+05:30,,Covered drain (paved or built over therefore not visible),Property adjacent (abutting buildings),Any other work (please specify),0,0,0,0,0,1,Roadside drain construction,Yes,1784961977147.jpg,https://kf.kobotoolbox.org/api/v2/assets/aNoHPR2idd3ffmVBFgjdep/data/821152481/attachments/attyp2g4WLJSHCXij3Gh5q5S/,No fence,,Retaining wall intact ,6,"No, there is no fence ",Reinforced Cement Concrete (RCC),1784962019121.jpg,https://kf.kobotoolbox.org/api/v2/assets/aNoHPR2idd3ffmVBFgjdep/data/821152481/attachments/attUuBVWufVei2Kt2weBxkb3/,"Not applicable, There is no bridge ",,,,,,Not applicable,0,0,0,0,1,,,,,,,,,,,,Yes,1784962041674.jpg,https://kf.kobotoolbox.org/api/v2/assets/aNoHPR2idd3ffmVBFgjdep/data/821152481/attachments/attT9JnMaArstEgxntmyctyr/,Cannot see inside the drain.,,,Cannot see inside the drain.,,,,OK,821152481,b0f55840-da2a-4037-a2d3-34b7d733c6a9,2026-07-25T06:49:06,Approved,,submitted_via_web,,vT2oC7jQuFP8YdZrDnQt8Y,,uuid:fd14f0bc-c8ac-4cef-adf5-d8bf304b7f6a,,West,Vrishabhavati Valley,V305,,427,yes
459,2026-07-25T12:13:32.342+05:30,2026-08-21T10:56:09.481+05:30,,,"Yes, I feel safe to conduct the audit.",A78,Right hand side (RHS),2,V305,12.9187431 77.5433134 784.7000122070312 13.631,12.9187431,77.5433134,784.7000122070312,13.631,2026-07-25T12:14:00.000+05:30,,Open channel ,Property adjacent (abutting buildings),No work,0,0,0,0,1,0,,Yes,1784961919001.jpg,https://kf.kobotoolbox.org/api/v2/assets/aNoHPR2idd3ffmVBFgjdep/data/821154360/attachments/attdSon7scTy6TGFyJwUvDuM/,,,Retaining wall intact ,6,"No, there is no fence ",Reinforced Cement Concrete (RCC),1784961966668.jpg,https://kf.kobotoolbox.org/api/v2/assets/aNoHPR2idd3ffmVBFgjdep/data/821154360/attachments/attexwqDc5qaaaTkx6sh7Kox/,"Not applicable, There is no bridge ",,,,,,Not applicable,0,0,0,0,1,,,,,,,,,,,,No,1784961919001-10_55_43.jpg,https://kf.kobotoolbox.org/api/v2/assets/aNoHPR2idd3ffmVBFgjdep/data/821154360/attachments/attZ4aYhUFMdQYqvmvMi6ELD/,No,1784962056785-10_56_7.jpg,https://kf.kobotoolbox.org/api/v2/assets/aNoHPR2idd3ffmVBFgjdep/data/821154360/attachments/att6rdaiEX2L4hrZZ93BUD3C/,Yes,1784962056785.jpg,https://kf.kobotoolbox.org/api/v2/assets/aNoHPR2idd3ffmVBFgjdep/data/821154360/attachments/attcKRqC3inRSF8JaGfTnFdo/,,OK,821154360,5d0f214e-d5b7-413a-b7d5-f86368f6f313,2026-07-25T06:52:55,Approved,,submitted_via_web,,vT2oC7jQuFP8YdZrDnQt8Y,,uuid:cadffae1-7e5a-475b-afc5-e85744b3c291,,West,Vrishabhavati Valley,V305,,428,yes
460,2026-07-25T12:22:52.534+05:30,2026-08-19T14:53:02.546+05:30,,,"Yes, I feel safe to conduct the audit.",A76,Right hand side (RHS),9,V305,12.9242861 77.5403432 772.5 4.705,12.9242861,77.5403432,772.5,4.705,2026-07-25T12:23:00.000+05:30,,Open channel ,Road adjacent (without footpath),No work,0,0,0,0,1,0,,No,Screenshot 2026-08-19 145033-14_52_17.jpg,https://kf.kobotoolbox.org/api/v2/assets/aNoHPR2idd3ffmVBFgjdep/data/821158897/attachments/attwHFQeYPgZTsXJiHsNv7tk/,The street is far away from the drain and there are buildings between the street and the drain,,Retaining wall intact ,4,"Yes, covered only on sides",Reinforced Cement Concrete (RCC),1784962787074.jpg,https://kf.kobotoolbox.org/api/v2/assets/aNoHPR2idd3ffmVBFgjdep/data/821158897/attachments/attD2zQNMJRQ7jE8XMwPqP9y/,"Not applicable, There is no bridge ",,,,,,Not applicable,0,0,0,0,1,,,,,,,,,,,,Yes,Screenshot 2026-08-19 145033-14_52_43.jpg,https://kf.kobotoolbox.org/api/v2/assets/aNoHPR2idd3ffmVBFgjdep/data/821158897/attachments/attHAnbakDWVMPqx4s6jzQhA/,No,1784962668694-14_52_52.jpg,https://kf.kobotoolbox.org/api/v2/assets/aNoHPR2idd3ffmVBFgjdep/data/821158897/attachments/attHRoH6X28aqUpMnDWnQYyY/,Yes,1784962834084.jpg,https://kf.kobotoolbox.org/api/v2/assets/aNoHPR2idd3ffmVBFgjdep/data/821158897/attachments/attQ7jcTLmfTWVcrNrfcBtqJ/,,OK,821158897,63748531-d20c-4c5d-ba27-5b4007a8b50a,2026-07-25T07:02:18,Approved,,submitted_via_web,,vT2oC7jQuFP8YdZrDnQt8Y,,uuid:c44ad9d5-ae44-452b-a69d-798408548f38,,West,Vrishabhavati Valley,V305,,429,yes
461,2026-07-25T12:38:40.121+05:30,2026-08-19T15:49:17.572+05:30,,,"Yes, I feel safe to conduct the audit.",A76,Right hand side (RHS),7,V305,12.9248075 77.5389583 770.2999877929688 9.909,12.9248075,77.5389583,770.2999877929688,9.909,2026-07-25T12:39:00.000+05:30,,Open channel ,Property adjacent (with building setbacks),No work,0,0,0,0,1,0,,Yes,1784963587019.jpg,https://kf.kobotoolbox.org/api/v2/assets/aNoHPR2idd3ffmVBFgjdep/data/821168343/attachments/attBgUsxQsmra2SkdTA5bZ29/,There is no proper street and the roads are kaccha,,There is no retaining wall,0,"No, there is no fence ",Not applicable,1784963589039-15_47_58.jpg,https://kf.kobotoolbox.org/api/v2/assets/aNoHPR2idd3ffmVBFgjdep/data/821168343/attachments/attDYofEJbqYozGCnypRB4Ax/,"Not applicable, There is no bridge ",,,,,,Not applicable,0,0,0,0,1,,,,,,,,,,,,No,1784963587019-15_48_23.jpg,https://kf.kobotoolbox.org/api/v2/assets/aNoHPR2idd3ffmVBFgjdep/data/821168343/attachments/attWX8xtjqEUEpuozhVaDwZb/,No,1784963589039-15_49_13.jpg,https://kf.kobotoolbox.org/api/v2/assets/aNoHPR2idd3ffmVBFgjdep/data/821168343/attachments/attB7w5tEvdPdR8JnGDPzZ2F/,Yes,1784963860661.jpg,https://kf.kobotoolbox.org/api/v2/assets/aNoHPR2idd3ffmVBFgjdep/data/821168343/attachments/attfVB4SBXKHiGXshVL8cdXb/,There is a lot of garbage,OK,821168343,265c9424-6a61-4876-8285-ce7385cfad35,2026-07-25T07:21:13,Approved,,submitted_via_web,,vT2oC7jQuFP8YdZrDnQt8Y,,uuid:0e49309b-8e8f-4294-ac26-06ccfa46406a,,West,Vrishabhavati Valley,V305,,430,yes
462,2026-07-25T12:58:10.311+05:30,2026-08-19T15:31:59.203+05:30,,,"Yes, I feel safe to conduct the audit.",A76,Right hand side (RHS),6,V305,12.923942 77.5380726 766.7000122070312 4.84,12.923942,77.5380726,766.7000122070312,4.84,2026-07-25T12:59:00.000+05:30,,Open channel ,Property adjacent (with building setbacks),No work,0,0,0,0,1,0,,No,Screenshot 2026-08-19 153024-15_30_38.jpg,https://kf.kobotoolbox.org/api/v2/assets/aNoHPR2idd3ffmVBFgjdep/data/821183945/attachments/attzHpFapEWqMWf9sje4z35L/,It is at the dead end of a downhill street,,Retaining wall intact ,5,"Yes, covered only on sides",Reinforced Cement Concrete (RCC),1784964652129.jpg,https://kf.kobotoolbox.org/api/v2/assets/aNoHPR2idd3ffmVBFgjdep/data/821183945/attachments/attPr3ZE9AyvYXN77vFfGvpv/,"Not applicable, There is no bridge ",,,,,,Not applicable,0,0,0,0,1,,,,,,,,,,,,No,Screenshot 2026-08-19 153024-15_31_19.jpg,https://kf.kobotoolbox.org/api/v2/assets/aNoHPR2idd3ffmVBFgjdep/data/821183945/attachments/attdvePsFefmaPAs9uMBb6U2/,No,1784964557777-15_31_52.jpg,https://kf.kobotoolbox.org/api/v2/assets/aNoHPR2idd3ffmVBFgjdep/data/821183945/attachments/attdLwtTZqQDnJfre3Dq729s/,Yes,1784964710762.jpg,https://kf.kobotoolbox.org/api/v2/assets/aNoHPR2idd3ffmVBFgjdep/data/821183945/attachments/attBSCuzghNEth5NMB2puoG7/,Lot of garbage inside the drain on the side,OK,821183945,a49f67c1-d939-4493-a1d4-355c2bdd19fa,2026-07-25T07:50:48,Approved,,submitted_via_web,,vT2oC7jQuFP8YdZrDnQt8Y,,uuid:61891d4f-bff6-4271-96a1-3ad52ef8d95d,,West,Vrishabhavati Valley,V305,,431,yes
463,2026-07-25T13:21:20.942+05:30,2026-08-18T17:20:27.415+05:30,,,"Yes, I feel safe to conduct the audit.",A76,Left hand side (LHS),4,V305,12.9237999 77.5382745 766.7000122070312 7.128,12.9237999,77.5382745,766.7000122070312,7.128,2026-07-25T13:22:00.000+05:30,,Open channel ,Road adjacent (without footpath),No work,0,0,0,0,1,0,,Yes,1784966036837.jpg,https://kf.kobotoolbox.org/api/v2/assets/aNoHPR2idd3ffmVBFgjdep/data/821191912/attachments/att6ugVcY5dtYgeF8pUKsPVT/,The drain has road on one side and is abutted by buildings on the other.,,Retaining wall intact ,3.5,"Yes, covered only on sides",Reinforced Cement Concrete (RCC),1784966176981.jpg,https://kf.kobotoolbox.org/api/v2/assets/aNoHPR2idd3ffmVBFgjdep/data/821191912/attachments/attaYyN93v9perQcx3PAMwGU/,"Not applicable, There is no bridge ",,,,,,Not applicable,0,0,0,0,1,,,,,,,,,,,,No,1784966036837-17_20_24.jpg,https://kf.kobotoolbox.org/api/v2/assets/aNoHPR2idd3ffmVBFgjdep/data/821191912/attachments/attMLa8Xjz758iCT8ccCkvuE/,No,1784966222353-17_20_2.jpg,https://kf.kobotoolbox.org/api/v2/assets/aNoHPR2idd3ffmVBFgjdep/data/821191912/attachments/attdnufMaj6jCnFzc9PTZB5H/,Yes,1784966222353.jpg,https://kf.kobotoolbox.org/api/v2/assets/aNoHPR2idd3ffmVBFgjdep/data/821191912/attachments/attSH7nSG66Me47kaCQ5EHSz/,"Nothing special, it's the same drain continued",OK,821191912,26102112-50ce-4b29-96ba-3cd67bf66d91,2026-07-25T08:06:30,Approved,,submitted_via_web,,vT2oC7jQuFP8YdZrDnQt8Y,,uuid:66694d80-3b60-44b4-8a9a-2bccfaccfabe,,West,Vrishabhavati Valley,V305,,432,yes
464,2026-07-25T13:36:39.374+05:30,2026-08-18T17:17:29.201+05:30,,,"Yes, I feel safe to conduct the audit.",A76,Left hand side (LHS),3,V305,12.92466 77.5392276 770.2999877929688 3.79,12.92466,77.5392276,770.2999877929688,3.79,2026-07-25T13:37:00.000+05:30,,Open channel ,Road adjacent (without footpath),No work,0,0,0,0,1,0,,Yes,1784966948171.jpg,https://kf.kobotoolbox.org/api/v2/assets/aNoHPR2idd3ffmVBFgjdep/data/821194326/attachments/attj6hoj2VAycUXpza544sWm/,It's a dead end,,Retaining wall intact ,6.6,"Yes, covered only on sides",Reinforced Cement Concrete (RCC),1784967017730.jpg,https://kf.kobotoolbox.org/api/v2/assets/aNoHPR2idd3ffmVBFgjdep/data/821194326/attachments/attvKZMtM33kGwKSNfSTtmuX/,"Not applicable, There is no bridge ",,,,,,Not applicable,0,0,0,0,1,,,,,,,,,,,,Yes,1784966948171-17_17_1.jpg,https://kf.kobotoolbox.org/api/v2/assets/aNoHPR2idd3ffmVBFgjdep/data/821194326/attachments/attubwiFYYLWD3Qatudo788u/,Cannot see inside the drain.,,,Cannot see inside the drain.,,,,OK,821194326,2a83f22f-84d6-4806-a85f-d5099eac9f04,2026-07-25T08:11:13,Approved,,submitted_via_web,,vT2oC7jQuFP8YdZrDnQt8Y,,uuid:bdab5382-675f-4399-994c-4705d6ec6078,,West,Vrishabhavati Valley,V305,,433,yes
465,2026-07-25T13:53:19.058+05:30,2026-08-18T18:10:04.724+05:30,,,"Yes, I feel safe to conduct the audit.",A76,Left hand side (LHS),5,V305,12.9234602 77.5376904 765.5999755859375 4.913,12.9234602,77.5376904,765.5999755859375,4.913,2026-07-25T13:54:00.000+05:30,,Open channel ,Road adjacent (without footpath),No work,0,0,0,0,1,0,,No,1784967914519.jpg,https://kf.kobotoolbox.org/api/v2/assets/aNoHPR2idd3ffmVBFgjdep/data/821207195/attachments/attSaz89aU8CP2ootuSyBcMZ/,One side of the drain has buildings and the other side is a road. The road and the drain have enough space between and the road is clean,,Retaining wall intact ,3,"Yes, covered only on sides",Reinforced Cement Concrete (RCC),Screenshot 2026-08-18 175620-17_56_36.jpg,https://kf.kobotoolbox.org/api/v2/assets/aNoHPR2idd3ffmVBFgjdep/data/821207195/attachments/attDfQxFZtcVLAYCw3Axm7To/,"Vehicular, I can see vehicles on the bridge",Broken or missing footpath,0,1,0,0,Unobstructed (clear path),1,0,0,0,0,,,,Screenshot 2026-08-18 175735-17_57_49.jpg,https://kf.kobotoolbox.org/api/v2/assets/aNoHPR2idd3ffmVBFgjdep/data/821207195/attachments/attszbscg9RXQLGyEagGKwLn/,Yes,1,1784968114330.jpg,,,,Yes,1784968130726.jpg,,No,,,Yes,1784968150877.jpg,,It is dirty and has a lot of garage held ups which are obstructing the flow. Some part of the drain is formed,OK,821207195,415de948-f982-4b92-8655-58a59943b3c7,2026-07-25T08:32:31,Approved,,submitted_via_web,,vT2oC7jQuFP8YdZrDnQt8Y,,uuid:f2ee2ee6-fe3a-4e87-8e55-080fe110c69b,,West,Vrishabhavati Valley,V305,,434,yes
466,2026-07-25T11:11:37.559+05:30,2026-08-20T15:07:02.035+05:30,,,"Yes, I feel safe to conduct the audit.",A80,Right hand side (RHS),3,V302,12.91821 77.5383883 784.7000122070312 3.1,12.91821,77.5383883,784.7000122070312,3.1,2026-07-25T11:13:00.000+05:30,,Open channel ,Vacant land adjacent,No work,0,0,0,0,1,0,,Yes,Screenshot 2026-08-20 144401-14_44_23.jpg,https://kf.kobotoolbox.org/api/v2/assets/aNoHPR2idd3ffmVBFgjdep/data/821389991/attachments/attzyEaa5tfHfmmuWKiShp66/,There is no proper pathway and it's not reachable so it will be hard for doing any sort of work.,,Retaining wall intact ,3,"Yes, covered only on sides",Reinforced Cement Concrete (RCC),1784958381575-14_46_7.jpg,https://kf.kobotoolbox.org/api/v2/assets/aNoHPR2idd3ffmVBFgjdep/data/821389991/attachments/attm2KhQz4T93EdgtMBefqyS/,"Not applicable, There is no bridge ",,,,,,Not applicable,0,0,0,0,1,,,,,,,,,,,,Yes,Screenshot 2026-08-20 150612-15_6_29.jpg,https://kf.kobotoolbox.org/api/v2/assets/aNoHPR2idd3ffmVBFgjdep/data/821389991/attachments/attEdWeBiBuqqTVPCvYXuBPm/,No,1784958470732-15_6_44.jpg,https://kf.kobotoolbox.org/api/v2/assets/aNoHPR2idd3ffmVBFgjdep/data/821389991/attachments/attLxypBTk29BYnJmfzPT6CR/,Yes,1784958528406.jpg,https://kf.kobotoolbox.org/api/v2/assets/aNoHPR2idd3ffmVBFgjdep/data/821389991/attachments/attacX8NoqyxuEjW9Svmtrtp/,,OK,821389991,8bd72c94-9025-415b-bc71-d304248ed3ce,2026-07-25T13:29:49,Approved,,submitted_via_web,,vT2oC7jQuFP8YdZrDnQt8Y,,uuid:83c4d5c1-8a9d-4ff2-b1df-2b048ccd0468,,West,Vrishabhavati Valley,V302,,435,yes
467,2026-07-25T11:31:17.391+05:30,2026-08-20T15:14:37.149+05:30,,,"No, I do not feel safe. I will stop the audit at this point.",A80,Right hand side (RHS),4,V305,12.9192544 77.5387567 784.7000122070312 3.65,12.9192544,77.5387567,784.7000122070312,3.65,,,Open channel ,Property adjacent (abutting buildings),No work,0,0,0,0,1,0,,Yes,1784959444070.jpg,https://kf.kobotoolbox.org/api/v2/assets/aNoHPR2idd3ffmVBFgjdep/data/821390047/attachments/att5V2u8f27MZu6QpXNfymkx/,Their is a cemented road that dead ends at drain,,Retaining wall intact ,4,"Yes, covered only on sides",Reinforced Cement Concrete (RCC),1784959444070-15_12_52.jpg,https://kf.kobotoolbox.org/api/v2/assets/aNoHPR2idd3ffmVBFgjdep/data/821390047/attachments/attbLDJniFpQLK4QjY4BoeYN/,"Not applicable, There is no bridge ",,,,,,Not applicable,0,0,0,0,1,,,,,,,,,,,,Yes,1784959577891.jpg,https://kf.kobotoolbox.org/api/v2/assets/aNoHPR2idd3ffmVBFgjdep/data/821390047/attachments/attskyGG87fCEzZsFQKoSuJp/,No,1784959495071-15_14_25.jpg,https://kf.kobotoolbox.org/api/v2/assets/aNoHPR2idd3ffmVBFgjdep/data/821390047/attachments/attgNzEUh4ozYx2FKsWxCwQy/,Yes,1784959600383.jpg,https://kf.kobotoolbox.org/api/v2/assets/aNoHPR2idd3ffmVBFgjdep/data/821390047/attachments/attBdaySHPMTNZj3kvv3s5vS/,There is no physical leakage from the manholes,OK,821390047,fa9bb444-f713-47f5-bacd-2a7af3feb3a5,2026-07-25T13:29:54,Approved,,submitted_via_web,,vT2oC7jQuFP8YdZrDnQt8Y,,uuid:7e7630e9-27ba-4561-84e1-d413daaf08af,,West,Vrishabhavati Valley,V305,,436,yes
468,2026-07-25T10:58:31.037+05:30,2026-08-19T16:32:45.136+05:30,,,"Yes, I feel safe to conduct the audit.",A80,Right hand side (RHS),2,V302,12.9177765 77.5390436 777.2000122070312 4.905,12.9177765,77.5390436,777.2000122070312,4.905,2026-07-25T10:59:00.000+05:30,,Open channel ,Property adjacent (abutting buildings),No work,0,0,0,0,1,0,,Yes,Screenshot 2026-08-19 163034-16_31_31.jpg,https://kf.kobotoolbox.org/api/v2/assets/aNoHPR2idd3ffmVBFgjdep/data/821428555/attachments/attCqegTyPAQBHZLnV4uw3P3/,dead end street with houses along both sides and a rusted fence that's slowly coming apart.,,Retaining wall intact ,10,"Yes, covered only on sides",Reinforced Cement Concrete (RCC),1784957633754-16_32_14.jpg,https://kf.kobotoolbox.org/api/v2/assets/aNoHPR2idd3ffmVBFgjdep/data/821428555/attachments/attLKri4Kb3Q6vgFbi5u9xuH/,"Not applicable, There is no bridge ",,,,,,Not applicable,0,0,0,0,1,,,,,,,,,,,,Yes,1784957633754.jpg,https://kf.kobotoolbox.org/api/v2/assets/aNoHPR2idd3ffmVBFgjdep/data/821428555/attachments/attQ29J2m8DTk88q5ygkcYbG/,No,1784957601009-16_32_32.jpg,https://kf.kobotoolbox.org/api/v2/assets/aNoHPR2idd3ffmVBFgjdep/data/821428555/attachments/attT7fJNJ46bpZXJcEMQNs88/,No,1784957461113-16_32_43.jpg,https://kf.kobotoolbox.org/api/v2/assets/aNoHPR2idd3ffmVBFgjdep/data/821428555/attachments/attdwugUrgQ462FfdvwDKBAF/,"garbage thrown on both sides,",OK,821428555,9823dd16-6f6f-4240-9806-e7ef7d19586b,2026-07-25T14:30:24,Approved,,submitted_via_web,,vT2oC7jQuFP8YdZrDnQt8Y,,uuid:1c56aa63-6223-46ee-af77-fe862c941239,,West,Vrishabhavati Valley,V302,,437,yes
469,2026-07-25T11:41:07.913+05:30,2026-08-20T15:28:35.049+05:30,,,"Yes, I feel safe to conduct the audit.",A80,Right hand side (RHS),5,V305,12.92017 77.5389833 776.5999755859375 4.96,12.92017,77.5389833,776.5999755859375,4.96,2026-07-25T11:41:00.000+05:30,,Open channel ,Property adjacent (abutting buildings),No work,0,0,0,0,1,0,,Yes,Screenshot 2026-08-20 152032-15_21_3.jpg,https://kf.kobotoolbox.org/api/v2/assets/aNoHPR2idd3ffmVBFgjdep/data/821457193/attachments/attmKqEG8MPuPpXmCteMxUK2/,It's more of a commercial area,,Retaining wall intact ,2,"Yes, covered only on sides",Reinforced Cement Concrete (RCC),1784960057048.jpg,https://kf.kobotoolbox.org/api/v2/assets/aNoHPR2idd3ffmVBFgjdep/data/821457193/attachments/attujW2cafDAroJmcPzZiXBR/,"Vehicular, I can see vehicles on the bridge",Intact footpath and fence ,0,0,1,0,Obstructed path (parking),0,0,1,0,0,,,,1784960141799.jpg,https://kf.kobotoolbox.org/api/v2/assets/aNoHPR2idd3ffmVBFgjdep/data/821457193/attachments/attkRiX3cxHJzCZdJ7ZmJuMm/,Not applicable,0,,,,,No,Screenshot 2026-08-20 152321-15_23_29.jpg,https://kf.kobotoolbox.org/api/v2/assets/aNoHPR2idd3ffmVBFgjdep/data/821457193/attachments/attu7scEJCug4xbq4amwhS6T/,No,1784960136361-15_24_20.jpg,https://kf.kobotoolbox.org/api/v2/assets/aNoHPR2idd3ffmVBFgjdep/data/821457193/attachments/attrteTtJLaRNBpcduM23aTs/,Yes,1784959967379-15_27_14.jpg,https://kf.kobotoolbox.org/api/v2/assets/aNoHPR2idd3ffmVBFgjdep/data/821457193/attachments/attbRU7ZUW3C3EB3Mu9H4VEm/,Manhole appears to be broken.,OK,821457193,c4615f4d-7005-4edf-86ab-c596cdd92f88,2026-07-25T15:16:39,Approved,,submitted_via_web,,vT2oC7jQuFP8YdZrDnQt8Y,,uuid:35a2b3ac-611e-4d33-b793-d643ad81099f,,West,Vrishabhavati Valley,V305,,438,yes
470,2026-07-25T11:55:54.280+05:30,2026-08-20T17:32:07.148+05:30,,,"Yes, I feel safe to conduct the audit.",A80,Right hand side (RHS),7,V305,12.9217467 77.5395369 773.7000122070312 4.783,12.9217467,77.5395369,773.7000122070312,4.783,2026-07-25T11:56:00.000+05:30,,Open channel ,Property adjacent (abutting buildings),No work,0,0,0,0,1,0,,Yes,Screenshot 2026-08-20 172546-17_31_1.jpg,https://kf.kobotoolbox.org/api/v2/assets/aNoHPR2idd3ffmVBFgjdep/data/821502529/attachments/attd4MLvWJEEhyLtjiy88vfe/,the houses are built along the drain,,Retaining wall intact ,8,"Yes, covered only on sides",Reinforced Cement Concrete (RCC),1784960885468.jpg,https://kf.kobotoolbox.org/api/v2/assets/aNoHPR2idd3ffmVBFgjdep/data/821502529/attachments/attZiDXfHtzZanz6jU9bdJPz/,"Not applicable, There is no bridge ",,,,,,Not applicable,0,0,0,0,1,,,,,,,,,,,,Yes,1784960917440-17_31_50.jpg,https://kf.kobotoolbox.org/api/v2/assets/aNoHPR2idd3ffmVBFgjdep/data/821502529/attachments/attJDbZ7wYUEEWsMYFDr2oWa/,Cannot see inside the drain.,,,Cannot see inside the drain.,,,,OK,821502529,9d0e7085-ed54-41c3-9a76-3071e3b56488,2026-07-25T16:32:51,Approved,,submitted_via_web,,vT2oC7jQuFP8YdZrDnQt8Y,,uuid:7991c803-4f8a-4ac1-b0a6-5400a43a608e,,West,Vrishabhavati Valley,V305,,439,yes
471,2026-07-25T12:07:55.354+05:30,2026-08-20T17:03:09.469+05:30,,,"Yes, I feel safe to conduct the audit.",A80,Left hand side (LHS),6,V305,12.9214115 77.5391251 770.807373046875 3.84,12.9214115,77.5391251,770.807373,3.84,2026-07-25T12:09:00.000+05:30,,Open channel ,Road adjacent (without footpath),No work,0,0,0,0,1,0,,No,1784961606078.jpg,https://kf.kobotoolbox.org/api/v2/assets/aNoHPR2idd3ffmVBFgjdep/data/821502542/attachments/attCKVwJqULq7zVZe4N9hf6p/,lot of construction materials dumped along with random mixed waste,,There is no retaining wall,0,"No, there is no fence ",Not applicable,1784961606078-15_34_56.jpg,https://kf.kobotoolbox.org/api/v2/assets/aNoHPR2idd3ffmVBFgjdep/data/821502542/attachments/attQhbnhfg8Znmb6zMiKwqf4/,"Not applicable, There is no bridge ",,,,,,Not applicable,0,0,0,0,1,,,,,,,,,,,,No,Screenshot 2026-08-20 170241-17_2_59.jpg,https://kf.kobotoolbox.org/api/v2/assets/aNoHPR2idd3ffmVBFgjdep/data/821502542/attachments/attQ6Rdg4NHEMARrXoBu7Fx7/,No,1784961689444-16_50_31.jpg,https://kf.kobotoolbox.org/api/v2/assets/aNoHPR2idd3ffmVBFgjdep/data/821502542/attachments/attjiUE4KTDQnw6WNrVmcAam/,Yes,1784961730462.jpg,https://kf.kobotoolbox.org/api/v2/assets/aNoHPR2idd3ffmVBFgjdep/data/821502542/attachments/attvKVABifCLsTTvhuFy2TXb/,"it's very trashed, no maintenance",OK,821502542,10118178-53db-4fe3-89d3-20c8b275bd93,2026-07-25T16:32:53,Approved,,submitted_via_web,,vT2oC7jQuFP8YdZrDnQt8Y,,uuid:79771f7a-78ba-4f5c-a415-0c8c19e861eb,,West,Vrishabhavati Valley,V305,,440,yes
472,2026-07-25T12:21:47.627+05:30,2026-08-20T17:39:18.588+05:30,,,"Yes, I feel safe to conduct the audit.",A80,Left hand side (LHS),8,V305,12.9224059 77.5399366 774.5 4.964,12.9224059,77.5399366,774.5,4.964,2026-07-25T12:22:00.000+05:30,,Open channel ,Road adjacent (without footpath),No work,0,0,0,0,1,0,,No,1784962487064-17_39_10.jpg,https://kf.kobotoolbox.org/api/v2/assets/aNoHPR2idd3ffmVBFgjdep/data/821502562/attachments/attjMoCus5Wbq3NTx4KByfrM/,"residential road, lot of dry waste with dead branches lying on the sides of the road",,Retaining wall intact ,10,"Yes, covered only on sides",Reinforced Cement Concrete (RCC),1784962453041.jpg,https://kf.kobotoolbox.org/api/v2/assets/aNoHPR2idd3ffmVBFgjdep/data/821502562/attachments/attbHt6HSsYrVRAd7p6hzyZU/,"Not applicable, There is no bridge ",,,,,,Not applicable,0,0,0,0,1,,,,,,,,,,,,Yes,1784962468348.jpg,https://kf.kobotoolbox.org/api/v2/assets/aNoHPR2idd3ffmVBFgjdep/data/821502562/attachments/att7ktpog9eA49XeaD884ktU/,Cannot see inside the drain.,,,Cannot see inside the drain.,,,,OK,821502562,9fec7f05-50c9-44b4-b69f-69276c34c376,2026-07-25T16:32:56,Approved,,submitted_via_web,,vT2oC7jQuFP8YdZrDnQt8Y,,uuid:84a982ec-3e0b-4ea0-8bfd-fc7476f5ee8e,,West,Vrishabhavati Valley,V305,,441,yes
473,2026-07-25T10:50:37.482+05:30,2026-08-20T18:04:43.103+05:30,,,"Yes, I feel safe to conduct the audit.",A78,Left hand side (LHS),6,V305,12.9180258 77.5406567 788.2999877929688 5.649,12.9180258,77.5406567,788.2999877929688,5.649,2026-07-25T10:51:00.000+05:30,,Open channel ,Property adjacent (abutting buildings),No work,0,0,0,0,1,0,,Yes,1784956980440.jpg,https://kf.kobotoolbox.org/api/v2/assets/aNoHPR2idd3ffmVBFgjdep/data/821699032/attachments/attEFfQnauyHNdXptB2WeDA7/,,,There is no retaining wall,0,"No, there is no fence ",Not applicable,1784957435780.jpg,https://kf.kobotoolbox.org/api/v2/assets/aNoHPR2idd3ffmVBFgjdep/data/821699032/attachments/attLTShbbuuhuCwD6mHQJdNz/,"Not applicable, There is no bridge ",,,,,,Not applicable,0,0,0,0,1,,,,,,,,,,,,Yes,1784957471607.jpg,https://kf.kobotoolbox.org/api/v2/assets/aNoHPR2idd3ffmVBFgjdep/data/821699032/attachments/attoF7xVvs7FC5HyvjMmtEz2/,No,1784956974329-18_4_30.jpg,https://kf.kobotoolbox.org/api/v2/assets/aNoHPR2idd3ffmVBFgjdep/data/821699032/attachments/atthQUEvAA2J3t9JN225udPv/,No,1784956974329-18_4_39.jpg,https://kf.kobotoolbox.org/api/v2/assets/aNoHPR2idd3ffmVBFgjdep/data/821699032/attachments/attagooGVK9zgwwSVywaMzAM/,,OK,821699032,ba840802-f176-4eee-8bd5-7e5c7f295726,2026-07-26T04:07:58,Approved,,submitted_via_web,,vT2oC7jQuFP8YdZrDnQt8Y,,uuid:9d773868-c757-41c7-b69b-3a03b4c154b0,,West,Vrishabhavati Valley,V305,,442,yes
474,2026-07-25T11:19:48.273+05:30,2026-08-21T10:38:31.660+05:30,,,"Yes, I feel safe to conduct the audit.",A78,Left hand side (LHS),3,V302,12.9187203 77.54193 781.8999633789062 3.79,12.9187203,77.54193,781.8999633789062,3.79,2026-07-25T11:20:00.000+05:30,,Open channel ,Property adjacent (abutting buildings),No work,0,0,0,0,1,0,,Yes,Screenshot 2026-08-21 103339-10_35_30.jpg,https://kf.kobotoolbox.org/api/v2/assets/aNoHPR2idd3ffmVBFgjdep/data/821699070/attachments/attMpxLKfYe2Z8LVh9AtGwSd/,Too much garbage,,Retaining wall intact ,6,"Yes, covered only on sides",Reinforced Cement Concrete (RCC),1784958770869.jpg,https://kf.kobotoolbox.org/api/v2/assets/aNoHPR2idd3ffmVBFgjdep/data/821699070/attachments/attT3omHdANCrVppQwBFTERg/,"Vehicular, I can see vehicles on the bridge",Intact footpath and fence ,0,0,1,0,Unobstructed (clear path),1,0,0,0,0,,,,1784958814241.jpg,https://kf.kobotoolbox.org/api/v2/assets/aNoHPR2idd3ffmVBFgjdep/data/821699070/attachments/att9SWUi9HK4Sr3f2NXW7XCd/,No,0,,,,,Yes,1784958843809.jpg,https://kf.kobotoolbox.org/api/v2/assets/aNoHPR2idd3ffmVBFgjdep/data/821699070/attachments/att5Q7rikGrgAqdnW6QZvRQw/,No,1784958707271-10_38_18.jpg,https://kf.kobotoolbox.org/api/v2/assets/aNoHPR2idd3ffmVBFgjdep/data/821699070/attachments/atto7mKqqJmvBYeYNXf4ZmRk/,No,1784958707271-10_38_25.jpg,https://kf.kobotoolbox.org/api/v2/assets/aNoHPR2idd3ffmVBFgjdep/data/821699070/attachments/atts2rNzVpDouLNEGzENU8BQ/,,OK,821699070,d74b67b2-1ea8-4d3e-a15c-841196f09946,2026-07-26T04:08:14,Approved,,submitted_via_web,,vT2oC7jQuFP8YdZrDnQt8Y,,uuid:352f8564-fadc-44e3-93f8-9b332b0a2000,,West,Vrishabhavati Valley,V302,,443,yes
475,2026-07-25T11:33:46.386+05:30,2026-08-21T10:24:28.658+05:30,,,"Yes, I feel safe to conduct the audit.",A78,Right hand side (RHS),4,V305,12.9186722 77.541415 782.0999755859375 5.155,12.9186722,77.541415,782.0999755859375,5.155,2026-07-25T11:34:00.000+05:30,,Open channel ,Property adjacent (abutting buildings),Any other work (please specify),0,0,0,0,0,1,Construction,Yes,1784959529011.jpg,https://kf.kobotoolbox.org/api/v2/assets/aNoHPR2idd3ffmVBFgjdep/data/821699098/attachments/attQVawuJi3kuxktBR8uyBjc/,,,Retaining wall intact ,4,"No, there is no fence ",Reinforced Cement Concrete (RCC),1784959561344.jpg,https://kf.kobotoolbox.org/api/v2/assets/aNoHPR2idd3ffmVBFgjdep/data/821699098/attachments/att8Q6W22Cp5BiuMEArkHEKJ/,"Not applicable, There is no bridge ",,,,,,Not applicable,0,0,0,0,1,,,,,,,,,,,,Yes,1784959583010.jpg,https://kf.kobotoolbox.org/api/v2/assets/aNoHPR2idd3ffmVBFgjdep/data/821699098/attachments/atttn2UTUbztuZWP9kPiPL57/,Cannot see inside the drain.,,,Cannot see inside the drain.,,,,OK,821699098,47714b4b-659b-4e92-b206-c9251b27d219,2026-07-26T04:08:26,Approved,,submitted_via_web,,vT2oC7jQuFP8YdZrDnQt8Y,,uuid:0c026efa-44b1-4b7b-a0f3-b50afb65d6f5,,West,Vrishabhavati Valley,V305,,444,yes
476,2026-07-25T12:09:12.340+05:30,2026-08-21T17:34:37.713+05:30,,,"Yes, I feel safe to conduct the audit.",A78,Left hand side (LHS),7,V305,12.9186062 77.5445516 787.0 10.635,12.9186062,77.5445516,787,10.635,2026-07-25T12:09:00.000+05:30,,Open channel ,Property adjacent (abutting buildings),No work,0,0,0,0,1,0,,No,1784961774871-11_13_18.jpg,https://kf.kobotoolbox.org/api/v2/assets/aNoHPR2idd3ffmVBFgjdep/data/821699142/attachments/atthbrrgwGr6CkPzVfG94tCX/,"Well maintained, the dead end is used as a community space.",,Retaining wall intact ,2,"No, there is no fence ",Reinforced Cement Concrete (RCC),1784961659767.jpg,https://kf.kobotoolbox.org/api/v2/assets/aNoHPR2idd3ffmVBFgjdep/data/821699142/attachments/attt4ungAE9X9Pr9DogYJYYM/,"Not applicable, There is no bridge ",,,,,,Not applicable,0,0,0,0,1,,,,,,,,,,,,Yes,Screenshot 2026-08-21 111502-11_15_11.jpg,https://kf.kobotoolbox.org/api/v2/assets/aNoHPR2idd3ffmVBFgjdep/data/821699142/attachments/attamiXpQsS3NEABVA7mLzBh/,No,1784961638954-11_15_47.jpg,https://kf.kobotoolbox.org/api/v2/assets/aNoHPR2idd3ffmVBFgjdep/data/821699142/attachments/attn678Tip66s9gBypkoHRW5/,Yes,1784961716937-11_16_6.jpg,https://kf.kobotoolbox.org/api/v2/assets/aNoHPR2idd3ffmVBFgjdep/data/821699142/attachments/attJ8yTrP3PShFiqqtxg7haG/,The lids on the manholes are missing.,OK,821699142,661e3c6e-cc34-4fd9-9e85-28c74be368be,2026-07-26T04:08:37,Approved,,submitted_via_web,,vT2oC7jQuFP8YdZrDnQt8Y,,uuid:bf66b3a1-dab6-4ef1-8432-1086902cd383,,West,Vrishabhavati Valley,V305,,445,yes
477,2026-07-25T11:07:51.766+05:30,2026-08-21T10:02:29.339+05:30,,,"Yes, I feel safe to conduct the audit.",A78,Left hand side (LHS),5,V305,12.918325 77.5411933 782.5999755859375 2.1,12.918325,77.5411933,782.5999755859375,2.1,2026-07-25T11:08:00.000+05:30,,Open channel ,Property adjacent (abutting buildings),No work,0,0,0,0,1,0,,Yes,1784958000537.jpg,https://kf.kobotoolbox.org/api/v2/assets/aNoHPR2idd3ffmVBFgjdep/data/821719792/attachments/attksDzBn9fttM8Dc2DcVCLk/,A garden is maintained at the road edge. Road is 22ft above drain.,,There is no retaining wall,0,"No, there is no fence ",Not applicable,1784957972885-10_1_37.jpg,https://kf.kobotoolbox.org/api/v2/assets/aNoHPR2idd3ffmVBFgjdep/data/821719792/attachments/attvbDJqFkxCfu8AQc2NPoxw/,"Not applicable, There is no bridge ",,,,,,Not applicable,0,0,0,0,1,,,,,,,,,,,,Yes,1784958120075.jpg,https://kf.kobotoolbox.org/api/v2/assets/aNoHPR2idd3ffmVBFgjdep/data/821719792/attachments/attnvQCD8oiH922aiDLwXyyv/,No,1784958083404-10_2_13.jpg,https://kf.kobotoolbox.org/api/v2/assets/aNoHPR2idd3ffmVBFgjdep/data/821719792/attachments/att4y9FVQDe6geLJiL3jyeVs/,No,1784958083404-10_2_21.jpg,https://kf.kobotoolbox.org/api/v2/assets/aNoHPR2idd3ffmVBFgjdep/data/821719792/attachments/atteXqRjvGM3JqGjbzhsFwah/,"Lots of garbage, garden maintained beside",OK,821719792,4f47fb1f-afc7-44b3-8454-9e332f8b8603,2026-07-26T05:34:26,Approved,,submitted_via_web,,vT2oC7jQuFP8YdZrDnQt8Y,,uuid:34aba867-1eff-4e8b-801d-fcb80d20c382,,West,Vrishabhavati Valley,V305,,446,yes
478,2026-08-18T08:42:21.806+00:00,2026-08-18T15:04:03.202+05:30,,,"Yes, I feel safe to conduct the audit.",A73,Right hand side (RHS),3,H300,13.0392591 77.6280253 810.2000122070312 4.037,13.0392591,77.6280253,810.2000122070312,4.037,2026-07-25T10:47:00.000+05:30,,Open channel ,Road adjacent (without footpath),No work,0,0,0,0,1,0,,Yes,1784958158436-14_18_24.jpg,https://kf.kobotoolbox.org/api/v2/assets/aNoHPR2idd3ffmVBFgjdep/data/842635963/attachments/attXzm9NMu9RKhhYu7iv8tVA/,Residential landuse,,Retaining wall intact ,4.5,"Yes, covered only on sides",Reinforced Cement Concrete (RCC),1784956846646.jpg,https://kf.kobotoolbox.org/api/v2/assets/aNoHPR2idd3ffmVBFgjdep/data/842635963/attachments/attpnMxsLeQXkKFNwz6FZeak/,"Pedestrian, I see only people walking on the bridge",Intact footpath and fence ,0,0,1,0,Unobstructed (clear path) Not applicable,1,0,0,0,1,,,,Screenshot 2026-08-18 150207-15_2_27.jpg,https://kf.kobotoolbox.org/api/v2/assets/aNoHPR2idd3ffmVBFgjdep/data/842635963/attachments/attr2Jrd3qBqnzb7VTcLAkaj/,No,0,,,,,No,1784958158436 (1)-15_3_21.jpg,https://kf.kobotoolbox.org/api/v2/assets/aNoHPR2idd3ffmVBFgjdep/data/842635963/attachments/attHtzHF5gHkABXFHNYYAoEM/,No,1784958092593-15_3_47.jpg,https://kf.kobotoolbox.org/api/v2/assets/aNoHPR2idd3ffmVBFgjdep/data/842635963/attachments/att7PNbAe5H2db9w7KfpVLHZ/,No,1784958092593-15_3_55.jpg,https://kf.kobotoolbox.org/api/v2/assets/aNoHPR2idd3ffmVBFgjdep/data/842635963/attachments/attcYH9N6SZrNEesHBFyAio4/,,OK,842635963,632b30fe-8f07-4155-a9a9-35d0eeaa96a8,2026-08-18T08:42:21,Approved,,submitted_via_web,mod_foundation,vT2oC7jQuFP8YdZrDnQt8Y,,uuid:6eb8ddf0-ccbb-4e64-bdd9-3505097147c2,,North,Hebbal Nagawara Valley,H300,,447,yes
