start,end,outdated,outdated,outdated,team_code,drain_number,location,lat,long,alt,accuracy,date_time,record_consent,use_consent,outdated,name_occupation,lived_years,flood_history,outdated,outdated,outdated,flood_height,flood_level_pic,kobo_link,last_flooded,flood_clear,desiliting,desilting_other,last_cleaned,last_cleaned_other,maintenance,activities,public_health,specify,other _info,,audio,audio,audio,,,,,,,,,,,index,,,,,,,,,,,,,,,,,,,,,,,,,,,,,,,,,,,,,,,,,,,,,,
start,end,"Form 3. This form is regarding flooding and maintenance. To answer the questions, please interview a person from that area","Section 1: General information and safety In this section, you will answer general information.",1.1 Your safety is our priority. ,1.2 Team code,,,,,,,,,,Section 2: Questions are related to  flood and maintenance ,,,2.1 Does the drain have a history of flooding?,2.1 Does the drain have a history of flooding?/Yes,2.1 Does the drain have a history of flooding?/No,2.1 Does the drain have a history of flooding?/Cannot find info.,"2.2 During heavy rain, approx. height of water that flows on the road?",,,,,2.3 Does desilting happen often?,,2.4 When was this SWD last cleaned?,,2.5 Does the local community know who maintains the drain? ,,,,,Thank you for filling the audit form ,,,,_id,_uuid,_submission_time,_validation_status,_notes,_status,_submitted_by,__version__,_tags,meta/rootUuid,_index,_drain,_secondarydrain,,,,,,,,,,,,,,,,,,,,,,,,,,,,,,,,,,,,,,,,,,,,
10-01-2026,10-01-2026,,,"Yes, I feel safe to conduct audit",A1,,,,,,,,,,,,,Yes,1,0,0,6-10 inches,,,,,Once a year,,More than 6 months,,GBA (Previously known as BBMP) Ward Office,,,,,OK,,,,645825970,7c49cd06-e67b-4782-ac29-3367b9dddea8,10-01-2026,,,submitted_via_web,,vJEYTnih43h86inVikMyrj,,uuid:7c49cd06-e67b-4782-ac29-3367b9dddea8,1,C100,,,,,,,,,,,,,,,,,,,,,,,,,,,,,,,,,,,,,,,,,,,,,
10-01-2026,10-01-2026,,,"Yes, I feel safe to conduct audit",A3,,,,,,,,,,,,,No,0,1,0,2-5 inches,,,,,Every 6 months,,2-6 months back,,GBA (Previously known as BBMP) Ward Office,,,,,OK,,,,645828032,5a8309e4-f31f-4fa3-ab3b-74f118fcfb02,10-01-2026,,,submitted_via_web,,vJEYTnih43h86inVikMyrj,,uuid:5a8309e4-f31f-4fa3-ab3b-74f118fcfb02,2,C100,,,,,,,,,,,,,,,,,,,,,,,,,,,,,,,,,,,,,,,,,,,,,
10-01-2026,10-01-2026,,,"Yes, I feel safe to conduct audit",A3,,,,,,,,,,,,,Yes,1,0,0,2-5 inches,,,,,Every 6 months,,2-6 months back,,GBA (Previously known as BBMP) Ward Office,,,,,OK,,,,645835866,6eba75db-e5e4-475e-b717-50c7ea6fabe7,10-01-2026,,,submitted_via_web,,vJEYTnih43h86inVikMyrj,,uuid:6eba75db-e5e4-475e-b717-50c7ea6fabe7,3,C100,,,,,,,,,,,,,,,,,,,,,,,,,,,,,,,,,,,,,,,,,,,,,
10-01-2026,10-01-2026,,,"Yes, I feel safe to conduct audit",A2,,,,,,,,,,,,,No,0,1,0,Does not flood,,,,,Cannot find info.,,More than 6 months,,GBA (Previously known as BBMP) Ward Office,,,,,OK,,,,645856798,4bb6d9e8-5bb3-4949-90d2-6b941085f73b,10-01-2026,,,submitted_via_web,,vJEYTnih43h86inVikMyrj,,uuid:4bb6d9e8-5bb3-4949-90d2-6b941085f73b,4,C100,,,,,,,,,,,,,,,,,,,,,,,,,,,,,,,,,,,,,,,,,,,,,
10-01-2026,10-01-2026,,,"Yes, I feel safe to conduct audit",A2,,,,,,,,,,,,,Yes,1,0,0,More than 10 inches,,,,,Do not know,,Cannot find info.,,No one,,,,,OK,,,,645856807,b5ca6408-8568-4133-8f05-b93a71ba3b9d,10-01-2026,,,submitted_via_web,,vJEYTnih43h86inVikMyrj,,uuid:b5ca6408-8568-4133-8f05-b93a71ba3b9d,5,C100,,,,,,,,,,,,,,,,,,,,,,,,,,,,,,,,,,,,,,,,,,,,,
10-01-2026,10-01-2026,,,"Yes, I feel safe to conduct audit",A2,,,,,,,,,,,,,Yes,1,0,0,More than 10 inches,,,,,Do not know,,2-6 months back,,Do not know,,,,,OK,,,,645856812,49d7eda2-735a-4aef-aaa8-8a672f801312,10-01-2026,,,submitted_via_web,,vJEYTnih43h86inVikMyrj,,uuid:49d7eda2-735a-4aef-aaa8-8a672f801312,6,C100,,,,,,,,,,,,,,,,,,,,,,,,,,,,,,,,,,,,,,,,,,,,,
10-01-2026,10-01-2026,,,"Yes, I feel safe to conduct audit",A2,,,,,,,,,,,,,Yes,1,0,0,More than 10 inches,,,,,Cannot find info.,,Cannot find info.,,Do not know,,,,,OK,,,,645856819,090a63a7-7cc0-4ad7-a37b-85e59e5d661f,10-01-2026,,,submitted_via_web,,vJEYTnih43h86inVikMyrj,,uuid:090a63a7-7cc0-4ad7-a37b-85e59e5d661f,7,C100,,,,,,,,,,,,,,,,,,,,,,,,,,,,,,,,,,,,,,,,,,,,,
10-01-2026,10-01-2026,,,"Yes, I feel safe to conduct audit",A2,,,,,,,,,,,,,Yes,1,0,0,Upto  1 inch,,,,,Do not know,,2-6 months back,,GBA (Previously known as BBMP) Ward Office,,,,,OK,,,,645856825,72f57cfe-6f89-4911-ac62-57d31cb9cd0b,10-01-2026,,,submitted_via_web,,vJEYTnih43h86inVikMyrj,,uuid:72f57cfe-6f89-4911-ac62-57d31cb9cd0b,8,C100,,,,,,,,,,,,,,,,,,,,,,,,,,,,,,,,,,,,,,,,,,,,,
10-01-2026,10-01-2026,,,"Yes, I feel safe to conduct audit",A2,,,,,,,,,,,,,Yes,1,0,0,More than 10 inches,,,,,Do not know,,2-6 months back,,GBA (Previously known as BBMP) Ward Office,,,,,OK,,,,645856831,1d2504b4-48dc-4f0e-be31-7c963b5b5dbb,10-01-2026,,,submitted_via_web,,vJEYTnih43h86inVikMyrj,,uuid:1d2504b4-48dc-4f0e-be31-7c963b5b5dbb,9,C100,,,,,,,,,,,,,,,,,,,,,,,,,,,,,,,,,,,,,,,,,,,,,
10-01-2026,10-01-2026,,,"Yes, I feel safe to conduct audit",A1,,,,,,,,,,,,,Yes,1,0,0,More than 10 inches,,,,,Do not know,,More than 6 months,,No one,,,,,OK,,,,645869771,e18efab9-1fbe-431f-922f-1847c0ee3d2f,10-01-2026,,,submitted_via_web,,vJEYTnih43h86inVikMyrj,,uuid:e18efab9-1fbe-431f-922f-1847c0ee3d2f,10,C100,,,,,,,,,,,,,,,,,,,,,,,,,,,,,,,,,,,,,,,,,,,,,
10-01-2026,10-01-2026,,,"Yes, I feel safe to conduct audit",A1,,,,,,,,,,,,,Yes,1,0,0,Cannot find info. ,,,,,Cannot find info.,,Cannot find info.,,Do not know,,,,,OK,,,,645870278,5d2077f8-ff94-4fc8-8833-d30e568fc876,10-01-2026,,,submitted_via_web,,vJEYTnih43h86inVikMyrj,,uuid:5d2077f8-ff94-4fc8-8833-d30e568fc876,11,C100,,,,,,,,,,,,,,,,,,,,,,,,,,,,,,,,,,,,,,,,,,,,,
10-01-2026,10-01-2026,,,"Yes, I feel safe to conduct audit",A1,,,,,,,,,,,,,Yes,1,0,0,More than 10 inches,,,,,Cannot find info.,,Cannot find info.,,GBA (Previously known as BBMP) Ward Office,,,,,OK,,,,645870285,5cd43ebc-45c9-4131-908d-05e4a5d6d42a,10-01-2026,,,submitted_via_web,,vJEYTnih43h86inVikMyrj,,uuid:5cd43ebc-45c9-4131-908d-05e4a5d6d42a,12,C100,,,,,,,,,,,,,,,,,,,,,,,,,,,,,,,,,,,,,,,,,,,,,
10-01-2026,10-01-2026,,,"Yes, I feel safe to conduct audit",A1,,,,,,,,,,,,,Yes,1,0,0,More than 10 inches,,,,,Every 6 months,,2-6 months back,,GBA (Previously known as BBMP) Ward Office,,,,,OK,,,,645871077,e3e1de0e-f44c-4109-b422-86bf04e4513d,10-01-2026,,,submitted_via_web,,vJEYTnih43h86inVikMyrj,,uuid:e3e1de0e-f44c-4109-b422-86bf04e4513d,13,C100,,,,,,,,,,,,,,,,,,,,,,,,,,,,,,,,,,,,,,,,,,,,,
10-01-2026,10-01-2026,,,"Yes, I feel safe to conduct audit",A1,,,,,,,,,,,,,Yes,1,0,0,Upto  1 inch,,,,,Do not know,,2-6 months back,,GBA (Previously known as BBMP) Ward Office,,,,,OK,,,,645872730,d3a53693-a032-4964-a1de-8d5209e63995,10-01-2026,,,submitted_via_web,,vJEYTnih43h86inVikMyrj,,uuid:d3a53693-a032-4964-a1de-8d5209e63995,14,C100,,,,,,,,,,,,,,,,,,,,,,,,,,,,,,,,,,,,,,,,,,,,,
10-01-2026,10-01-2026,,,"Yes, I feel safe to conduct audit",A3,,,,,,,,,,,,,No,0,1,0,Does not flood,,,,,Once a year,,More than 6 months,,GBA (Previously known as BBMP) Ward Office,,,,,OK,,,,646336293,bd53b43c-358e-450e-8e42-de322c3addf4,11-01-2026,,,submitted_via_web,,vJEYTnih43h86inVikMyrj,,uuid:bd53b43c-358e-450e-8e42-de322c3addf4,15,C100,,,,,,,,,,,,,,,,,,,,,,,,,,,,,,,,,,,,,,,,,,,,,
10-01-2026,10-01-2026,,,"Yes, I feel safe to conduct audit",A3,,,,,,,,,,,,,Yes,1,0,0,2-5 inches,,,,,Once a year,,More than 6 months,,Do not know,,,,,OK,,,,646336299,d0721811-8b93-437a-b9c1-b3ecfe8c19ff,11-01-2026,,,submitted_via_web,,vJEYTnih43h86inVikMyrj,,uuid:d0721811-8b93-437a-b9c1-b3ecfe8c19ff,16,C100,,,,,,,,,,,,,,,,,,,,,,,,,,,,,,,,,,,,,,,,,,,,,
10-01-2026,10-01-2026,,,"Yes, I feel safe to conduct audit",A3,,,,,,,,,,,,,Yes,1,0,0,Upto  1 inch,,,,,Every 6 months,,2-6 months back,,Do not know,,,,,OK,,,,646336390,105860fc-dd55-4698-a5ec-09d356a8ef34,11-01-2026,,,submitted_via_web,,vJEYTnih43h86inVikMyrj,,uuid:105860fc-dd55-4698-a5ec-09d356a8ef34,17,C100,,,,,,,,,,,,,,,,,,,,,,,,,,,,,,,,,,,,,,,,,,,,,
31-01-2026,31-01-2026,,,"Yes, I feel safe to conduct audit",A5,,,,,,,,,,,,,Yes,1,0,0,More than 10 inches,,,,,Every 6 months,,More than 6 months,,GBA SWD Dept. ,,,,,OK,,,,660501659,7db54646-b143-4bc8-8e73-555872c0ec51,31-01-2026,,,submitted_via_web,,vJEYTnih43h86inVikMyrj,,uuid:7db54646-b143-4bc8-8e73-555872c0ec51,18,K200,,,,,,,,,,,,,,,,,,,,,,,,,,,,,,,,,,,,,,,,,,,,,
31-01-2026,31-01-2026,,,"Yes, I feel safe to conduct audit",A6,,,,,,,,,,,,,Yes,1,0,0,2-5 inches,,,,,Once a year,,2-6 months back,,Do not know,,,,,OK,,,,660510931,aceb54a9-50e5-4e50-87b5-3915e28f5963,31-01-2026,,,submitted_via_web,,vJEYTnih43h86inVikMyrj,,uuid:aceb54a9-50e5-4e50-87b5-3915e28f5963,19,K200,,,,,,,,,,,,,,,,,,,,,,,,,,,,,,,,,,,,,,,,,,,,,
31-01-2026,31-01-2026,,,"Yes, I feel safe to conduct audit",A6,,,,,,,,,,,,,Yes,1,0,0,2-5 inches,,,,,Do not know,,More than 6 months,,GBA (Previously known as BBMP) Ward Office,,,,,OK,,,,660514519,443affe2-8429-4ebe-92d0-b853107949b6,31-01-2026,,,submitted_via_web,,vJEYTnih43h86inVikMyrj,,uuid:443affe2-8429-4ebe-92d0-b853107949b6,20,K200,,,,,,,,,,,,,,,,,,,,,,,,,,,,,,,,,,,,,,,,,,,,,
31-01-2026,31-01-2026,,,"Yes, I feel safe to conduct audit",A5,,,,,,,,,,,,,No,0,1,0,Does not flood,,,,,Once a year,,Last month,,GBA (Previously known as BBMP) Ward Office,,,,,OK,,,,660526416,b9c6b286-7f39-4d17-a826-a1dbdfb21032,31-01-2026,,,submitted_via_web,,vJEYTnih43h86inVikMyrj,,uuid:b9c6b286-7f39-4d17-a826-a1dbdfb21032,21,K200,,,,,,,,,,,,,,,,,,,,,,,,,,,,,,,,,,,,,,,,,,,,,
31-01-2026,31-01-2026,,,"Yes, I feel safe to conduct audit",A5,,,,,,,,,,,,,Yes,1,0,0,More than 10 inches,,,,,Every 6 months,,More than 6 months,,GBA (Previously known as BBMP) Ward Office,,,,,OK,,,,660526434,00db775b-3812-47b4-bd44-3618172016f7,31-01-2026,,,submitted_via_web,,vJEYTnih43h86inVikMyrj,,uuid:00db775b-3812-47b4-bd44-3618172016f7,23,K200,,,,,,,,,,,,,,,,,,,,,,,,,,,,,,,,,,,,,,,,,,,,,
31-01-2026,31-01-2026,,,"Yes, I feel safe to conduct audit",A5,,,,,,,,,,,,,Yes,1,0,0,More than 10 inches,,,,,Do not know,,Cannot find info.,,Do not know,,,,,,,,,660526441,d86d9bb2-0eab-4a32-ad63-f3e4c8be620b,31-01-2026,,,submitted_via_web,,vJEYTnih43h86inVikMyrj,,uuid:d86d9bb2-0eab-4a32-ad63-f3e4c8be620b,24,K200,,,,,,,,,,,,,,,,,,,,,,,,,,,,,,,,,,,,,,,,,,,,,
31-01-2026,31-01-2026,,,"Yes, I feel safe to conduct audit",A5,,,,,,,,,,,,,Yes,1,0,0,2-5 inches,,,,,Once a year,,More than 6 months,,Do not know,,,,,OK,,,,660526446,5d916583-18f5-405d-b30d-2b6e1071c8de,31-01-2026,,,submitted_via_web,,vJEYTnih43h86inVikMyrj,,uuid:5d916583-18f5-405d-b30d-2b6e1071c8de,25,K200,,,,,,,,,,,,,,,,,,,,,,,,,,,,,,,,,,,,,,,,,,,,,
31-01-2026,31-01-2026,,,"Yes, I feel safe to conduct audit",A6,,,,,,,,,,,,,Yes,1,0,0,More than 10 inches,,,,,Do not know,,Cannot find info.,,GBA (Previously known as BBMP) Ward Office,,,,,OK,,,,660530275,46a00d48-90e5-4a0d-a638-454eac092724,31-01-2026,,,submitted_via_web,,vJEYTnih43h86inVikMyrj,,uuid:46a00d48-90e5-4a0d-a638-454eac092724,26,K200,,,,,,,,,,,,,,,,,,,,,,,,,,,,,,,,,,,,,,,,,,,,,
31-01-2026,31-01-2026,,,"Yes, I feel safe to conduct audit",A7,,,,,,,,,,,,,No,0,1,0,Does not flood,,,,,Every 6 months,,More than 6 months,,Do not know,,,,,OK,,,,660530421,605c9bd8-3413-4e97-82af-d0a8353c2d25,31-01-2026,,,submitted_via_web,,vJEYTnih43h86inVikMyrj,,uuid:605c9bd8-3413-4e97-82af-d0a8353c2d25,27,K200,,,,,,,,,,,,,,,,,,,,,,,,,,,,,,,,,,,,,,,,,,,,,
31-01-2026,31-01-2026,,,"Yes, I feel safe to conduct audit",A7,,,,,,,,,,,,,No,0,1,0,Does not flood,,,,,Every 6 months,,2-6 months back,,GBA (Previously known as BBMP) Ward Office,,,,,OK,,,,660530742,7fb4cf91-83d5-4492-ad73-4d847c8d44cc,31-01-2026,,,submitted_via_web,,vJEYTnih43h86inVikMyrj,,uuid:7fb4cf91-83d5-4492-ad73-4d847c8d44cc,28,K200,,,,,,,,,,,,,,,,,,,,,,,,,,,,,,,,,,,,,,,,,,,,,
31-01-2026,31-01-2026,,,"Yes, I feel safe to conduct audit",A7,,,,,,,,,,,,,No,0,1,0,Does not flood,,,,,Every 6 months,,2-6 months back,,GBA (Previously known as BBMP) Ward Office,,,,,OK,,,,660530752,1d90f909-0ee2-4d76-8094-bbb3086e890f,31-01-2026,,,submitted_via_web,,vJEYTnih43h86inVikMyrj,,uuid:1d90f909-0ee2-4d76-8094-bbb3086e890f,29,K200,,,,,,,,,,,,,,,,,,,,,,,,,,,,,,,,,,,,,,,,,,,,,
31-01-2026,31-01-2026,,,"Yes, I feel safe to conduct audit",A7,,,,,,,,,,,,,No,0,1,0,Does not flood,,,,,Every 6 months,,2-6 months back,,GBA (Previously known as BBMP) Ward Office,,,,,OK,,,,660531123,9c5623d2-d6fc-4448-83e4-c8e1c9a33ed3,31-01-2026,,,submitted_via_web,,vJEYTnih43h86inVikMyrj,,uuid:9c5623d2-d6fc-4448-83e4-c8e1c9a33ed3,30,K200,,,,,,,,,,,,,,,,,,,,,,,,,,,,,,,,,,,,,,,,,,,,,
31-01-2026,31-01-2026,,,"Yes, I feel safe to conduct audit",A4,,,,,,,,,,,,,Yes,1,0,0,Does not flood,,,,,Do not know,,2-6 months back,,GBA (Previously known as BBMP) Ward Office,,,,,OK,,,,660531359,fd03385f-b750-4462-94f6-c9a8327856c9,31-01-2026,,,submitted_via_web,,vJEYTnih43h86inVikMyrj,,uuid:fd03385f-b750-4462-94f6-c9a8327856c9,31,K200,,,,,,,,,,,,,,,,,,,,,,,,,,,,,,,,,,,,,,,,,,,,,
31-01-2026,31-01-2026,,,"Yes, I feel safe to conduct audit",A4,,,,,,,,,,,,,Yes,1,0,0,More than 10 inches,,,,,Once a year,,2-6 months back,,GBA (Previously known as BBMP) Ward Office,,,,,OK,,,,660597771,7cec78be-2be6-425c-8adc-4f6d43ede726,31-01-2026,,,submitted_via_web,,vJEYTnih43h86inVikMyrj,,uuid:7cec78be-2be6-425c-8adc-4f6d43ede726,32,K200,,,,,,,,,,,,,,,,,,,,,,,,,,,,,,,,,,,,,,,,,,,,,
31-01-2026,31-01-2026,,,"Yes, I feel safe to conduct audit",A4,,,,,,,,,,,,,Yes,1,0,0,Does not flood,,,,,Do not know,,2-6 months back,,GBA (Previously known as BBMP) Ward Office,,,,,OK,,,,660597935,fcd1a9ca-059f-4682-b7aa-73302e90ddd7,31-01-2026,,,submitted_via_web,,vJEYTnih43h86inVikMyrj,,uuid:fcd1a9ca-059f-4682-b7aa-73302e90ddd7,33,K200,,,,,,,,,,,,,,,,,,,,,,,,,,,,,,,,,,,,,,,,,,,,,
31-01-2026,31-01-2026,,,"Yes, I feel safe to conduct audit",A4,,,,,,,,,,,,,Yes,1,0,0,2-5 inches,,,,,Once a year,,2-6 months back,,GBA (Previously known as BBMP) Ward Office,,,,,OK,,,,660597981,3ba97a3e-bdcb-43f0-a863-7e494f08dd1f,31-01-2026,,,submitted_via_web,,vJEYTnih43h86inVikMyrj,,uuid:3ba97a3e-bdcb-43f0-a863-7e494f08dd1f,34,K200,,,,,,,,,,,,,,,,,,,,,,,,,,,,,,,,,,,,,,,,,,,,,
31-01-2026,31-01-2026,,,"Yes, I feel safe to conduct audit",A4,,,,,,,,,,,,,Yes,1,0,0,Does not flood,,,,,Once a year,,2-6 months back,,GBA (Previously known as BBMP) Ward Office,,,,,OK,,,,660598077,9fa45e96-bb1d-4792-bb64-6f6f88f2ddf8,31-01-2026,,,submitted_via_web,,vJEYTnih43h86inVikMyrj,,uuid:9fa45e96-bb1d-4792-bb64-6f6f88f2ddf8,35,K200,,,,,,,,,,,,,,,,,,,,,,,,,,,,,,,,,,,,,,,,,,,,,
07-02-2026,07-02-2026,,,"Yes, I feel safe to conduct audit",A9,,,,,,,,,,,,,Cannot find info.,0,0,1,Cannot find info. ,,,,,Cannot find info.,,Cannot find info.,,Do not know,,,,,OK,,,,665837451,d83a6023-e641-465f-9752-dd4f49a6a3fd,07-02-2026,,,submitted_via_web,,vJEYTnih43h86inVikMyrj,,uuid:d83a6023-e641-465f-9752-dd4f49a6a3fd,36,V200,,,,,,,,,,,,,,,,,,,,,,,,,,,,,,,,,,,,,,,,,,,,,
07-02-2026,07-02-2026,,,"Yes, I feel safe to conduct audit",A10,,,,,,,,,,,,,Yes,1,0,0,6-10 inches,,,,,Do not know,,Cannot find info.,,GBA (Previously known as BBMP) Ward Office,,,,,OK,,,,665842416,0eddd573-92b0-4a51-ad85-59a86665e6a9,07-02-2026,,,submitted_via_web,,vJEYTnih43h86inVikMyrj,,uuid:0eddd573-92b0-4a51-ad85-59a86665e6a9,37,V200,,,,,,,,,,,,,,,,,,,,,,,,,,,,,,,,,,,,,,,,,,,,,
07-02-2026,07-02-2026,,,"Yes, I feel safe to conduct audit",A9,,,,,,,,,,,,,No,0,1,0,Does not flood,,,,,Cannot find info.,,Cannot find info.,,GBA (Previously known as BBMP) Ward Office,,,,,OK,,,,665846912,5e86419e-e376-42c6-8bb8-ab4b08a81875,07-02-2026,,,submitted_via_web,,vJEYTnih43h86inVikMyrj,,uuid:5e86419e-e376-42c6-8bb8-ab4b08a81875,38,V200,,,,,,,,,,,,,,,,,,,,,,,,,,,,,,,,,,,,,,,,,,,,,
07-02-2026,07-02-2026,,,"Yes, I feel safe to conduct audit",A8,,,,,,,,,,,,,No,0,1,0,Does not flood,,,,,Do not know,,Cannot find info.,,Do not know,,,,,OK,,,,665847010,e886e8f2-46bf-4fd1-acef-5a0d61919ed0,07-02-2026,,,submitted_via_web,,vJEYTnih43h86inVikMyrj,,uuid:e886e8f2-46bf-4fd1-acef-5a0d61919ed0,39,V200,,,,,,,,,,,,,,,,,,,,,,,,,,,,,,,,,,,,,,,,,,,,,
07-02-2026,07-02-2026,,,"Yes, I feel safe to conduct audit",A8,,,,,,,,,,,,,No,0,1,0,Does not flood,,,,,Once a year,,2-6 months back,,GBA (Previously known as BBMP) Ward Office,,,,,OK,,,,665847012,e33969e1-4d59-4758-9313-df1955804f35,07-02-2026,,,submitted_via_web,,vJEYTnih43h86inVikMyrj,,uuid:e33969e1-4d59-4758-9313-df1955804f35,40,V200,,,,,,,,,,,,,,,,,,,,,,,,,,,,,,,,,,,,,,,,,,,,,
07-02-2026,07-02-2026,,,"Yes, I feel safe to conduct audit",A8,,,,,,,,,,,,,No,0,1,0,Does not flood,,,,,Do not know,,Cannot find info.,,No one,,,,,OK,,,,665847017,e6e81cd6-d1aa-45b0-811a-811ecb5e767b,07-02-2026,,,submitted_via_web,,vJEYTnih43h86inVikMyrj,,uuid:e6e81cd6-d1aa-45b0-811a-811ecb5e767b,41,V200,,,,,,,,,,,,,,,,,,,,,,,,,,,,,,,,,,,,,,,,,,,,,
07-02-2026,07-02-2026,,,"Yes, I feel safe to conduct audit",A9,,,,,,,,,,,,,Yes,1,0,0,Does not flood,,,,,Do not know,,More than 6 months,,GBA SWD Dept. ,,,,,OK,,,,665850156,2245f6d9-df89-45ab-96fb-0178a83c44fd,07-02-2026,,,submitted_via_web,,vJEYTnih43h86inVikMyrj,,uuid:2245f6d9-df89-45ab-96fb-0178a83c44fd,42,V200,,,,,,,,,,,,,,,,,,,,,,,,,,,,,,,,,,,,,,,,,,,,,
07-02-2026,07-02-2026,,,"Yes, I feel safe to conduct audit",A11,,,,,,,,,,,,,Cannot find info.,0,0,1,Cannot find info. ,,,,,Once a year,,More than 6 months,,GBA SWD Dept. ,,,,,OK,,,,665851300,67360ead-2cd8-406d-a9c5-672454f0fa79,07-02-2026,,,submitted_via_web,,vJEYTnih43h86inVikMyrj,,uuid:67360ead-2cd8-406d-a9c5-672454f0fa79,43,V200,,,,,,,,,,,,,,,,,,,,,,,,,,,,,,,,,,,,,,,,,,,,,
21-02-2026,21-02-2026,,,"Yes, I feel safe to conduct audit",A19,,,,,,,,,,,,,No,0,1,0,,,,,,Every 6 months,,Last month,,Do not know,,,,,OK,,,,676772617,c75102c6-4dd8-4b6f-8c3f-50c9823ec347,21-02-2026,,,submitted_via_web,,v5gRYdvNEMSpkDy6nZJagS,,uuid:c75102c6-4dd8-4b6f-8c3f-50c9823ec347,44,H300,,,,,,,,,,,,,,,,,,,,,,,,,,,,,,,,,,,,,,,,,,,,,
21-02-2026,21-02-2026,,,"Yes, I feel safe to conduct audit",A19,,,,,,,,,,,,,Yes,1,0,0,2-5 inches,,,,,Once a year,,Last month,,Do not know,,,,,OK,,,,676772623,0beddbb7-dedd-4368-9378-2d8b2aec6d77,21-02-2026,,,submitted_via_web,,v5gRYdvNEMSpkDy6nZJagS,,uuid:0beddbb7-dedd-4368-9378-2d8b2aec6d77,45,H300,,,,,,,,,,,,,,,,,,,,,,,,,,,,,,,,,,,,,,,,,,,,,
21-02-2026,21-02-2026,,,"Yes, I feel safe to conduct audit",A19,,,,,,,,,,,,,No,0,1,0,Does not flood,,,,,Every 6 months,,Last month,,GBA (Previously known as BBMP) Ward Office,,,,,OK,,,,676772628,fee308de-b72f-42b7-a1df-a555350c3cef,21-02-2026,,,submitted_via_web,,v5gRYdvNEMSpkDy6nZJagS,,uuid:fee308de-b72f-42b7-a1df-a555350c3cef,46,H300,,,,,,,,,,,,,,,,,,,,,,,,,,,,,,,,,,,,,,,,,,,,,
21-02-2026,21-02-2026,,,"Yes, I feel safe to conduct audit",A19,,,,,,,,,,,,,No,0,1,0,Does not flood,,,,,Every 6 months,,2-6 months back,,Do not know,,,,,OK,,,,676772849,f06c0df7-8239-4142-a274-ad7e6270b2b0,21-02-2026,,,submitted_via_web,,v5gRYdvNEMSpkDy6nZJagS,,uuid:f06c0df7-8239-4142-a274-ad7e6270b2b0,47,H300,,,,,,,,,,,,,,,,,,,,,,,,,,,,,,,,,,,,,,,,,,,,,
21-02-2026,21-02-2026,,,"Yes, I feel safe to conduct audit",A19,,,,,,,,,,,,,Yes,1,0,0,Upto  1 inch,,,,,Every 6 months,,Last month,,GBA (Previously known as BBMP) Ward Office,,,,,OK,,,,676772856,98ddf3ea-0be8-4cfd-8593-dc4bd0259368,21-02-2026,,,submitted_via_web,,v5gRYdvNEMSpkDy6nZJagS,,uuid:98ddf3ea-0be8-4cfd-8593-dc4bd0259368,48,H300,,,,,,,,,,,,,,,,,,,,,,,,,,,,,,,,,,,,,,,,,,,,,
21-02-2026,21-02-2026,,,"Yes, I feel safe to conduct audit",A19,,,,,,,,,,,,,No,0,1,0,Does not flood,,,,,Every 6 months,,Last month,,GBA (Previously known as BBMP) Ward Office,,,,,OK,,,,676772859,decad148-2777-4882-a759-9491476ffb7d,21-02-2026,,,submitted_via_web,,v5gRYdvNEMSpkDy6nZJagS,,uuid:decad148-2777-4882-a759-9491476ffb7d,49,H300,,,,,,,,,,,,,,,,,,,,,,,,,,,,,,,,,,,,,,,,,,,,,
19-02-2026,19-02-2026,,,"Yes, I feel safe to conduct audit",A12,,,,,,,,,,,,,Cannot find info.,0,0,1,Cannot find info. ,,,,,Cannot find info.,,Cannot find info.,,Do not know,,,,,OK,,,,677177114,4f942474-4a5b-485f-8e8c-334d1e34a6d5,21-02-2026,,,submitted_via_web,,v5gRYdvNEMSpkDy6nZJagS,,uuid:4f942474-4a5b-485f-8e8c-334d1e34a6d5,50,C100,,,,,,,,,,,,,,,,,,,,,,,,,,,,,,,,,,,,,,,,,,,,,
19-02-2026,19-02-2026,,,"Yes, I feel safe to conduct audit",A12,,,,,,,,,,,,,No,0,1,0,Does not flood,,,,,Cannot find info.,,Cannot find info.,,Do not know,,,,,OK,,,,677177117,aacf9bf7-16ce-4fea-979c-c793d5d39ffa,21-02-2026,,,submitted_via_web,,v5gRYdvNEMSpkDy6nZJagS,,uuid:aacf9bf7-16ce-4fea-979c-c793d5d39ffa,51,C100,,,,,,,,,,,,,,,,,,,,,,,,,,,,,,,,,,,,,,,,,,,,,
19-02-2026,19-02-2026,,,"Yes, I feel safe to conduct audit",A12,,,,,,,,,,,,,No,0,1,0,More than 10 inches,,,,,Do not know,,More than 6 months,,No one,,,,,OK,,,,677177120,00db487a-8035-4937-9a6c-0ba98026fa54,21-02-2026,,,submitted_via_web,,v5gRYdvNEMSpkDy6nZJagS,,uuid:00db487a-8035-4937-9a6c-0ba98026fa54,52,C100,,,,,,,,,,,,,,,,,,,,,,,,,,,,,,,,,,,,,,,,,,,,,
19-02-2026,19-02-2026,,,"Yes, I feel safe to conduct audit",A12,,,,,,,,,,,,,No,0,1,0,More than 10 inches,,,,,Cannot find info.,,More than 6 months,,Do not know,,,,,OK,,,,677177124,58c395ec-163a-4f37-93cf-76bec92f156c,21-02-2026,,,submitted_via_web,,v5gRYdvNEMSpkDy6nZJagS,,uuid:58c395ec-163a-4f37-93cf-76bec92f156c,53,C100,,,,,,,,,,,,,,,,,,,,,,,,,,,,,,,,,,,,,,,,,,,,,
19-02-2026,19-02-2026,,,"Yes, I feel safe to conduct audit",A12,,,,,,,,,,,,,No,0,1,0,2-5 inches,,,,,Do not know,,More than 6 months,,Private,,,,,OK,,,,677177127,428b5da8-dbfa-4cf0-86ab-085fd20d3715,21-02-2026,,,submitted_via_web,,v5gRYdvNEMSpkDy6nZJagS,,uuid:428b5da8-dbfa-4cf0-86ab-085fd20d3715,54,C100,,,,,,,,,,,,,,,,,,,,,,,,,,,,,,,,,,,,,,,,,,,,,
19-02-2026,19-02-2026,,,"Yes, I feel safe to conduct audit",A12,,,,,,,,,,,,,No,0,1,0,2-5 inches,,,,,Do not know,,More than 6 months,,No one,,,,,OK,,,,677177131,595a0090-016f-48cf-b02d-0e252d395d74,21-02-2026,,,submitted_via_web,,v5gRYdvNEMSpkDy6nZJagS,,uuid:595a0090-016f-48cf-b02d-0e252d395d74,55,C100,,,,,,,,,,,,,,,,,,,,,,,,,,,,,,,,,,,,,,,,,,,,,
22-02-2026,22-02-2026,,,"Yes, I feel safe to conduct audit",A26,,,,,,,,,,,,,Yes,1,0,0,Upto  1 inch,,,,,Once a year,,More than 6 months,,GBA (Previously known as BBMP) Ward Office,,,,,OK,,,,677261129,7e6e65e9-4cbc-46f2-8dbe-088e3af662d4,22-02-2026,,,submitted_via_web,,v5gRYdvNEMSpkDy6nZJagS,,uuid:7e6e65e9-4cbc-46f2-8dbe-088e3af662d4,56,RN223,,,,,,,,,,,,,,,,,,,,,,,,,,,,,,,,,,,,,,,,,,,,,
22-02-2026,22-02-2026,,,"Yes, I feel safe to conduct audit",A29,,,,,,,,,,,,,No,0,1,0,Does not flood,,,,,Do not know,,More than 6 months,,GBA (Previously known as BBMP) Ward Office,,,,,OK,,,,677262068,b03490b2-2de9-4caf-b0e9-030c06284dae,22-02-2026,,,submitted_via_web,,v5gRYdvNEMSpkDy6nZJagS,,uuid:b03490b2-2de9-4caf-b0e9-030c06284dae,57,MD355,,,,,,,,,,,,,,,,,,,,,,,,,,,,,,,,,,,,,,,,,,,,,
22-02-2026,22-02-2026,,,"Yes, I feel safe to conduct audit",A28,,,,,,,,,,,,,Cannot find info.,0,0,1,Cannot find info. ,,,,,Cannot find info.,,Cannot find info.,,Do not know,,,,,OK,,,,677262291,898fdc55-c089-4a0e-888a-edf88979a2ec,22-02-2026,,,submitted_via_web,,v5gRYdvNEMSpkDy6nZJagS,,uuid:898fdc55-c089-4a0e-888a-edf88979a2ec,58,MD355,,,,,,,,,,,,,,,,,,,,,,,,,,,,,,,,,,,,,,,,,,,,,
22-02-2026,22-02-2026,,,"Yes, I feel safe to conduct audit",A28,,,,,,,,,,,,,Yes,1,0,0,Cannot find info. ,,,,,Do not know,,Cannot find info.,,Do not know,,,,,OK,,,,677262599,8f6e3f66-f4f1-40c9-80c6-89300e8f2278,22-02-2026,,,submitted_via_web,,v5gRYdvNEMSpkDy6nZJagS,,uuid:8f6e3f66-f4f1-40c9-80c6-89300e8f2278,59,MD355,,,,,,,,,,,,,,,,,,,,,,,,,,,,,,,,,,,,,,,,,,,,,
22-02-2026,22-02-2026,,,"Yes, I feel safe to conduct audit",A29,,,,,,,,,,,,,No,0,1,0,Does not flood,,,,,Do not know,,More than 6 months,,GBA (Previously known as BBMP) Ward Office,,,,,OK,,,,677263560,22257ffb-769a-4aa1-ab2e-121d96033cd8,22-02-2026,,,submitted_via_web,,v5gRYdvNEMSpkDy6nZJagS,,uuid:22257ffb-769a-4aa1-ab2e-121d96033cd8,60,MD355,,,,,,,,,,,,,,,,,,,,,,,,,,,,,,,,,,,,,,,,,,,,,
22-02-2026,22-02-2026,,,"Yes, I feel safe to conduct audit",A26,,,,,,,,,,,,,Yes,1,0,0,2-5 inches,,,,,Every 6 months,,More than 6 months,,GBA (Previously known as BBMP) Ward Office,,,,,OK,,,,677263943,51061b46-a297-42a4-84fa-1a0260f431e5,22-02-2026,,,submitted_via_web,,v5gRYdvNEMSpkDy6nZJagS,,uuid:51061b46-a297-42a4-84fa-1a0260f431e5,61,RN223,,,,,,,,,,,,,,,,,,,,,,,,,,,,,,,,,,,,,,,,,,,,,
22-02-2026,22-02-2026,,,"Yes, I feel safe to conduct audit",A29,,,,,,,,,,,,,Cannot find info.,0,0,1,Does not flood,,,,,Cannot find info.,,Cannot find info.,,Do not know,,,,,OK,,,,677264864,e061339a-8b48-434e-ad16-b84cbab286df,22-02-2026,,,submitted_via_web,,v5gRYdvNEMSpkDy6nZJagS,,uuid:e061339a-8b48-434e-ad16-b84cbab286df,62,MD355,,,,,,,,,,,,,,,,,,,,,,,,,,,,,,,,,,,,,,,,,,,,,
22-02-2026,22-02-2026,,,"Yes, I feel safe to conduct audit",A29,,,,,,,,,,,,,Cannot find info.,0,0,1,Cannot find info. ,,,,,Cannot find info.,,Cannot find info.,,Do not know,,,,,OK,,,,677266336,279d2ca1-b72c-4d69-a97c-e1bfd6817c69,22-02-2026,,,submitted_via_web,,v5gRYdvNEMSpkDy6nZJagS,,uuid:279d2ca1-b72c-4d69-a97c-e1bfd6817c69,63,MD355,,,,,,,,,,,,,,,,,,,,,,,,,,,,,,,,,,,,,,,,,,,,,
22-02-2026,22-02-2026,,,"Yes, I feel safe to conduct audit",A29,,,,,,,,,,,,,Cannot find info.,0,0,1,Cannot find info. ,,,,,Cannot find info.,,Cannot find info.,,Do not know,,,,,OK,,,,677267722,98c3e89c-303b-47ed-81c2-872e5a07013c,22-02-2026,,,submitted_via_web,,v5gRYdvNEMSpkDy6nZJagS,,uuid:98c3e89c-303b-47ed-81c2-872e5a07013c,64,MD355,,,,,,,,,,,,,,,,,,,,,,,,,,,,,,,,,,,,,,,,,,,,,
22-02-2026,22-02-2026,,,"Yes, I feel safe to conduct audit",A28,,,,,,,,,,,,,Yes,1,0,0,6-10 inches,,,,,Do not know,,More than 6 months,,No one,,,,,OK,,,,677269380,868afe2c-d72f-4964-ad55-1a6602d29a8c,22-02-2026,,,submitted_via_web,,v5gRYdvNEMSpkDy6nZJagS,,uuid:868afe2c-d72f-4964-ad55-1a6602d29a8c,65,MD355,,,,,,,,,,,,,,,,,,,,,,,,,,,,,,,,,,,,,,,,,,,,,
22-02-2026,22-02-2026,,,"Yes, I feel safe to conduct audit",A29,,,,,,,,,,,,,Yes,1,0,0,6-10 inches,,,,,Do not know,,2-6 months back,,GBA (Previously known as BBMP) Ward Office,,,,,OK,,,,677270566,010cfc78-5eba-4a34-aaa2-a8d3cf77c0af,22-02-2026,,,submitted_via_web,,v5gRYdvNEMSpkDy6nZJagS,,uuid:010cfc78-5eba-4a34-aaa2-a8d3cf77c0af,66,MD355,,,,,,,,,,,,,,,,,,,,,,,,,,,,,,,,,,,,,,,,,,,,,
22-02-2026,22-02-2026,,,"Yes, I feel safe to conduct audit",A29,,,,,,,,,,,,,Yes,1,0,0,6-10 inches,,,,,Do not know,,More than 6 months,,Do not know,,,,,OK,,,,677273448,07a29c80-7176-40cb-9212-3bb7f5bd4a82,22-02-2026,,,submitted_via_web,,v5gRYdvNEMSpkDy6nZJagS,,uuid:07a29c80-7176-40cb-9212-3bb7f5bd4a82,67,MD355,,,,,,,,,,,,,,,,,,,,,,,,,,,,,,,,,,,,,,,,,,,,,
22-02-2026,22-02-2026,,,"Yes, I feel safe to conduct audit",A27,,,,,,,,,,,,,Yes,1,0,0,2-5 inches,,,,,Once a year,,More than 6 months,,GBA (Previously known as BBMP) Ward Office,,,,,OK,,,,677276943,819ef5f7-fc7a-430d-9422-9ae02a2a8195,22-02-2026,,,submitted_via_web,,v5gRYdvNEMSpkDy6nZJagS,,uuid:819ef5f7-fc7a-430d-9422-9ae02a2a8195,68,RN223,,,,,,,,,,,,,,,,,,,,,,,,,,,,,,,,,,,,,,,,,,,,,
22-02-2026,22-02-2026,,,"Yes, I feel safe to conduct audit",A27,,,,,,,,,,,,,No,0,1,0,Does not flood,,,,,Do not know,,More than 6 months,,GBA (Previously known as BBMP) Ward Office,,,,,OK,,,,677277375,d765e254-3f28-442a-a157-bdc37d5aed7d,22-02-2026,,,submitted_via_web,,v5gRYdvNEMSpkDy6nZJagS,,uuid:d765e254-3f28-442a-a157-bdc37d5aed7d,69,RN223,,,,,,,,,,,,,,,,,,,,,,,,,,,,,,,,,,,,,,,,,,,,,
22-02-2026,22-02-2026,,,"Yes, I feel safe to conduct audit",A27,,,,,,,,,,,,,Yes,1,0,0,6-10 inches,,,,,Do not know,,More than 6 months,,GBA (Previously known as BBMP) Ward Office,,,,,OK,,,,677277382,14b6f77b-ff6b-471b-a7d8-d78c70e4293e,22-02-2026,,,submitted_via_web,,v5gRYdvNEMSpkDy6nZJagS,,uuid:14b6f77b-ff6b-471b-a7d8-d78c70e4293e,70,RN223,,,,,,,,,,,,,,,,,,,,,,,,,,,,,,,,,,,,,,,,,,,,,
22-02-2026,22-02-2026,,,"Yes, I feel safe to conduct audit",A27,,,,,,,,,,,,,No,0,1,0,More than 10 inches,,,,,Do not know,,More than 6 months,,GBA (Previously known as BBMP) Ward Office,,,,,OK,,,,677277388,9d4cb25c-9861-4722-869a-63b09ddad754,22-02-2026,,,submitted_via_web,,v5gRYdvNEMSpkDy6nZJagS,,uuid:9d4cb25c-9861-4722-869a-63b09ddad754,71,RN223,,,,,,,,,,,,,,,,,,,,,,,,,,,,,,,,,,,,,,,,,,,,,
22-02-2026,22-02-2026,,,"Yes, I feel safe to conduct audit",A27,,,,,,,,,,,,,No,0,1,0,Does not flood,,,,,Do not know,,More than 6 months,,Do not know,,,,,OK,,,,677277396,e471f7e9-d538-43fe-a500-4268865eb120,22-02-2026,,,submitted_via_web,,v5gRYdvNEMSpkDy6nZJagS,,uuid:e471f7e9-d538-43fe-a500-4268865eb120,72,RN223,,,,,,,,,,,,,,,,,,,,,,,,,,,,,,,,,,,,,,,,,,,,,
22-02-2026,22-02-2026,,,"Yes, I feel safe to conduct audit",A27,,,,,,,,,,,,,Yes,1,0,0,Upto  1 inch,,,,,Do not know,,2-6 months back,,GBA (Previously known as BBMP) Ward Office,,,,,OK,,,,677277401,01fcc509-1220-4a3a-9104-f7d8454b2dfa,22-02-2026,,,submitted_via_web,,v5gRYdvNEMSpkDy6nZJagS,,uuid:01fcc509-1220-4a3a-9104-f7d8454b2dfa,73,RN223,,,,,,,,,,,,,,,,,,,,,,,,,,,,,,,,,,,,,,,,,,,,,
22-02-2026,22-02-2026,,,"Yes, I feel safe to conduct audit",A27,,,,,,,,,,,,,Yes,1,0,0,2-5 inches,,,,,Once a year,,Cannot find info.,,No one,,,,,OK,,,,677277402,90673603-f3f3-497e-ae8c-02ffac0e4e2c,22-02-2026,,,submitted_via_web,,v5gRYdvNEMSpkDy6nZJagS,,uuid:90673603-f3f3-497e-ae8c-02ffac0e4e2c,74,RN223,,,,,,,,,,,,,,,,,,,,,,,,,,,,,,,,,,,,,,,,,,,,,
22-02-2026,22-02-2026,,,"Yes, I feel safe to conduct audit",A27,,,,,,,,,,,,,Cannot find info.,0,0,1,Cannot find info. ,,,,,Cannot find info.,,Cannot find info.,,Do not know,,,,,OK,,,,677277406,a20ae620-9714-411c-9db6-d1ca235e52ac,22-02-2026,,,submitted_via_web,,v5gRYdvNEMSpkDy6nZJagS,,uuid:a20ae620-9714-411c-9db6-d1ca235e52ac,75,RN223,,,,,,,,,,,,,,,,,,,,,,,,,,,,,,,,,,,,,,,,,,,,,
22-02-2026,22-02-2026,,,"Yes, I feel safe to conduct audit",A27,,,,,,,,,,,,,No,0,1,0,Does not flood,,,,,Do not know,,More than 6 months,,No one,,,,,OK,,,,677277410,15b415a4-0170-4335-9e9b-49fd9e928641,22-02-2026,,,submitted_via_web,,v5gRYdvNEMSpkDy6nZJagS,,uuid:15b415a4-0170-4335-9e9b-49fd9e928641,76,RN223,,,,,,,,,,,,,,,,,,,,,,,,,,,,,,,,,,,,,,,,,,,,,
22-02-2026,22-02-2026,,,"Yes, I feel safe to conduct audit",A26,,,,,,,,,,,,,No,0,1,0,Does not flood,,,,,Once a year,,More than 6 months,,GBA (Previously known as BBMP) Ward Office,,,,,OK,,,,677279263,22f8e1bb-0559-4677-9a07-320d1177aa65,22-02-2026,,,submitted_via_web,,v5gRYdvNEMSpkDy6nZJagS,,uuid:22f8e1bb-0559-4677-9a07-320d1177aa65,77,RN223,,,,,,,,,,,,,,,,,,,,,,,,,,,,,,,,,,,,,,,,,,,,,
22-02-2026,22-02-2026,,,"Yes, I feel safe to conduct audit",A26,,,,,,,,,,,,,Yes,1,0,0,2-5 inches,,,,,Once a year,,More than 6 months,,GBA (Previously known as BBMP) Ward Office,,,,,,,,,677279264,a685908c-da91-4510-b80a-e2d7db46ca3e,22-02-2026,,,submitted_via_web,,v5gRYdvNEMSpkDy6nZJagS,,uuid:a685908c-da91-4510-b80a-e2d7db46ca3e,78,RN223,,,,,,,,,,,,,,,,,,,,,,,,,,,,,,,,,,,,,,,,,,,,,
22-02-2026,22-02-2026,,,"Yes, I feel safe to conduct audit",A26,,,,,,,,,,,,,No,0,1,0,Does not flood,,,,,Once a year,,More than 6 months,,GBA (Previously known as BBMP) Ward Office,,,,,OK,,,,677279265,af41a3e3-0111-4557-98d9-dd2455d0811b,22-02-2026,,,submitted_via_web,,v5gRYdvNEMSpkDy6nZJagS,,uuid:af41a3e3-0111-4557-98d9-dd2455d0811b,79,RN223,,,,,,,,,,,,,,,,,,,,,,,,,,,,,,,,,,,,,,,,,,,,,
22-02-2026,22-02-2026,,,"Yes, I feel safe to conduct audit",A26,,,,,,,,,,,,,No,0,1,0,Upto  1 inch,,,,,Once a year,,More than 6 months,,GBA (Previously known as BBMP) Ward Office,,,,,OK,,,,677279268,4b97ce09-a716-4bc7-89f6-26014201f27b,22-02-2026,,,submitted_via_web,,v5gRYdvNEMSpkDy6nZJagS,,uuid:4b97ce09-a716-4bc7-89f6-26014201f27b,80,RN223,,,,,,,,,,,,,,,,,,,,,,,,,,,,,,,,,,,,,,,,,,,,,
22-02-2026,22-02-2026,,,"Yes, I feel safe to conduct audit",A26,,,,,,,,,,,,,No,0,1,0,Upto  1 inch,,,,,Once a year,,More than 6 months,,GBA (Previously known as BBMP) Ward Office,,,,,OK,,,,677279270,231bedaf-464e-4a4b-869f-e44ac8933ede,22-02-2026,,,submitted_via_web,,v5gRYdvNEMSpkDy6nZJagS,,uuid:231bedaf-464e-4a4b-869f-e44ac8933ede,81,RN223,,,,,,,,,,,,,,,,,,,,,,,,,,,,,,,,,,,,,,,,,,,,,
22-02-2026,22-02-2026,,,"Yes, I feel safe to conduct audit",A22,,,,,,,,,,,,,No,0,1,0,Does not flood,,,,,Once a year,,2-6 months back,,Do not know,,,,,OK,,,,677290428,65e60678-df42-4645-9ae7-155c9ef223a4,22-02-2026,,,submitted_via_web,,v5gRYdvNEMSpkDy6nZJagS,,uuid:65e60678-df42-4645-9ae7-155c9ef223a4,82,RN223,,,,,,,,,,,,,,,,,,,,,,,,,,,,,,,,,,,,,,,,,,,,,
22-02-2026,22-02-2026,,,"Yes, I feel safe to conduct audit",A22,,,,,,,,,,,,,No,0,1,0,Does not flood,,,,,Once a year,,2-6 months back,,GBA (Previously known as BBMP) Ward Office,,,,,OK,,,,677290434,7baf41ef-1f85-4fb4-9cec-2dace8f199f0,22-02-2026,,,submitted_via_web,,v5gRYdvNEMSpkDy6nZJagS,,uuid:7baf41ef-1f85-4fb4-9cec-2dace8f199f0,83,RN223,,,,,,,,,,,,,,,,,,,,,,,,,,,,,,,,,,,,,,,,,,,,,
22-02-2026,22-02-2026,,,"Yes, I feel safe to conduct audit",A22,,,,,,,,,,,,,No,0,1,0,Does not flood,,,,,Every 6 months,,More than 6 months,,Do not know,,,,,OK,,,,677290436,2e4d41e6-0261-4d7b-90b6-86e04d383fa4,22-02-2026,,,submitted_via_web,,v5gRYdvNEMSpkDy6nZJagS,,uuid:2e4d41e6-0261-4d7b-90b6-86e04d383fa4,84,RN223,,,,,,,,,,,,,,,,,,,,,,,,,,,,,,,,,,,,,,,,,,,,,
22-02-2026,22-02-2026,,,"Yes, I feel safe to conduct audit",A24,,,,,,,,,,,,,No,0,1,0,Does not flood,,,,,Do not know,,Cannot find info.,,GBA (Previously known as BBMP) Ward Office,,,,,OK,,,,677290442,645bcb09-578d-450b-8883-40eb213d9da2,22-02-2026,,,submitted_via_web,,v5gRYdvNEMSpkDy6nZJagS,,uuid:645bcb09-578d-450b-8883-40eb213d9da2,85,RN223,,,,,,,,,,,,,,,,,,,,,,,,,,,,,,,,,,,,,,,,,,,,,
22-02-2026,22-02-2026,,,"Yes, I feel safe to conduct audit",A22,,,,,,,,,,,,,No,0,1,0,Does not flood,,,,,Every 6 months,,2-6 months back,,Do not know,,,,,OK,,,,677290443,236d4efd-b909-410a-aedf-43a9467db4e7,22-02-2026,,,submitted_via_web,,v5gRYdvNEMSpkDy6nZJagS,,uuid:236d4efd-b909-410a-aedf-43a9467db4e7,86,RN223,,,,,,,,,,,,,,,,,,,,,,,,,,,,,,,,,,,,,,,,,,,,,
22-02-2026,22-02-2026,,,"Yes, I feel safe to conduct audit",A22,,,,,,,,,,,,,Cannot find info.,0,0,1,Cannot find info. ,,,,,Cannot find info.,,Cannot find info.,,Do not know,,,,,OK,,,,677290450,fb10d3e0-b048-4e0e-90bf-59fa38a56913,22-02-2026,,,submitted_via_web,,v5gRYdvNEMSpkDy6nZJagS,,uuid:fb10d3e0-b048-4e0e-90bf-59fa38a56913,87,RN223,,,,,,,,,,,,,,,,,,,,,,,,,,,,,,,,,,,,,,,,,,,,,
22-02-2026,22-02-2026,,,"Yes, I feel safe to conduct audit",A23,,,,,,,,,,,,,No,0,1,0,Does not flood,,,,,Cannot find info.,,Cannot find info.,,GBA (Previously known as BBMP) Ward Office,,,,,OK,,,,677290452,26f1fe90-d56d-4a22-805e-4e7db9b25ecd,22-02-2026,,,submitted_via_web,,v5gRYdvNEMSpkDy6nZJagS,,uuid:26f1fe90-d56d-4a22-805e-4e7db9b25ecd,88,RN223,,,,,,,,,,,,,,,,,,,,,,,,,,,,,,,,,,,,,,,,,,,,,
22-02-2026,22-02-2026,,,"Yes, I feel safe to conduct audit",A22,,,,,,,,,,,,,No,0,1,0,Does not flood,,,,,Every 6 months,,2-6 months back,,Do not know,,,,,OK,,,,677290456,6a7e637c-247f-484a-8080-480fdcd84e0f,22-02-2026,,,submitted_via_web,,v5gRYdvNEMSpkDy6nZJagS,,uuid:6a7e637c-247f-484a-8080-480fdcd84e0f,89,RN223,,,,,,,,,,,,,,,,,,,,,,,,,,,,,,,,,,,,,,,,,,,,,
22-02-2026,22-02-2026,,,"Yes, I feel safe to conduct audit",A23,,,,,,,,,,,,,No,0,1,0,Does not flood,,,,,Do not know,,Cannot find info.,,GBA (Previously known as BBMP) Ward Office,,,,,OK,,,,677290457,20092021-b9f9-49a7-8447-a871330b7db5,22-02-2026,,,submitted_via_web,,v5gRYdvNEMSpkDy6nZJagS,,uuid:20092021-b9f9-49a7-8447-a871330b7db5,90,RN223,,,,,,,,,,,,,,,,,,,,,,,,,,,,,,,,,,,,,,,,,,,,,
22-02-2026,22-02-2026,,,"Yes, I feel safe to conduct audit",A23,,,,,,,,,,,,,No,0,1,0,Does not flood,,,,,,,Cannot find info.,,GBA (Previously known as BBMP) Ward Office,,,,,OK,,,,677290463,e6bc6510-fbb7-4ec0-a88b-eb9e9f17c8e6,22-02-2026,,,submitted_via_web,,v5gRYdvNEMSpkDy6nZJagS,,uuid:e6bc6510-fbb7-4ec0-a88b-eb9e9f17c8e6,91,RN223,,,,,,,,,,,,,,,,,,,,,,,,,,,,,,,,,,,,,,,,,,,,,
22-02-2026,22-02-2026,,,"Yes, I feel safe to conduct audit",A22,,,,,,,,,,,,,Yes,1,0,0,2-5 inches,,,,,Every 6 months,,More than 6 months,,Do not know,,,,,OK,,,,677290465,1f0a7b5e-1c92-4540-a290-6d15b38b9de2,22-02-2026,,,submitted_via_web,,v5gRYdvNEMSpkDy6nZJagS,,uuid:1f0a7b5e-1c92-4540-a290-6d15b38b9de2,92,RN223,,,,,,,,,,,,,,,,,,,,,,,,,,,,,,,,,,,,,,,,,,,,,
22-02-2026,22-02-2026,,,"Yes, I feel safe to conduct audit",A23,,,,,,,,,,,,,No,0,1,0,2-5 inches,,,,,Do not know,,Cannot find info.,,GBA (Previously known as BBMP) Ward Office,,,,,OK,,,,677290468,2537d072-8dd1-4dca-9512-80a3d368eb43,22-02-2026,,,submitted_via_web,,v5gRYdvNEMSpkDy6nZJagS,,uuid:2537d072-8dd1-4dca-9512-80a3d368eb43,93,RN223,,,,,,,,,,,,,,,,,,,,,,,,,,,,,,,,,,,,,,,,,,,,,
22-02-2026,22-02-2026,,,"Yes, I feel safe to conduct audit",A24,,,,,,,,,,,,,No,0,1,0,Does not flood,,,,,Do not know,,Last month,,Do not know,,,,,OK,,,,677290505,bffe545a-610e-48f2-8f3f-6a9476e95a83,22-02-2026,,,submitted_via_web,,v5gRYdvNEMSpkDy6nZJagS,,uuid:bffe545a-610e-48f2-8f3f-6a9476e95a83,94,RN223,,,,,,,,,,,,,,,,,,,,,,,,,,,,,,,,,,,,,,,,,,,,,
22-02-2026,22-02-2026,,,"Yes, I feel safe to conduct audit",A24,,,,,,,,,,,,,No,0,1,0,Does not flood,,,,,Every 6 months,,Cannot find info.,,Do not know,,,,,OK,,,,677290511,e64e9e47-0307-4319-ba8b-c76e147f44d5,22-02-2026,,,submitted_via_web,,v5gRYdvNEMSpkDy6nZJagS,,uuid:e64e9e47-0307-4319-ba8b-c76e147f44d5,95,RN223,,,,,,,,,,,,,,,,,,,,,,,,,,,,,,,,,,,,,,,,,,,,,
22-02-2026,22-02-2026,,,"Yes, I feel safe to conduct audit",A24,,,,,,,,,,,,,No,0,1,0,Does not flood,,,,,Once a year,,Cannot find info.,,Do not know,,,,,OK,,,,677290517,35c04d6a-755a-4d23-b784-b783dda32b54,22-02-2026,,,submitted_via_web,,v5gRYdvNEMSpkDy6nZJagS,,uuid:35c04d6a-755a-4d23-b784-b783dda32b54,96,RN223,,,,,,,,,,,,,,,,,,,,,,,,,,,,,,,,,,,,,,,,,,,,,
22-02-2026,22-02-2026,,,"Yes, I feel safe to conduct audit",A24,,,,,,,,,,,,,Yes,1,0,0,More than 10 inches,,,,,Once a year,,More than 6 months,,Do not know,,,,,OK,,,,677290524,bf2867ed-d0fe-4e37-b739-7b2400e6b42b,22-02-2026,,,submitted_via_web,,v5gRYdvNEMSpkDy6nZJagS,,uuid:bf2867ed-d0fe-4e37-b739-7b2400e6b42b,97,RN223,,,,,,,,,,,,,,,,,,,,,,,,,,,,,,,,,,,,,,,,,,,,,
22-02-2026,22-02-2026,,,"Yes, I feel safe to conduct audit",A24,,,,,,,,,,,,,No,0,1,0,Does not flood,,,,,Cannot find info.,,Cannot find info.,,Private,,,,,OK,,,,677290527,1ff06141-39a6-4bc7-a11e-b13089742d72,22-02-2026,,,submitted_via_web,,v5gRYdvNEMSpkDy6nZJagS,,uuid:1ff06141-39a6-4bc7-a11e-b13089742d72,98,RN223,,,,,,,,,,,,,,,,,,,,,,,,,,,,,,,,,,,,,,,,,,,,,
22-02-2026,22-02-2026,,,"Yes, I feel safe to conduct audit",A24,,,,,,,,,,,,,No,0,1,0,Does not flood,,,,,Cannot find info.,,Cannot find info.,,No one,,,,,OK,,,,677290531,bf124b60-732f-43f1-a87b-2537f142988a,22-02-2026,,,submitted_via_web,,v5gRYdvNEMSpkDy6nZJagS,,uuid:bf124b60-732f-43f1-a87b-2537f142988a,99,RN223,,,,,,,,,,,,,,,,,,,,,,,,,,,,,,,,,,,,,,,,,,,,,
22-02-2026,22-02-2026,,,"Yes, I feel safe to conduct audit",A24,,,,,,,,,,,,,No,0,1,0,Does not flood,,,,,Do not know,,Cannot find info.,,No one,,,,,OK,,,,677290533,baa53edf-9e29-41c1-8953-97a5c763284a,22-02-2026,,,submitted_via_web,,v5gRYdvNEMSpkDy6nZJagS,,uuid:baa53edf-9e29-41c1-8953-97a5c763284a,100,RN223,,,,,,,,,,,,,,,,,,,,,,,,,,,,,,,,,,,,,,,,,,,,,
22-02-2026,22-02-2026,,,"Yes, I feel safe to conduct audit",A25,,,,,,,,,,,,,No,0,1,0,Does not flood,,,,,Cannot find info.,,Cannot find info.,,No one,,,,,OK,,,,677290534,5e9ba2e0-d3cf-47c9-9d20-e418ed6fc61a,22-02-2026,,,submitted_via_web,,v5gRYdvNEMSpkDy6nZJagS,,uuid:5e9ba2e0-d3cf-47c9-9d20-e418ed6fc61a,101,RN223,,,,,,,,,,,,,,,,,,,,,,,,,,,,,,,,,,,,,,,,,,,,,
22-02-2026,22-02-2026,,,"Yes, I feel safe to conduct audit",A23,,,,,,,,,,,,,No,0,1,0,Does not flood,,,,,Once a year,,More than 6 months,,Do not know,,,,,OK,,,,677290576,36385aef-6600-4c6d-9a0e-de468a06a170,22-02-2026,,,submitted_via_web,,v5gRYdvNEMSpkDy6nZJagS,,uuid:36385aef-6600-4c6d-9a0e-de468a06a170,102,RN223,,,,,,,,,,,,,,,,,,,,,,,,,,,,,,,,,,,,,,,,,,,,,
22-02-2026,22-02-2026,,,"Yes, I feel safe to conduct audit",A23,,,,,,,,,,,,,No,0,1,0,Does not flood,,,,,Do not know,,Cannot find info.,,Do not know,,,,,OK,,,,677290580,1bf7c450-dcbd-40d5-866a-9657574eebb9,22-02-2026,,,submitted_via_web,,v5gRYdvNEMSpkDy6nZJagS,,uuid:1bf7c450-dcbd-40d5-866a-9657574eebb9,103,RN223,,,,,,,,,,,,,,,,,,,,,,,,,,,,,,,,,,,,,,,,,,,,,
22-02-2026,22-02-2026,,,"Yes, I feel safe to conduct audit",A23,,,,,,,,,,,,,No,0,1,0,Does not flood,,,,,Once a year,,Cannot find info.,,GBA (Previously known as BBMP) Ward Office,,,,,OK,,,,677290585,10519ea9-7090-4966-bc91-5607a0a1e02a,22-02-2026,,,submitted_via_web,,v5gRYdvNEMSpkDy6nZJagS,,uuid:10519ea9-7090-4966-bc91-5607a0a1e02a,104,RN223,,,,,,,,,,,,,,,,,,,,,,,,,,,,,,,,,,,,,,,,,,,,,
22-02-2026,22-02-2026,,,"Yes, I feel safe to conduct audit",A25,,,,,,,,,,,,,Cannot find info.,0,0,1,Cannot find info. ,,,,,Cannot find info.,,Cannot find info.,,Do not know,,,,,OK,,,,677290595,54b01ef1-09f4-4c2e-b3cf-ce211a7b174c,22-02-2026,,,submitted_via_web,,v5gRYdvNEMSpkDy6nZJagS,,uuid:54b01ef1-09f4-4c2e-b3cf-ce211a7b174c,105,RN223,,,,,,,,,,,,,,,,,,,,,,,,,,,,,,,,,,,,,,,,,,,,,
22-02-2026,22-02-2026,,,"Yes, I feel safe to conduct audit",A25,,,,,,,,,,,,,No,0,1,0,Does not flood,,,,,Every 6 months,,More than 6 months,,Do not know,,,,,OK,,,,677290602,e6c3b87a-3f08-427d-8a1a-9ffe32598f85,22-02-2026,,,submitted_via_web,,v5gRYdvNEMSpkDy6nZJagS,,uuid:e6c3b87a-3f08-427d-8a1a-9ffe32598f85,106,RN223,,,,,,,,,,,,,,,,,,,,,,,,,,,,,,,,,,,,,,,,,,,,,
22-02-2026,22-02-2026,,,"Yes, I feel safe to conduct audit",A25,,,,,,,,,,,,,No,0,1,0,Does not flood,,,,,Every 6 months,,2-6 months back,,GBA (Previously known as BBMP) Ward Office,,,,,OK,,,,677290607,b0de5c70-038b-4141-9851-34cb4b569ba5,22-02-2026,,,submitted_via_web,,v5gRYdvNEMSpkDy6nZJagS,,uuid:b0de5c70-038b-4141-9851-34cb4b569ba5,107,RN223,,,,,,,,,,,,,,,,,,,,,,,,,,,,,,,,,,,,,,,,,,,,,
22-02-2026,22-02-2026,,,"Yes, I feel safe to conduct audit",A25,,,,,,,,,,,,,No,0,1,0,Does not flood,,,,,Every 6 months,,2-6 months back,,GBA (Previously known as BBMP) Ward Office,,,,,OK,,,,677290614,bb395b70-4688-41ee-bb63-ded1bd136827,22-02-2026,,,submitted_via_web,,v5gRYdvNEMSpkDy6nZJagS,,uuid:bb395b70-4688-41ee-bb63-ded1bd136827,108,RN223,,,,,,,,,,,,,,,,,,,,,,,,,,,,,,,,,,,,,,,,,,,,,
22-02-2026,22-02-2026,,,"Yes, I feel safe to conduct audit",A25,,,,,,,,,,,,,No,0,1,0,Does not flood,,,,,Every 6 months,,2-6 months back,,GBA (Previously known as BBMP) Ward Office,,,,,OK,,,,677290622,05445034-ad08-4bc8-ac60-20c43d17feff,22-02-2026,,,submitted_via_web,,v5gRYdvNEMSpkDy6nZJagS,,uuid:05445034-ad08-4bc8-ac60-20c43d17feff,109,RN223,,,,,,,,,,,,,,,,,,,,,,,,,,,,,,,,,,,,,,,,,,,,,
22-02-2026,22-02-2026,,,"Yes, I feel safe to conduct audit",A25,,,,,,,,,,,,,Yes,1,0,0,6-10 inches,,,,,Every 6 months,,2-6 months back,,GBA (Previously known as BBMP) Ward Office,,,,,OK,,,,677290702,fd3586d2-6698-422f-87f8-5497196546b2,22-02-2026,,,submitted_via_web,,v5gRYdvNEMSpkDy6nZJagS,,uuid:fd3586d2-6698-422f-87f8-5497196546b2,110,RN223,,,,,,,,,,,,,,,,,,,,,,,,,,,,,,,,,,,,,,,,,,,,,
22-02-2026,22-02-2026,,,"Yes, I feel safe to conduct audit",A28,,,,,,,,,,,,,Cannot find info.,0,0,1,Cannot find info. ,,,,,Cannot find info.,,2-6 months back,,Do not know,,,,,OK,,,,677300419,534c8b79-9183-4d6a-9a50-639d54617e2a,22-02-2026,,,submitted_via_web,,v5gRYdvNEMSpkDy6nZJagS,,uuid:534c8b79-9183-4d6a-9a50-639d54617e2a,111,MD355,,,,,,,,,,,,,,,,,,,,,,,,,,,,,,,,,,,,,,,,,,,,,
22-02-2026,22-02-2026,,,"Yes, I feel safe to conduct audit",A27,,,,,,,,,,,,,Yes,1,0,0,2-5 inches,,,,,Cannot find info.,,Cannot find info.,,No one,,,,,OK,,,,677564603,be6337e9-d441-40d8-9963-1a2b765d93d3,22-02-2026,,,submitted_via_web,,v5gRYdvNEMSpkDy6nZJagS,,uuid:be6337e9-d441-40d8-9963-1a2b765d93d3,112,RN223,,,,,,,,,,,,,,,,,,,,,,,,,,,,,,,,,,,,,,,,,,,,,
22-02-2026,22-02-2026,,,"Yes, I feel safe to conduct audit",A27,,,,,,,,,,,,,Yes,1,0,0,More than 10 inches,,,,,Do not know,,Cannot find info.,,No one,,,,,OK,,,,677564946,b189b8e0-b2c1-44b4-822a-816e3625ba5e,22-02-2026,,,submitted_via_web,,v5gRYdvNEMSpkDy6nZJagS,,uuid:b189b8e0-b2c1-44b4-822a-816e3625ba5e,113,RN223,,,,,,,,,,,,,,,,,,,,,,,,,,,,,,,,,,,,,,,,,,,,,
19-02-2026,19-02-2026,,,"Yes, I feel safe to conduct audit",A12,,,,,,,,,,,,,Cannot find info.,0,0,1,Cannot find info. ,,,,,Do not know,,Cannot find info.,,Do not know,,,,,OK,,,,677746907,544692aa-70c5-47a5-b644-7fac1fff3f01,23-02-2026,,,submitted_via_web,,v5gRYdvNEMSpkDy6nZJagS,,uuid:544692aa-70c5-47a5-b644-7fac1fff3f01,114,C100,,,,,,,,,,,,,,,,,,,,,,,,,,,,,,,,,,,,,,,,,,,,,
23-02-2026,23-02-2026,,,"Yes, I feel safe to conduct audit",A15,,,,,,,,,,,,,No,0,1,0,6-10 inches,,,,,Cannot find info.,,More than 6 months,,GBA (Previously known as BBMP) Ward Office,,,,,OK,,,,677760781,ea9ae0ab-042b-4b0e-9913-3e150002936f,23-02-2026,,,submitted_via_web,,vJEYTnih43h86inVikMyrj,,uuid:ea9ae0ab-042b-4b0e-9913-3e150002936f,115,C100,,,,,,,,,,,,,,,,,,,,,,,,,,,,,,,,,,,,,,,,,,,,,
23-02-2026,23-02-2026,,,"Yes, I feel safe to conduct audit",A15,,,,,,,,,,,,,No,0,1,0,2-5 inches,,,,,Once a year,,More than 6 months,,Private,,,,,OK,,,,677760785,21761610-08cf-4014-ae87-a659d8353db2,23-02-2026,,,submitted_via_web,,vJEYTnih43h86inVikMyrj,,uuid:21761610-08cf-4014-ae87-a659d8353db2,116,C100,,,,,,,,,,,,,,,,,,,,,,,,,,,,,,,,,,,,,,,,,,,,,
23-02-2026,23-02-2026,,,"Yes, I feel safe to conduct audit",A15,,,,,,,,,,,,,No,0,1,0,2-5 inches,,,,,Every 6 months,,More than 6 months,,Do not know,,,,,OK,,,,677760788,35b2cc43-fbb3-483a-85d6-554360633e53,23-02-2026,,,submitted_via_web,,vJEYTnih43h86inVikMyrj,,uuid:35b2cc43-fbb3-483a-85d6-554360633e53,117,C100,,,,,,,,,,,,,,,,,,,,,,,,,,,,,,,,,,,,,,,,,,,,,
23-02-2026,23-02-2026,,,"Yes, I feel safe to conduct audit",A15,,,,,,,,,,,,,No,0,1,0,Upto  1 inch,,,,,Once a year,,More than 6 months,,GBA (Previously known as BBMP) Ward Office,,,,,OK,,,,677760792,da6be8e6-36b6-47dc-aa03-af7abfb426f9,23-02-2026,,,submitted_via_web,,vJEYTnih43h86inVikMyrj,,uuid:da6be8e6-36b6-47dc-aa03-af7abfb426f9,118,C100,,,,,,,,,,,,,,,,,,,,,,,,,,,,,,,,,,,,,,,,,,,,,
23-02-2026,23-02-2026,,,"Yes, I feel safe to conduct audit",A15,,,,,,,,,,,,,No,0,1,0,2-5 inches,,,,,Once a year,,More than 6 months,,GBA (Previously known as BBMP) Ward Office,,,,,OK,,,,677760795,c80a9cc9-ef6b-45f1-be5c-69f6526aa33b,23-02-2026,,,submitted_via_web,,vJEYTnih43h86inVikMyrj,,uuid:c80a9cc9-ef6b-45f1-be5c-69f6526aa33b,119,C100,,,,,,,,,,,,,,,,,,,,,,,,,,,,,,,,,,,,,,,,,,,,,
21-02-2026,23-02-2026,,,"Yes, I feel safe to conduct audit",A20,,,,,,,,,,,,,No,0,1,0,Does not flood,,,,,Every 6 months,,2-6 months back,,GBA (Previously known as BBMP) Ward Office,,,,,OK,,,,677977535,9fbeab25-be98-45e0-8ad1-85f1d8017346,23-02-2026,,,submitted_via_web,,v5gRYdvNEMSpkDy6nZJagS,,uuid:9fbeab25-be98-45e0-8ad1-85f1d8017346,120,H300,,,,,,,,,,,,,,,,,,,,,,,,,,,,,,,,,,,,,,,,,,,,,
21-02-2026,21-02-2026,,,,A14,,,,,,,,,,,,,Yes,1,0,1,2-5 inches,,,,,Do not know,,Cannot find info.,,Do not know,,,,,OK,,,,678044849,cd638a86-d092-4120-b346-5cea1ebe160d,23-02-2026,,,submitted_via_web,,vJEYTnih43h86inVikMyrj,,uuid:cd638a86-d092-4120-b346-5cea1ebe160d,121,C100,,,,,,,,,,,,,,,,,,,,,,,,,,,,,,,,,,,,,,,,,,,,,
21-02-2026,21-02-2026,,,"Yes, I feel safe to conduct audit",A14,,,,,,,,,,,,,Yes,1,0,0,Cannot find info. ,,,,,Do not know,,More than 6 months,,Do not know,,,,,OK,,,,678045206,411993f8-c14b-4f47-b455-c98e56125090,23-02-2026,,,submitted_via_web,,vJEYTnih43h86inVikMyrj,,uuid:411993f8-c14b-4f47-b455-c98e56125090,122,C100,,,,,,,,,,,,,,,,,,,,,,,,,,,,,,,,,,,,,,,,,,,,,
01-03-2026,01-03-2026,,,"Yes, I feel safe to conduct audit",A30,,,,,,,,,,,,,Yes,1,0,0,More than 10 inches,,,,,Once a year,,More than 6 months,,Do not know,,,,,OK,,,,682991174,71547278-8326-4974-8465-d8f6f5d679e8,01-03-2026,,,submitted_via_web,,v5gRYdvNEMSpkDy6nZJagS,,uuid:71547278-8326-4974-8465-d8f6f5d679e8,123,unknown146,unknown146,,,,,,,,,,,,,,,,,,,,,,,,,,,,,,,,,,,,,,,,,,,,
01-03-2026,01-03-2026,,,"Yes, I feel safe to conduct audit",A30,,,,,,,,,,,,,Yes,1,0,0,More than 10 inches,,,,,Do not know,,More than 6 months,,Do not know,,,,,OK,,,,682994895,92a01cd5-970e-4213-9848-88c6f2574f19,01-03-2026,,,submitted_via_web,,v5gRYdvNEMSpkDy6nZJagS,,uuid:92a01cd5-970e-4213-9848-88c6f2574f19,124,unknown146,unknown146,,,,,,,,,,,,,,,,,,,,,,,,,,,,,,,,,,,,,,,,,,,,
01-03-2026,01-03-2026,,,"Yes, I feel safe to conduct audit",A30,,,,,,,,,,,,,Yes,1,0,0,More than 10 inches,,,,,Do not know,,More than 6 months,,Do not know,,,,,OK,,,,682997252,ad4029e0-6881-4a6c-b69c-3ae425af6ab8,01-03-2026,,,submitted_via_web,,v5gRYdvNEMSpkDy6nZJagS,,uuid:ad4029e0-6881-4a6c-b69c-3ae425af6ab8,125,unknown146,unknown146,,,,,,,,,,,,,,,,,,,,,,,,,,,,,,,,,,,,,,,,,,,,
01-03-2026,01-03-2026,,,"Yes, I feel safe to conduct audit",A30,,,,,,,,,,,,,Yes,1,0,0,More than 10 inches,,,,,Do not know,,More than 6 months,,Do not know,,,,,OK,,,,682999569,25352fa9-7ef2-4402-ad07-941d2ac55dd4,01-03-2026,,,submitted_via_web,,v5gRYdvNEMSpkDy6nZJagS,,uuid:25352fa9-7ef2-4402-ad07-941d2ac55dd4,126,unknown146,unknown146,,,,,,,,,,,,,,,,,,,,,,,,,,,,,,,,,,,,,,,,,,,,
01-03-2026,01-03-2026,,,"Yes, I feel safe to conduct audit",A30,,,,,,,,,,,,,Yes,1,0,0,More than 10 inches,,,,,Do not know,,More than 6 months,,GBA SWD Dept. ,,,,,OK,,,,683004556,6d67a90d-4e3f-4324-9b66-046684c691a1,01-03-2026,,,submitted_via_web,,v5gRYdvNEMSpkDy6nZJagS,,uuid:6d67a90d-4e3f-4324-9b66-046684c691a1,127,unknown146,unknown146,,,,,,,,,,,,,,,,,,,,,,,,,,,,,,,,,,,,,,,,,,,,
01-03-2026,01-03-2026,,,"Yes, I feel safe to conduct audit",A30,,,,,,,,,,,,,No,0,1,0,6-10 inches,,,,,Once a year,,More than 6 months,,GBA SWD Dept. ,,,,,OK,,,,683005922,daa7c23e-af5c-4042-a2ff-42c87f153f0d,01-03-2026,,,submitted_via_web,,v5gRYdvNEMSpkDy6nZJagS,,uuid:daa7c23e-af5c-4042-a2ff-42c87f153f0d,128,unknown146,unknown146,,,,,,,,,,,,,,,,,,,,,,,,,,,,,,,,,,,,,,,,,,,,
01-03-2026,01-03-2026,,,"Yes, I feel safe to conduct audit",A30,,,,,,,,,,,,,Yes,1,0,0,More than 10 inches,,,,,Do not know,,More than 6 months,,GBA SWD Dept. ,,,,,OK,,,,683008802,f15d29dc-0648-4d24-b983-f78f22967bfb,01-03-2026,,,submitted_via_web,,v5gRYdvNEMSpkDy6nZJagS,,uuid:f15d29dc-0648-4d24-b983-f78f22967bfb,129,unknown146,unknown146,,,,,,,,,,,,,,,,,,,,,,,,,,,,,,,,,,,,,,,,,,,,
01-03-2026,01-03-2026,,,"Yes, I feel safe to conduct audit",A30,,,,,,,,,,,,,Yes,1,0,0,More than 10 inches,,,,,Once a year,,More than 6 months,,GBA SWD Dept. ,,,,,OK,,,,683010241,26958f85-a493-4323-963f-c8e3d6c7bc3d,01-03-2026,,,submitted_via_web,,v5gRYdvNEMSpkDy6nZJagS,,uuid:26958f85-a493-4323-963f-c8e3d6c7bc3d,130,unknown146,unknown146,,,,,,,,,,,,,,,,,,,,,,,,,,,,,,,,,,,,,,,,,,,,
01-03-2026,01-03-2026,,,"Yes, I feel safe to conduct audit",A30,,,,,,,,,,,,,Yes,1,0,0,More than 10 inches,,,,,Once a year,,More than 6 months,,GBA SWD Dept. ,,,,,OK,,,,683012194,561d0602-4d49-45a6-9c86-673e356aaedc,01-03-2026,,,submitted_via_web,,v5gRYdvNEMSpkDy6nZJagS,,uuid:561d0602-4d49-45a6-9c86-673e356aaedc,131,unknown146,unknown146,,,,,,,,,,,,,,,,,,,,,,,,,,,,,,,,,,,,,,,,,,,,
10-03-2026,10-03-2026,,,"Yes, I feel safe to conduct audit",A32,,,,,,,,,,,,,No,0,1,0,Does not flood,,,,,Do not know,,Cannot find info.,,No one,,,,,OK,,,,692055370,5832c4d3-8104-489e-9c53-5929db1a2e54,10-03-2026,,,submitted_via_web,,v5gRYdvNEMSpkDy6nZJagS,,uuid:5832c4d3-8104-489e-9c53-5929db1a2e54,132,MD379,,,,,,,,,,,,,,,,,,,,,,,,,,,,,,,,,,,,,,,,,,,,,
10-03-2026,10-03-2026,,,"Yes, I feel safe to conduct audit",A32,,,,,,,,,,,,,Yes,1,0,0,6-10 inches,,,,,Cannot find info.,,Cannot find info.,,Do not know,,,,,OK,,,,692059755,297004f5-f7a5-462e-9d85-2218af31b907,10-03-2026,,,submitted_via_web,,v5gRYdvNEMSpkDy6nZJagS,,uuid:297004f5-f7a5-462e-9d85-2218af31b907,133,MD379,,,,,,,,,,,,,,,,,,,,,,,,,,,,,,,,,,,,,,,,,,,,,
11-03-2026,11-03-2026,,,"Yes, I feel safe to conduct audit",A32,,,,,,,,,,,,,Cannot find info.,0,0,1,Cannot find info. ,,,,,Do not know,,Cannot find info.,,Do not know,,,,,OK,,,,693400428,dbc74f10-b12d-46e9-8463-2d62ba48a92a,11-03-2026,,,submitted_via_web,,v5gRYdvNEMSpkDy6nZJagS,,uuid:dbc74f10-b12d-46e9-8463-2d62ba48a92a,134,MD379,,,,,,,,,,,,,,,,,,,,,,,,,,,,,,,,,,,,,,,,,,,,,
11-03-2026,11-03-2026,,,"Yes, I feel safe to conduct audit",A32,,,,,,,,,,,,,No,0,1,0,Does not flood,,,,,Do not know,,Cannot find info.,,Do not know,,,,,OK,,,,693402161,dafdd0c0-cf6c-4231-baad-2d5a8296dacf,11-03-2026,,,submitted_via_web,,v5gRYdvNEMSpkDy6nZJagS,,uuid:dafdd0c0-cf6c-4231-baad-2d5a8296dacf,135,MD379,,,,,,,,,,,,,,,,,,,,,,,,,,,,,,,,,,,,,,,,,,,,,
21-03-2026,21-03-2026,,,"Yes, I feel safe to conduct audit",A35,,,,,,,,,,,,,No,0,1,0,Does not flood,,,,,Once a year,,More than 6 months,,Do not know,,,,,OK,,,,702732579,95ac2698-ef62-479b-a48c-f79604b9c53f,21-03-2026,,,submitted_via_web,,vYpLhLP9QFCbxRTo2Cm3SK,,uuid:95ac2698-ef62-479b-a48c-f79604b9c53f,136,H400,,,,,,,,,,,,,,,,,,,,,,,,,,,,,,,,,,,,,,,,,,,,,
21-03-2026,21-03-2026,,,"Yes, I feel safe to conduct audit",A35,,,,,,,,,,,,,No,0,1,0,Does not flood,,,,,Do not know,,More than 6 months,,Do not know,,,,,OK,,,,702732721,12c7f9da-1644-4140-b5b6-5158bc5897ea,21-03-2026,,,submitted_via_web,,vYpLhLP9QFCbxRTo2Cm3SK,,uuid:12c7f9da-1644-4140-b5b6-5158bc5897ea,137,H400,,,,,,,,,,,,,,,,,,,,,,,,,,,,,,,,,,,,,,,,,,,,,
28-03-2026,28-03-2026,,,"Yes, I feel safe to conduct audit",A36,,,,,,,,,,,,,Cannot find info.,0,0,1,Cannot find info. ,,,,,Cannot find info.,,Cannot find info.,,Do not know,,,,,OK,,,,709246060,f58905bd-2d52-42df-af87-8230cf124456,28-03-2026,,,submitted_via_web,,v5gRYdvNEMSpkDy6nZJagS,,uuid:f58905bd-2d52-42df-af87-8230cf124456,138,K208,K208,,,,,,,,,,,,,,,,,,,,,,,,,,,,,,,,,,,,,,,,,,,,
28-03-2026,28-03-2026,,,"Yes, I feel safe to conduct audit",A36,,,,,,,,,,,,,No,0,1,0,Does not flood,,,,,Once a year,,Cannot find info.,,GBA (Previously known as BBMP) Ward Office,,,,,OK,,,,709246068,f6247cbb-2dba-4cb9-b80f-6b8e1e20430a,28-03-2026,,,submitted_via_web,,v5gRYdvNEMSpkDy6nZJagS,,uuid:f6247cbb-2dba-4cb9-b80f-6b8e1e20430a,139,K208,K208,,,,,,,,,,,,,,,,,,,,,,,,,,,,,,,,,,,,,,,,,,,,
28-03-2026,28-03-2026,,,"Yes, I feel safe to conduct audit",A36,,,,,,,,,,,,,No,0,1,0,Does not flood,,,,,Once a year,,More than 6 months,,No one,,,,,OK,,,,709246071,afe4e7ed-4653-4d72-88e6-27defb635121,28-03-2026,,,submitted_via_web,,v5gRYdvNEMSpkDy6nZJagS,,uuid:afe4e7ed-4653-4d72-88e6-27defb635121,140,K208,K208,,,,,,,,,,,,,,,,,,,,,,,,,,,,,,,,,,,,,,,,,,,,
28-03-2026,28-03-2026,,,"Yes, I feel safe to conduct audit",A36,,,,,,,,,,,,,No,0,1,0,Does not flood,,,,,Do not know,,Cannot find info.,,Do not know,,,,,OK,,,,709246073,f44d0db4-9513-4e66-b46f-0389296b1dbf,28-03-2026,,,submitted_via_web,,v5gRYdvNEMSpkDy6nZJagS,,uuid:f44d0db4-9513-4e66-b46f-0389296b1dbf,141,K208,K208,,,,,,,,,,,,,,,,,,,,,,,,,,,,,,,,,,,,,,,,,,,,
28-03-2026,28-03-2026,,,"Yes, I feel safe to conduct audit",A36,,,,,,,,,,,,,Yes,1,0,0,More than 10 inches,,,,,Cannot find info.,,More than 6 months,,GBA (Previously known as BBMP) Ward Office,,,,,OK,,,,709246075,b7fe0af3-441c-405b-8882-490ce9197c90,28-03-2026,,,submitted_via_web,,v5gRYdvNEMSpkDy6nZJagS,,uuid:b7fe0af3-441c-405b-8882-490ce9197c90,142,K207,K207,,,,,,,,,,,,,,,,,,,,,,,,,,,,,,,,,,,,,,,,,,,,
28-03-2026,28-03-2026,,,"Yes, I feel safe to conduct audit",A36,,,,,,,,,,,,,No,0,1,0,Does not flood,,,,,Do not know,,Cannot find info.,,Do not know,,,,,OK,,,,709246078,7f4d167b-cce2-430d-83ac-1a7113ec9b4e,28-03-2026,,,submitted_via_web,,v5gRYdvNEMSpkDy6nZJagS,,uuid:7f4d167b-cce2-430d-83ac-1a7113ec9b4e,143,K207,K207,,,,,,,,,,,,,,,,,,,,,,,,,,,,,,,,,,,,,,,,,,,,
28-03-2026,28-03-2026,,,"Yes, I feel safe to conduct audit",A36,,,,,,,,,,,,,Cannot find info.,0,0,1,Cannot find info. ,,,,,Cannot find info.,,Cannot find info.,,Do not know,,,,,OK,,,,709246079,79d098d5-6ac7-43ab-ba30-90e2ca735d63,28-03-2026,,,submitted_via_web,,v5gRYdvNEMSpkDy6nZJagS,,uuid:79d098d5-6ac7-43ab-ba30-90e2ca735d63,144,K207,K207,,,,,,,,,,,,,,,,,,,,,,,,,,,,,,,,,,,,,,,,,,,,
28-03-2026,28-03-2026,,,"Yes, I feel safe to conduct audit",A36,,,,,,,,,,,,,No,0,1,0,Does not flood,,,,,Every 6 months,,2-6 months back,,GBA (Previously known as BBMP) Ward Office,,,,,OK,,,,709246080,5cedd7cd-35f2-4368-a903-7a72e72a02e7,28-03-2026,,,submitted_via_web,,v5gRYdvNEMSpkDy6nZJagS,,uuid:5cedd7cd-35f2-4368-a903-7a72e72a02e7,145,K207,K207,,,,,,,,,,,,,,,,,,,,,,,,,,,,,,,,,,,,,,,,,,,,
28-03-2026,28-03-2026,,,"Yes, I feel safe to conduct audit",A38,,,,,,,,,,,,,Yes,1,0,0,More than 10 inches,,,,,Once a year,,More than 6 months,,GBA SWD Dept. ,,,,,OK,,,,709264943,7db88e75-4287-49d3-b884-59cdb89844aa,28-03-2026,,,submitted_via_web,,vYpLhLP9QFCbxRTo2Cm3SK,,uuid:7db88e75-4287-49d3-b884-59cdb89844aa,146,H200,,,,,,,,,,,,,,,,,,,,,,,,,,,,,,,,,,,,,,,,,,,,,
28-03-2026,28-03-2026,,,"Yes, I feel safe to conduct audit",A38,,,,,,,,,,,,,Yes,1,0,0,2-5 inches,,,,,Once a year,,More than 6 months,,GBA (Previously known as BBMP) Ward Office,,,,,OK,,,,709265024,644c4c40-c9c1-430e-9e5b-003120978d07,28-03-2026,,,submitted_via_web,,vYpLhLP9QFCbxRTo2Cm3SK,,uuid:644c4c40-c9c1-430e-9e5b-003120978d07,147,H200,,,,,,,,,,,,,,,,,,,,,,,,,,,,,,,,,,,,,,,,,,,,,
28-03-2026,28-03-2026,,,"No, I do not feel safe. I will stop the audit at this point ",A38,,,,,,,,,,,,,Cannot find info.,0,0,1,Cannot find info. ,,,,,Cannot find info.,,Cannot find info.,,Do not know,,,,,OK,,,,709265026,d6ab81ba-8405-47a1-ac7e-9df7ab03a084,28-03-2026,,,submitted_via_web,,vYpLhLP9QFCbxRTo2Cm3SK,,uuid:d6ab81ba-8405-47a1-ac7e-9df7ab03a084,148,H200,,,,,,,,,,,,,,,,,,,,,,,,,,,,,,,,,,,,,,,,,,,,,
28-03-2026,28-03-2026,,,"No, I do not feel safe. I will stop the audit at this point ",A38,,,,,,,,,,,,,Yes,1,0,0,Cannot find info. ,,,,,Cannot find info.,,Cannot find info.,,Do not know,,,,,OK,,,,709265030,6a64d381-b76f-43ab-892a-5ccbf7b7c2f4,28-03-2026,,,submitted_via_web,,vYpLhLP9QFCbxRTo2Cm3SK,,uuid:6a64d381-b76f-43ab-892a-5ccbf7b7c2f4,149,H200,,,,,,,,,,,,,,,,,,,,,,,,,,,,,,,,,,,,,,,,,,,,,
28-03-2026,28-03-2026,,,"No, I do not feel safe. I will stop the audit at this point ",A38,,,,,,,,,,,,,Cannot find info.,0,0,1,Cannot find info. ,,,,,Cannot find info.,,Cannot find info.,,Do not know,,,,,OK,,,,709265034,95eccc13-f6cc-488d-b6a3-3a6740f0f04d,28-03-2026,,,submitted_via_web,,vYpLhLP9QFCbxRTo2Cm3SK,,uuid:95eccc13-f6cc-488d-b6a3-3a6740f0f04d,150,H200,,,,,,,,,,,,,,,,,,,,,,,,,,,,,,,,,,,,,,,,,,,,,
28-03-2026,28-03-2026,,,"Yes, I feel safe to conduct audit",A38,,,,,,,,,,,,,Yes,1,0,0,More than 10 inches,,,,,Once a year,,More than 6 months,,GBA SWD Dept. ,,,,,OK,,,,709266815,6109d914-36aa-4e0d-bda6-cca5c57de1d2,28-03-2026,,,submitted_via_web,,vYpLhLP9QFCbxRTo2Cm3SK,,uuid:6109d914-36aa-4e0d-bda6-cca5c57de1d2,151,H200,,,,,,,,,,,,,,,,,,,,,,,,,,,,,,,,,,,,,,,,,,,,,
28-03-2026,28-03-2026,,,"Yes, I feel safe to conduct audit",A38,,,,,,,,,,,,,Yes,1,0,0,More than 10 inches,,,,,Once a year,,More than 6 months,,GBA SWD Dept. ,,,,,OK,,,,709266941,5d100056-c8b8-4849-b63c-75b6b4c90bce,28-03-2026,,,submitted_via_web,,vYpLhLP9QFCbxRTo2Cm3SK,,uuid:5d100056-c8b8-4849-b63c-75b6b4c90bce,152,H200,,,,,,,,,,,,,,,,,,,,,,,,,,,,,,,,,,,,,,,,,,,,,
28-03-2026,28-03-2026,,,"Yes, I feel safe to conduct audit",A38,,,,,,,,,,,,,Yes,1,0,0,More than 10 inches,,,,,Once a year,,More than 6 months,,GBA SWD Dept. ,,,,,OK,,,,709267716,33786dcc-3c4f-4b63-8152-2361144ab181,28-03-2026,,,submitted_via_web,,vYpLhLP9QFCbxRTo2Cm3SK,,uuid:33786dcc-3c4f-4b63-8152-2361144ab181,153,H200,,,,,,,,,,,,,,,,,,,,,,,,,,,,,,,,,,,,,,,,,,,,,
04-04-2026,04-04-2026,,,"Yes, I feel safe to conduct audit",A36,,,,,,,,,,,,,No,0,1,0,More than 10 inches,,,,,Cannot find info.,,Cannot find info.,,Do not know,,,,,OK,,,,715286475,b2b52fa1-83f7-4f42-adaa-bd58ea01709a,04-04-2026,,,submitted_via_web,,vYpLhLP9QFCbxRTo2Cm3SK,,uuid:b2b52fa1-83f7-4f42-adaa-bd58ea01709a,154,K207,K207,,,,,,,,,,,,,,,,,,,,,,,,,,,,,,,,,,715286508,b1fa7fca-f578-4ff7-a591-fddc8725aed0,04-04-2026,,,submitted_via_web,,vYpLhLP9QFCbxRTo2Cm3SK,,uuid:b1fa7fca-f578-4ff7-a591-fddc8725aed0,155
04-04-2026,04-04-2026,,,"Yes, I feel safe to conduct audit",A36,,,,,,,,,,,,,Yes,1,0,0,More than 10 inches,,,,,Do not know,,More than 6 months,,No one,,,,,OK,,,,715286508,b1fa7fca-f578-4ff7-a591-fddc8725aed0,04-04-2026,,,submitted_via_web,,vYpLhLP9QFCbxRTo2Cm3SK,,uuid:b1fa7fca-f578-4ff7-a591-fddc8725aed0,155,K207,K207,,,,,,,,,,,,,,,,,,,,,,,,,,,,,,,,,,,,,,,,,,,,
08-04-2026,08-04-2026,,,"Yes, I feel safe to conduct audit",A47,,,,,,,,,,,,,Cannot find info.,0,0,1,Cannot find info. ,,,,,Cannot find info.,,Cannot find info.,,Do not know,,,,,OK,,,,719175639,ac384507-98cf-4855-8e7c-0d9f1ee127e2,08-04-2026,,,submitted_via_web,,vYpLhLP9QFCbxRTo2Cm3SK,,uuid:ac384507-98cf-4855-8e7c-0d9f1ee127e2,156,V200,,,,,,,,,,,,,,,,,,,,,,,,,,,,,,,,,,,,,,,,,,,,,
08-04-2026,08-04-2026,,,"Yes, I feel safe to conduct audit",A47,,,,,,,,,,,,,Cannot find info.,0,0,1,Does not flood,,,,,Cannot find info.,,Cannot find info.,,Do not know,,,,,OK,,,,719175813,d454070b-fb66-4d44-8d96-7e559ded369f,08-04-2026,,,submitted_via_web,,vYpLhLP9QFCbxRTo2Cm3SK,,uuid:d454070b-fb66-4d44-8d96-7e559ded369f,157,V200,,,,,,,,,,,,,,,,,,,,,,,,,,,,,,,,,,,,,,,,,,,,,
08-04-2026,08-04-2026,,,"Yes, I feel safe to conduct audit",A47,,,,,,,,,,,,,Cannot find info.,0,0,1,Cannot find info. ,,,,,Cannot find info.,,Cannot find info.,,Do not know,,,,,OK,,,,719175914,12faef69-0b7c-4b2d-97d7-7b8acce84fe0,08-04-2026,,,submitted_via_web,,vYpLhLP9QFCbxRTo2Cm3SK,,uuid:12faef69-0b7c-4b2d-97d7-7b8acce84fe0,158,V200,,,,,,,,,,,,,,,,,,,,,,,,,,,,,,,,,,,,,,,,,,,,,
08-04-2026,08-04-2026,,,"Yes, I feel safe to conduct audit",A47,,,,,,,,,,,,,Cannot find info.,0,0,1,Cannot find info. ,,,,,Cannot find info.,,Cannot find info.,,Do not know,,,,,OK,,,,719176003,af447afd-94d1-4de0-9acb-a2c1725e0d74,08-04-2026,,,submitted_via_web,,vYpLhLP9QFCbxRTo2Cm3SK,,uuid:af447afd-94d1-4de0-9acb-a2c1725e0d74,159,V200,,,,,,,,,,,,,,,,,,,,,,,,,,,,,,,,,,,,,,,,,,,,,
08-04-2026,08-04-2026,,,"Yes, I feel safe to conduct audit",A47,,,,,,,,,,,,,Cannot find info.,0,0,1,Cannot find info. ,,,,,Cannot find info.,,Cannot find info.,,Do not know,,,,,OK,,,,719176090,61d4fa79-626c-4043-8444-83a391fbbd22,08-04-2026,,,submitted_via_web,,vYpLhLP9QFCbxRTo2Cm3SK,,uuid:61d4fa79-626c-4043-8444-83a391fbbd22,160,V205,V205,,,,,,,,,,,,,,,,,,,,,,,,,,,,,,,,,,,,,,,,,,,,
08-04-2026,08-04-2026,,,"Yes, I feel safe to conduct audit",A47,,,,,,,,,,,,,Cannot find info.,0,0,1,Cannot find info. ,,,,,Cannot find info.,,Cannot find info.,,Do not know,,,,,OK,,,,719176245,7160cb39-59bf-45c4-9623-6876213946cf,08-04-2026,,,submitted_via_web,,vYpLhLP9QFCbxRTo2Cm3SK,,uuid:7160cb39-59bf-45c4-9623-6876213946cf,161,V202,V202,,,,,,,,,,,,,,,,,,,,,,,,,,,,,,,,,,,,,,,,,,,,
08-04-2026,08-04-2026,,,"Yes, I feel safe to conduct audit",A45,,,,,,,,,,,,,No,0,1,0,Does not flood,,,,,Cannot find info.,,Last month,,GBA (Previously known as BBMP) Ward Office,,,,,OK,,,,719181987,0dba421b-4480-4f05-a971-eb6901422eaf,08-04-2026,,,submitted_via_web,,vYpLhLP9QFCbxRTo2Cm3SK,,uuid:0dba421b-4480-4f05-a971-eb6901422eaf,162,V202,V202,,,,,,,,,,,,,,,,,,,,,,,,,,,,,,,,,,,,,,,,,,,,
08-04-2026,08-04-2026,,,"Yes, I feel safe to conduct audit",A45,,,,,,,,,,,,,No,0,1,1,Does not flood,,,,,Cannot find info.,,Cannot find info.,,Do not know,,,,,OK,,,,719182756,1c17d3e8-5e0f-444c-8fb6-b4c637b71565,08-04-2026,,,submitted_via_web,,vYpLhLP9QFCbxRTo2Cm3SK,,uuid:1c17d3e8-5e0f-444c-8fb6-b4c637b71565,163,V200,,,,,,,,,,,,,,,,,,,,,,,,,,,,,,,,,,,,,,,,,,,,,
08-04-2026,08-04-2026,,,"Yes, I feel safe to conduct audit",A44,,,,,,,,,,,,,No,0,1,0,Does not flood,,,,,Every 6 months,,Last month,,GBA (Previously known as BBMP) Ward Office,,,,,OK,,,,719186907,eac4f32e-6dfe-4082-bad0-315f68c427a9,08-04-2026,,,submitted_via_web,,vYpLhLP9QFCbxRTo2Cm3SK,,uuid:eac4f32e-6dfe-4082-bad0-315f68c427a9,164,V200,,,,,,,,,,,,,,,,,,,,,,,,,,,,,,,,,,,,,,,,,,,,,
08-04-2026,08-04-2026,,,"Yes, I feel safe to conduct audit",A44,,,,,,,,,,,,,No,0,1,0,Does not flood,,,,,Do not know,,More than 6 months,,GBA (Previously known as BBMP) Ward Office,,,,,OK,,,,719187053,bc5626c8-41e5-43a7-b1dd-fdde1267e276,08-04-2026,,,submitted_via_web,,vYpLhLP9QFCbxRTo2Cm3SK,,uuid:bc5626c8-41e5-43a7-b1dd-fdde1267e276,165,V200,,,,,,,,,,,,,,,,,,,,,,,,,,,,,,,,,,,,,,,,,,,,,
08-04-2026,08-04-2026,,,"Yes, I feel safe to conduct audit",A44,,,,,,,,,,,,,No,0,1,0,Cannot find info. ,,,,,Do not know,,Cannot find info.,,Do not know,,,,,OK,,,,719187145,488c36a3-0fca-4f7f-9979-9a089a00e9f7,08-04-2026,,,submitted_via_web,,vYpLhLP9QFCbxRTo2Cm3SK,,uuid:488c36a3-0fca-4f7f-9979-9a089a00e9f7,166,V200,,,,,,,,,,,,,,,,,,,,,,,,,,,,,,,,,,,,,,,,,,,,,
08-04-2026,08-04-2026,,,"Yes, I feel safe to conduct audit",A44,,,,,,,,,,,,,No,0,1,0,Cannot find info. ,,,,,Cannot find info.,,More than 6 months,,GBA (Previously known as BBMP) Ward Office,,,,,OK,,,,719187155,47ca04d5-f946-4d36-ab9d-663ee62bde79,08-04-2026,,,submitted_via_web,,vYpLhLP9QFCbxRTo2Cm3SK,,uuid:47ca04d5-f946-4d36-ab9d-663ee62bde79,167,V205,V205,,,,,,,,,,,,,,,,,,,,,,,,,,,,,,,,,,,,,,,,,,,,
08-04-2026,08-04-2026,,,"Yes, I feel safe to conduct audit",A44,,,,,,,,,,,,,Cannot find info.,0,0,1,Cannot find info. ,,,,,Do not know,,Cannot find info.,,GBA (Previously known as BBMP) Ward Office,,,,,OK,,,,719187166,8eefcbbe-304b-4af8-80db-72e93d8b3676,08-04-2026,,,submitted_via_web,,vYpLhLP9QFCbxRTo2Cm3SK,,uuid:8eefcbbe-304b-4af8-80db-72e93d8b3676,168,V202,V202,,,,,,,,,,,,,,,,,,,,,,,,,,,,,,,,,,,,,,,,,,,,
08-04-2026,08-04-2026,,,"Yes, I feel safe to conduct audit",A41,,,,,,,,,,,,,Yes,1,0,0,Upto  1 inch,,,,,Every 6 months,,2-6 months back,,GBA (Previously known as BBMP) Ward Office,,,,,OK,,,,719191139,89e72191-dd97-4a30-b5b1-637b6a18457a,08-04-2026,,,submitted_via_web,,vYpLhLP9QFCbxRTo2Cm3SK,,uuid:89e72191-dd97-4a30-b5b1-637b6a18457a,169,V205,V205,,,,,,,,,,,,,,,,,,,,,,,,,,,,,,,,,,,,,,,,,,,,
08-04-2026,08-04-2026,,,"Yes, I feel safe to conduct audit",A41,,,,,,,,,,,,,No,0,1,0,Does not flood,,,,,Every 6 months,,Last month,,Do not know,,,,,OK,,,,719191152,ac56b177-8b1d-4efd-ad70-2e05453afeda,08-04-2026,,,submitted_via_web,,vYpLhLP9QFCbxRTo2Cm3SK,,uuid:ac56b177-8b1d-4efd-ad70-2e05453afeda,170,V202,V202,,,,,,,,,,,,,,,,,,,,,,,,,,,,,,,,,,,,,,,,,,,,
08-04-2026,08-04-2026,,,"Yes, I feel safe to conduct audit",A41,,,,,,,,,,,,,No,0,1,0,Does not flood,,,,,Do not know,,Cannot find info.,,Do not know,,,,,OK,,,,719191159,48cb8c5a-4a84-496c-8303-9a0f0f1becef,08-04-2026,,,submitted_via_web,,vYpLhLP9QFCbxRTo2Cm3SK,,uuid:48cb8c5a-4a84-496c-8303-9a0f0f1becef,171,V200,,,,,,,,,,,,,,,,,,,,,,,,,,,,,,,,,,,,,,,,,,,,,
08-04-2026,08-04-2026,,,"Yes, I feel safe to conduct audit",A41,,,,,,,,,,,,,Yes,1,0,0,6-10 inches,,,,,Do not know,,More than 6 months,,Do not know,,,,,OK,,,,719191171,ea02fc30-baa4-4a45-9f52-a8a6d4eb7dd9,08-04-2026,,,submitted_via_web,,vYpLhLP9QFCbxRTo2Cm3SK,,uuid:ea02fc30-baa4-4a45-9f52-a8a6d4eb7dd9,172,V200,,,,,,,,,,,,,,,,,,,,,,,,,,,,,,,,,,,,,,,,,,,,,
08-04-2026,08-04-2026,,,"Yes, I feel safe to conduct audit",A41,,,,,,,,,,,,,Yes,1,0,0,Does not flood,,,,,Once a year,,Cannot find info.,,Do not know,,,,,OK,,,,719191178,cc5debf0-70bb-4fa7-b6d9-969d86be4992,08-04-2026,,,submitted_via_web,,vYpLhLP9QFCbxRTo2Cm3SK,,uuid:cc5debf0-70bb-4fa7-b6d9-969d86be4992,173,V200,,,,,,,,,,,,,,,,,,,,,,,,,,,,,,,,,,,,,,,,,,,,,
08-04-2026,08-04-2026,,,"No, I do not feel safe. I will stop the audit at this point ",A48,,,,,,,,,,,,,Cannot find info.,0,0,1,Does not flood,,,,,Cannot find info.,,Cannot find info.,,Do not know,,,,,OK,,,,719197057,999da700-8864-4174-83bf-6bf72b46ffd1,08-04-2026,,,submitted_via_web,,vYpLhLP9QFCbxRTo2Cm3SK,,uuid:999da700-8864-4174-83bf-6bf72b46ffd1,174,V202,V202,,,,,,,,,,,,,,,,,,,,,,,,,,,,,,,,,,,,,,,,,,,,
08-04-2026,08-04-2026,,,"No, I do not feel safe. I will stop the audit at this point ",A48,,,,,,,,,,,,,No,0,1,0,Does not flood,,,,,Cannot find info.,,Cannot find info.,,No one,,,,,OK,,,,719197119,4a7d842d-796f-493c-9f93-565f6368acc0,08-04-2026,,,submitted_via_web,,vYpLhLP9QFCbxRTo2Cm3SK,,uuid:4a7d842d-796f-493c-9f93-565f6368acc0,175,V200,,,,,,,,,,,,,,,,,,,,,,,,,,,,,,,,,,,,,,,,,,,,,
08-04-2026,08-04-2026,,,"Yes, I feel safe to conduct audit",A48,,,,,,,,,,,,,No,0,1,0,Does not flood,,,,,Do not know,,Cannot find info.,,Do not know,,,,,OK,,,,719197206,02def328-3893-4c0e-ae1a-da7fcf07a274,08-04-2026,,,submitted_via_web,,vYpLhLP9QFCbxRTo2Cm3SK,,uuid:02def328-3893-4c0e-ae1a-da7fcf07a274,176,V200,,,,,,,,,,,,,,,,,,,,,,,,,,,,,,,,,,,,,,,,,,,,,
08-04-2026,08-04-2026,,,"No, I do not feel safe. I will stop the audit at this point ",A48,,,,,,,,,,,,,No,0,1,0,Upto  1 inch,,,,,Cannot find info.,,Cannot find info.,,Private,,,,,OK,,,,719197255,41785234-4014-46e0-b4d5-986cd87b3273,08-04-2026,,,submitted_via_web,,vYpLhLP9QFCbxRTo2Cm3SK,,uuid:41785234-4014-46e0-b4d5-986cd87b3273,177,V200,,,,,,,,,,,,,,,,,,,,,,,,,,,,,,,,,,,,,,,,,,,,,
08-04-2026,08-04-2026,,,"Yes, I feel safe to conduct audit",A48,,,,,,,,,,,,,Cannot find info.,0,0,1,Cannot find info. ,,,,,Cannot find info.,,Cannot find info.,,Do not know,,,,,OK,,,,719197310,905f9de2-5417-4634-b3fb-6ba7bbdb8d5d,08-04-2026,,,submitted_via_web,,vYpLhLP9QFCbxRTo2Cm3SK,,uuid:905f9de2-5417-4634-b3fb-6ba7bbdb8d5d,178,V202,V202,,,,,,,,,,,,,,,,,,,,,,,,,,,,,,,,,,,,,,,,,,,,
08-04-2026,08-04-2026,,,"Yes, I feel safe to conduct audit",A48,,,,,,,,,,,,,No,0,1,0,Does not flood,,,,,Cannot find info.,,Cannot find info.,,No one,,,,,OK,,,,719197343,ba382b54-01a6-4954-aba3-cfb35b302977,08-04-2026,,,submitted_via_web,,vYpLhLP9QFCbxRTo2Cm3SK,,uuid:ba382b54-01a6-4954-aba3-cfb35b302977,179,V202,V202,,,,,,,,,,,,,,,,,,,,,,,,,,,,,,,,,,,,,,,,,,,,
08-04-2026,08-04-2026,,,"Yes, I feel safe to conduct audit",A43,,,,,,,,,,,,,Yes,1,0,0,Upto  1 inch,,,,,Do not know,,More than 6 months,,No one,,,,,OK,,,,719199559,7ad845b5-61cf-42fa-9214-4ab0bc19fd46,08-04-2026,,,submitted_via_web,,vYpLhLP9QFCbxRTo2Cm3SK,,uuid:7ad845b5-61cf-42fa-9214-4ab0bc19fd46,180,V200,,,,,,,,,,,,,,,,,,,,,,,,,,,,,,,,,,,,,,,,,,,,,
08-04-2026,08-04-2026,,,"Yes, I feel safe to conduct audit",A43,,,,,,,,,,,,,Yes,1,0,0,2-5 inches,,,,,Cannot find info.,,More than 6 months,,Do not know,,,,,OK,,,,719199867,0bd4398c-416c-421a-a93d-94a352880981,08-04-2026,,,submitted_via_web,,vYpLhLP9QFCbxRTo2Cm3SK,,uuid:0bd4398c-416c-421a-a93d-94a352880981,181,V200,,,,,,,,,,,,,,,,,,,,,,,,,,,,,,,,,,,,,,,,,,,,,
08-04-2026,08-04-2026,,,"Yes, I feel safe to conduct audit",A40,,,,,,,,,,,,,Yes,1,0,0,Upto  1 inch,,,,,Every 6 months,,2-6 months back,,GBA (Previously known as BBMP) Ward Office,,,,,OK,,,,719202976,26db95ac-9f13-4b2d-8de2-8c5047ef78ee,08-04-2026,,,submitted_via_web,,vYpLhLP9QFCbxRTo2Cm3SK,,uuid:26db95ac-9f13-4b2d-8de2-8c5047ef78ee,182,V205,V205,,,,,,,,,,,,,,,,,,,,,,,,,,,,,,,,,,,,,,,,,,,,
08-04-2026,08-04-2026,,,"Yes, I feel safe to conduct audit",A40,,,,,,,,,,,,,No,0,1,0,Does not flood,,,,,Every 6 months,,2-6 months back,,GBA (Previously known as BBMP) Ward Office,,,,,OK,,,,719202986,8db34573-bdce-4873-b397-0ee42df09e21,08-04-2026,,,submitted_via_web,,vYpLhLP9QFCbxRTo2Cm3SK,,uuid:8db34573-bdce-4873-b397-0ee42df09e21,183,V202,V202,,,,,,,,,,,,,,,,,,,,,,,,,,,,,,,,,,,,,,,,,,,,
08-04-2026,08-04-2026,,,"Yes, I feel safe to conduct audit",A40,,,,,,,,,,,,,No,0,1,0,Does not flood,,,,,Once a year,,2-6 months back,,GBA (Previously known as BBMP) Ward Office,,,,,OK,,,,719202995,12de4120-a231-4822-99fb-73e1056124cd,08-04-2026,,,submitted_via_web,,vYpLhLP9QFCbxRTo2Cm3SK,,uuid:12de4120-a231-4822-99fb-73e1056124cd,184,V200,,,,,,,,,,,,,,,,,,,,,,,,,,,,,,,,,,,,,,,,,,,,,
08-04-2026,08-04-2026,,,"Yes, I feel safe to conduct audit",A40,,,,,,,,,,,,,No,0,1,0,Does not flood,,,,,Every 6 months,,2-6 months back,,GBA (Previously known as BBMP) Ward Office,,,,,OK,,,,719203004,9d10eec7-59e0-4e45-bd18-3dab66fc5ef4,08-04-2026,,,submitted_via_web,,vYpLhLP9QFCbxRTo2Cm3SK,,uuid:9d10eec7-59e0-4e45-bd18-3dab66fc5ef4,185,V200,,,,,,,,,,,,,,,,,,,,,,,,,,,,,,,,,,,,,,,,,,,,,
08-04-2026,08-04-2026,,,"Yes, I feel safe to conduct audit",A40,,,,,,,,,,,,,No,0,1,0,Does not flood,,,,,Every 6 months,,2-6 months back,,GBA (Previously known as BBMP) Ward Office,,,,,OK,,,,719203012,8c312ef2-0eaf-4ca0-b6bc-b0e2ba9143e3,08-04-2026,,,submitted_via_web,,vYpLhLP9QFCbxRTo2Cm3SK,,uuid:8c312ef2-0eaf-4ca0-b6bc-b0e2ba9143e3,186,V200,,,,,,,,,,,,,,,,,,,,,,,,,,,,,,,,,,,,,,,,,,,,,
08-04-2026,08-04-2026,,,"Yes, I feel safe to conduct audit",A45,,,,,,,,,,,,,Yes,1,0,0,More than 10 inches,,,,,Every 6 months,,Last month,,Do not know,,,,,OK,,,,719228214,9d8b013c-0b19-4679-9c71-946a74fc8ccf,08-04-2026,,,submitted_via_web,,vYpLhLP9QFCbxRTo2Cm3SK,,uuid:9d8b013c-0b19-4679-9c71-946a74fc8ccf,187,V200,,,,,,,,,,,,,,,,,,,,,,,,,,,,,,,,,,,,,,,,,,,,,
08-04-2026,08-04-2026,,,"Yes, I feel safe to conduct audit",A46,,,,,,,,,,,,,No,0,1,0,Does not flood,,,,,Do not know,,2-6 months back,,No one,,,,,OK,,,,719228299,9386a908-2c3a-4a83-a0e7-5babb4334493,08-04-2026,,,submitted_via_web,,vYpLhLP9QFCbxRTo2Cm3SK,,uuid:9386a908-2c3a-4a83-a0e7-5babb4334493,188,V200,,,,,,,,,,,,,,,,,,,,,,,,,,,,,,,,,,,,,,,,,,,,,
08-04-2026,08-04-2026,,,"Yes, I feel safe to conduct audit",A42,,,,,,,,,,,,,No,0,1,0,6-10 inches,,,,,Do not know,,More than 6 months,,Do not know,,,,,OK,,,,719230959,90777439-329c-400b-b7a1-f66bf8f75286,08-04-2026,,,submitted_via_web,,vYpLhLP9QFCbxRTo2Cm3SK,,uuid:90777439-329c-400b-b7a1-f66bf8f75286,189,V200,,,,,,,,,,,,,,,,,,,,,,,,,,,,,,,,,,,,,,,,,,,,,
19-04-2026,19-04-2026,,,"Yes, I feel safe to conduct audit",A35,,,,,,,,,,,,,No,0,1,0,Does not flood,,,,,Cannot find info.,,Cannot find info.,,Do not know,,,,,OK,,,,729180608,1a0bb855-76c8-49fd-b586-4119458d6a63,19-04-2026,,,submitted_via_web,,vYpLhLP9QFCbxRTo2Cm3SK,,uuid:1a0bb855-76c8-49fd-b586-4119458d6a63,190,H400,,,,,,,,,,,,,,,,,,,,,,,,,,,,,,,,,,,,,,,,,,,,,
27-04-2026,27-04-2026,,,"Yes, I feel safe to conduct audit",A53,,,,,,,,,,,,,Yes,1,0,0,6-10 inches,,,,,Once a year,,More than 6 months,,GBA (Previously known as BBMP) Ward Office,,,,,OK,,,,736262133,a3e97115-ea5c-41a4-a619-0a12ff1c6dd5,27-04-2026,,,submitted_via_web,,vYpLhLP9QFCbxRTo2Cm3SK,,uuid:a3e97115-ea5c-41a4-a619-0a12ff1c6dd5,191,V100,,,,,,,,,,,,,,,,,,,,,,,,,,,,,,,,,,,,,,,,,,,,,
27-04-2026,27-04-2026,,,"Yes, I feel safe to conduct audit",A54,,,,,,,,,,,,,No,0,1,0,Does not flood,,,,,Cannot find info.,,More than 6 months,,Do not know,,,,,OK,,,,736267300,c4d5e08a-6d51-4ede-bed0-41e32ca08e2b,27-04-2026,,,submitted_via_web,,vYpLhLP9QFCbxRTo2Cm3SK,,uuid:c4d5e08a-6d51-4ede-bed0-41e32ca08e2b,192,V120,V120,,,,,,,,,,,,,,,,,,,,,,,,,,,,,,,,,,,,,,,,,,,,
27-04-2026,27-04-2026,,,"Yes, I feel safe to conduct audit",A56,,,,,,,,,,,,,Yes,1,0,0,2-5 inches,,,,,Every 6 months,,2-6 months back,,Do not know,,,,,OK,,,,736275184,623bfcbb-3f2f-412c-99e1-dddc33f1a093,27-04-2026,,,submitted_via_web,,vYpLhLP9QFCbxRTo2Cm3SK,,uuid:623bfcbb-3f2f-412c-99e1-dddc33f1a093,193,V120,V120,,,,,,,,,,,,,,,,,,,,,,,,,,,,,,,,,,,,,,,,,,,,
27-04-2026,27-04-2026,,,"Yes, I feel safe to conduct audit",A56,,,,,,,,,,,,,Yes,1,0,0,More than 10 inches,,,,,Do not know,,More than 6 months,,Do not know,,,,,OK,,,,736282710,205e2dea-3de2-494b-a066-4f623d13775d,27-04-2026,,,submitted_via_web,,vYpLhLP9QFCbxRTo2Cm3SK,,uuid:205e2dea-3de2-494b-a066-4f623d13775d,194,V120,V120,,,,,,,,,,,,,,,,,,,,,,,,,,,,,,,,,,,,,,,,,,,,
27-04-2026,27-04-2026,,,"Yes, I feel safe to conduct audit",A56,,,,,,,,,,,,,No,0,1,0,2-5 inches,,,,,Once a year,,More than 6 months,,Do not know,,,,,OK,,,,736288684,d8c213d9-24a4-45cd-80e5-b15d92bba939,27-04-2026,,,submitted_via_web,,vYpLhLP9QFCbxRTo2Cm3SK,,uuid:d8c213d9-24a4-45cd-80e5-b15d92bba939,195,V120,V120,,,,,,,,,,,,,,,,,,,,,,,,,,,,,,,,,,,,,,,,,,,,
27-04-2026,27-04-2026,,,"Yes, I feel safe to conduct audit",A51,,,,,,,,,,,,,No,0,1,0,Upto  1 inch,,,,,Every 6 months,,Last month,,GBA (Previously known as BBMP) Ward Office,,,,,OK,,,,736305812,56770999-f533-4496-8171-0cf93345e1cf,27-04-2026,,,submitted_via_web,,vYpLhLP9QFCbxRTo2Cm3SK,,uuid:56770999-f533-4496-8171-0cf93345e1cf,196,V120,V120,,,,,,,,,,,,,,,,,,,,,,,,,,,,,,,,,,,,,,,,,,,,
27-04-2026,27-04-2026,,,"Yes, I feel safe to conduct audit",A51,,,,,,,,,,,,,Yes,1,0,0,More than 10 inches,,,,,Once a year,,More than 6 months,,Do not know,,,,,OK,,,,736306143,46a476b7-333c-487d-b1b5-78063d1c2745,27-04-2026,,,submitted_via_web,,vYpLhLP9QFCbxRTo2Cm3SK,,uuid:46a476b7-333c-487d-b1b5-78063d1c2745,197,V100,,,,,,,,,,,,,,,,,,,,,,,,,,,,,,,,,,,,,,,,,,,,,
27-04-2026,27-04-2026,,,"No, I do not feel safe. I will stop the audit at this point ",A55,,,,,,,,,,,,,No,0,1,0,Does not flood,,,,,Cannot find info.,,Last month,,Do not know,,,,,OK,,,,736306685,e2ed3ad6-474d-4cb2-abdc-6a0d259e5a5d,27-04-2026,,,submitted_via_web,,vYpLhLP9QFCbxRTo2Cm3SK,,uuid:e2ed3ad6-474d-4cb2-abdc-6a0d259e5a5d,198,V120,V120,,,,,,,,,,,,,,,,,,,,,,,,,,,,,,,,,,,,,,,,,,,,
27-04-2026,27-04-2026,,,"No, I do not feel safe. I will stop the audit at this point ",A55,,,,,,,,,,,,,No,0,1,0,Does not flood,,,,,Do not know,,More than 6 months,,Do not know,,,,,OK,,,,736306816,f69b81ac-ccf1-4940-a508-001dbab01cb3,27-04-2026,,,submitted_via_web,,vYpLhLP9QFCbxRTo2Cm3SK,,uuid:f69b81ac-ccf1-4940-a508-001dbab01cb3,199,V120,V120,,,,,,,,,,,,,,,,,,,,,,,,,,,,,,,,,,,,,,,,,,,,
27-04-2026,27-04-2026,,,"No, I do not feel safe. I will stop the audit at this point ",A55,,,,,,,,,,,,,Yes,1,0,0,Does not flood,,,,,Cannot find info.,,More than 6 months,,No one,,,,,OK,,,,736306942,22971fe8-c7f6-4183-af64-382640dec9d8,27-04-2026,,,submitted_via_web,,vYpLhLP9QFCbxRTo2Cm3SK,,uuid:22971fe8-c7f6-4183-af64-382640dec9d8,200,V120,V120,,,,,,,,,,,,,,,,,,,,,,,,,,,,,,,,,,,,,,,,,,,,
27-04-2026,27-04-2026,,,"No, I do not feel safe. I will stop the audit at this point ",A55,,,,,,,,,,,,,No,0,1,0,Does not flood,,,,,Cannot find info.,,Last month,,No one,,,,,OK,,,,736307264,6054cffe-6b22-4f01-b138-ae41da1937a2,27-04-2026,,,submitted_via_web,,vYpLhLP9QFCbxRTo2Cm3SK,,uuid:6054cffe-6b22-4f01-b138-ae41da1937a2,201,V100,,,,,,,,,,,,,,,,,,,,,,,,,,,,,,,,,,,,,,,,,,,,,
27-04-2026,27-04-2026,,,"Yes, I feel safe to conduct audit",A54,,,,,,,,,,,,,Yes,1,0,0,2-5 inches,,,,,Once a year,,More than 6 months,,No one,,,,,OK,,,,736307370,a789d361-ad04-44ea-a64d-dc4ba7bd7e5c,27-04-2026,,,submitted_via_web,,vYpLhLP9QFCbxRTo2Cm3SK,,uuid:a789d361-ad04-44ea-a64d-dc4ba7bd7e5c,202,V100,,,,,,,,,,,,,,,,,,,,,,,,,,,,,,,,,,,,,,,,,,,,,
27-04-2026,27-04-2026,,,"Yes, I feel safe to conduct audit",A56,,,,,,,,,,,,,Yes,1,0,0,6-10 inches,,,,,Every 6 months,,2-6 months back,,Do not know,,,,,OK,,,,736309856,8aec9eb0-ca49-4b06-95c2-5adb3868a9e3,27-04-2026,,,submitted_via_web,,vYpLhLP9QFCbxRTo2Cm3SK,,uuid:8aec9eb0-ca49-4b06-95c2-5adb3868a9e3,203,V120,V120,,,,,,,,,,,,,,,,,,,,,,,,,,,,,,,,,,,,,,,,,,,,
27-04-2026,27-04-2026,,,"Yes, I feel safe to conduct audit",A50,,,,,,,,,,,,,No,0,1,0,Does not flood,,,,,Once a year,,More than 6 months,,No one,,,,,OK,,,,736310602,5e31be7e-051d-49d5-a7e4-d0256cc79fb1,27-04-2026,,,submitted_via_web,,vYpLhLP9QFCbxRTo2Cm3SK,,uuid:5e31be7e-051d-49d5-a7e4-d0256cc79fb1,204,V120,V120,,,,,,,,,,,,,,,,,,,,,,,,,,,,,,,,,,,,,,,,,,,,
27-04-2026,27-04-2026,,,"Yes, I feel safe to conduct audit",A50,,,,,,,,,,,,,Yes,1,0,0,More than 10 inches,,,,,Once a year,,More than 6 months,,Do not know,,,,,OK,,,,736310605,4ae5466a-f3a0-42b6-8390-d7187a91b4fd,27-04-2026,,,submitted_via_web,,vYpLhLP9QFCbxRTo2Cm3SK,,uuid:4ae5466a-f3a0-42b6-8390-d7187a91b4fd,205,V120,V120,,,,,,,,,,,,,,,,,,,,,,,,,,,,,,,,,,,,,,,,,,,,
27-04-2026,27-04-2026,,,"Yes, I feel safe to conduct audit",A50,,,,,,,,,,,,,Yes,1,0,0,More than 10 inches,,,,,Once a year,,2-6 months back,,Do not know,,,,,OK,,,,736310609,84df90b4-5741-4dfd-a37b-3f418494d52b,27-04-2026,,,submitted_via_web,,vYpLhLP9QFCbxRTo2Cm3SK,,uuid:84df90b4-5741-4dfd-a37b-3f418494d52b,206,V120,V120,,,,,,,,,,,,,,,,,,,,,,,,,,,,,,,,,,,,,,,,,,,,
27-04-2026,27-04-2026,,,"Yes, I feel safe to conduct audit",A50,,,,,,,,,,,,,No,0,1,0,Does not flood,,,,,Once a year,,More than 6 months,,Do not know,,,,,OK,,,,736310613,2f81aba2-6dde-439e-82a9-f531ac96d8a4,27-04-2026,,,submitted_via_web,,vYpLhLP9QFCbxRTo2Cm3SK,,uuid:2f81aba2-6dde-439e-82a9-f531ac96d8a4,207,V120,V120,,,,,,,,,,,,,,,,,,,,,,,,,,,,,,,,,,,,,,,,,,,,
27-04-2026,27-04-2026,,,"Yes, I feel safe to conduct audit",A50,,,,,,,,,,,,,Yes,1,0,0,6-10 inches,,,,,Every 6 months,,2-6 months back,,Do not know,,,,,OK,,,,736310617,bc154fbf-6593-462e-aa2d-c0ffa6cc14d7,27-04-2026,,,submitted_via_web,,vYpLhLP9QFCbxRTo2Cm3SK,,uuid:bc154fbf-6593-462e-aa2d-c0ffa6cc14d7,208,V120,V120,,,,,,,,,,,,,,,,,,,,,,,,,,,,,,,,,,,,,,,,,,,,
27-04-2026,27-04-2026,,,"Yes, I feel safe to conduct audit",A50,,,,,,,,,,,,,Yes,1,0,0,More than 10 inches,,,,,Cannot find info.,,Cannot find info.,,Do not know,,,,,OK,,,,736310620,5176cd96-283c-46de-9994-03861771265e,27-04-2026,,,submitted_via_web,,vYpLhLP9QFCbxRTo2Cm3SK,,uuid:5176cd96-283c-46de-9994-03861771265e,209,V120,V120,,,,,,,,,,,,,,,,,,,,,,,,,,,,,,,,,,,,,,,,,,,,
27-04-2026,27-04-2026,,,"Yes, I feel safe to conduct audit",A50,,,,,,,,,,,,,No,0,1,0,Does not flood,,,,,Every 6 months,,2-6 months back,,Do not know,,,,,OK,,,,736310627,90af8b51-646a-4723-a6fc-c5b2bd6837f3,27-04-2026,,,submitted_via_web,,vYpLhLP9QFCbxRTo2Cm3SK,,uuid:90af8b51-646a-4723-a6fc-c5b2bd6837f3,210,V100,,,,,,,,,,,,,,,,,,,,,,,,,,,,,,,,,,,,,,,,,,,,,
27-04-2026,27-04-2026,,,"Yes, I feel safe to conduct audit",A50,,,,,,,,,,,,,Yes,1,0,0,6-10 inches,,,,,Once a year,,More than 6 months,,Do not know,,,,,OK,,,,736310631,e8a92ed8-e6f5-44af-8ac5-1eaaf8b9c863,27-04-2026,,,submitted_via_web,,vYpLhLP9QFCbxRTo2Cm3SK,,uuid:e8a92ed8-e6f5-44af-8ac5-1eaaf8b9c863,211,V100,,,,,,,,,,,,,,,,,,,,,,,,,,,,,,,,,,,,,,,,,,,,,
27-04-2026,27-04-2026,,,"Yes, I feel safe to conduct audit",A56,,,,,,,,,,,,,No,0,1,0,Does not flood,,,,,Do not know,,Cannot find info.,,Do not know,,,,,OK,,,,736325147,6c0c7b76-0df1-4abd-8a3d-1a6bac6198ad,27-04-2026,,,submitted_via_web,,vYpLhLP9QFCbxRTo2Cm3SK,,uuid:6c0c7b76-0df1-4abd-8a3d-1a6bac6198ad,212,V100,,,,,,,,,,,,,,,,,,,,,,,,,,,,,,,,,,,,,,,,,,,,,
27-04-2026,27-04-2026,,,"Yes, I feel safe to conduct audit",A56,,,,,,,,,,,,,Cannot find info.,0,0,1,Cannot find info. ,,,,,Cannot find info.,,Cannot find info.,,Do not know,,,,,OK,,,,736335550,3ed59968-c723-48d1-b5a7-2407d11dd16a,27-04-2026,,,submitted_via_web,,vYpLhLP9QFCbxRTo2Cm3SK,,uuid:3ed59968-c723-48d1-b5a7-2407d11dd16a,213,V100,,,,,,,,,,,,,,,,,,,,,,,,,,,,,,,,,,,,,,,,,,,,,
27-04-2026,27-04-2026,,,"Yes, I feel safe to conduct audit",A52,,,,,,,,,,,,,No,0,1,0,Does not flood,,,,,Every 6 months,,2-6 months back,,GBA (Previously known as BBMP) Ward Office,,,,,OK,,,,736359239,9a2fd403-22e0-4a86-a0ef-7ed71dd984ff,27-04-2026,,,submitted_via_web,,vYpLhLP9QFCbxRTo2Cm3SK,,uuid:9a2fd403-22e0-4a86-a0ef-7ed71dd984ff,214,V100,,,,,,,,,,,,,,,,,,,,,,,,,,,,,,,,,,,,,,,,,,,,,
27-04-2026,27-04-2026,,,"Yes, I feel safe to conduct audit",A56,,,,,,,,,,,,,No,0,1,0,Cannot find info. ,,,,,Cannot find info.,,Cannot find info.,,GBA (Previously known as BBMP) Ward Office,,,,,OK,,,,736661115,2a30ae4f-e8c7-45fa-a774-93b1218696fa,27-04-2026,,,submitted_via_web,,vYpLhLP9QFCbxRTo2Cm3SK,,uuid:2a30ae4f-e8c7-45fa-a774-93b1218696fa,215,V100,,,,,,,,,,,,,,,,,,,,,,,,,,,,,,,,,,,,,,,,,,,,,
09-05-2026,09-05-2026,,,"Yes, I feel safe to conduct audit",A35,,,,,,,,,,,,,Yes,1,0,0,Does not flood,,,,,Cannot find info.,,2-6 months back,,GBA SWD Dept. ,,,,,OK,,,,747066797,bbca9180-8def-469c-b6ae-5c1a866efa4c,09-05-2026,,,submitted_via_web,,vYpLhLP9QFCbxRTo2Cm3SK,,uuid:bbca9180-8def-469c-b6ae-5c1a866efa4c,216,K200,,,,,,,,,,,,,,,,,,,,,,,,,,,,,,,,,,,,,,,,,,,,,
2026-05-17T08:20:00.262+0530:00,2026-05-17T08:25:29.466+0530:00,,,"Yes, I feel safe to conduct audit",A64,,,,,,,,,,,,,Yes,1,0,0,6-10 inches,,,,,Every 6 months,,Cannot find info.,,GBA SWD Dept. ,,,,,OK,,,,754403365,1d364d05-bc8f-4ca1-8259-bbb7912a0d1a,17-05-2026,,,submitted_via_web,,vYpLhLP9QFCbxRTo2Cm3SK,,uuid:1d364d05-bc8f-4ca1-8259-bbb7912a0d1a,217,RN572,,,,,,,,,,,,,,,,,,,,,,,,,,,,,,,,,,,,,,,,,,,,,
2026-05-17T08:41:17.904+0530:00,2026-05-17T08:45:24.700+0530:00,,,"Yes, I feel safe to conduct audit",A64,,,,,,,,,,,,,Cannot find info.,0,0,1,Cannot find info. ,,,,,Every 6 months,,Cannot find info.,,GBA SWD Dept. ,,,,,OK,,,,754411236,eb0598e7-1c2b-4705-8ba8-166d9348ad35,17-05-2026,,,submitted_via_web,,vYpLhLP9QFCbxRTo2Cm3SK,,uuid:eb0598e7-1c2b-4705-8ba8-166d9348ad35,218,RN572,,,,,,,,,,,,,,,,,,,,,,,,,,,,,,,,,,,,,,,,,,,,,
2026-05-17T08:54:25.205+0530:00,2026-05-17T09:04:53.570+0530:00,,,"Yes, I feel safe to conduct audit",A62,,,,,,,,,,,,,Yes,1,0,0,More than 10 inches,,,,,Do not know,,2-6 months back,,Do not know,,,,,,,,,754412967,e1e80531-e8e9-406a-bdd8-8e23a99e20ab,17-05-2026,,,submitted_via_web,,vYpLhLP9QFCbxRTo2Cm3SK,,uuid:e1e80531-e8e9-406a-bdd8-8e23a99e20ab,219,RN572,,,,,,,,,,,,,,,,,,,,,,,,,,,,,,,,,,,,,,,,,,,,,
17-05-2026,17-05-2026,,,"Yes, I feel safe to conduct audit",A64,,,,,,,,,,,,,No,0,1,0,Does not flood,,,,,Cannot find info.,,2-6 months back,,Do not know,,,,,OK,,,,754414118,057df2c0-efeb-4951-adde-679e6d844b72,17-05-2026,,,submitted_via_web,,vYpLhLP9QFCbxRTo2Cm3SK,,uuid:057df2c0-efeb-4951-adde-679e6d844b72,220,RN572,,,,,,,,,,,,,,,,,,,,,,,,,,,,,,,,,,,,,,,,,,,,,
17-05-2026,17-05-2026,,,"Yes, I feel safe to conduct audit",A64,,,,,,,,,,,,,No,0,1,0,Does not flood,,,,,Do not know,,Cannot find info.,,Do not know,,,,,OK,,,,754418556,0fa245f4-cb42-4d61-81a0-511d69494225,17-05-2026,,,submitted_via_web,,vYpLhLP9QFCbxRTo2Cm3SK,,uuid:0fa245f4-cb42-4d61-81a0-511d69494225,221,RN572,,,,,,,,,,,,,,,,,,,,,,,,,,,,,,,,,,,,,,,,,,,,,
17-05-2026,17-05-2026,,,"Yes, I feel safe to conduct audit",A64,,,,,,,,,,,,,No,0,1,0,Does not flood,,,,,Every 6 months,,More than 6 months,,Do not know,,,,,OK,,,,754421821,8d381849-223d-420c-838b-cb4e00b7c0b6,17-05-2026,,,submitted_via_web,,vYpLhLP9QFCbxRTo2Cm3SK,,uuid:8d381849-223d-420c-838b-cb4e00b7c0b6,222,RN572,,,,,,,,,,,,,,,,,,,,,,,,,,,,,,,,,,,,,,,,,,,,,
2026-05-17T10:08:37.265+0530:00,2026-05-17T10:11:59.481+0530:00,,,"Yes, I feel safe to conduct audit",A62,,,,,,,,,,,,,No,0,1,0,Upto  1 inch,,,,,Once a year,,Cannot find info.,,GBA (Previously known as BBMP) Ward Office,,,,,,,,,754427461,b199b533-5cbe-45d1-b337-7f01734661ff,17-05-2026,,,submitted_via_web,,vYpLhLP9QFCbxRTo2Cm3SK,,uuid:b199b533-5cbe-45d1-b337-7f01734661ff,223,RN572,,,,,,,,,,,,,,,,,,,,,,,,,,,,,,,,,,,,,,,,,,,,,
17-05-2026,17-05-2026,,,"Yes, I feel safe to conduct audit",A64,,,,,,,,,,,,,No,0,1,0,Does not flood,,,,,Once a year,,2-6 months back,,Do not know,,,,,OK,,,,754427536,aea0ce55-0135-40cf-90b5-e841b3d7db63,17-05-2026,,,submitted_via_web,,vYpLhLP9QFCbxRTo2Cm3SK,,uuid:aea0ce55-0135-40cf-90b5-e841b3d7db63,224,RN572,,,,,,,,,,,,,,,,,,,,,,,,,,,,,,,,,,,,,,,,,,,,,
17-05-2026,17-05-2026,,,"Yes, I feel safe to conduct audit",A64,,,,,,,,,,,,,No,0,1,0,Does not flood,,,,,Do not know,,Last month,,Do not know,,,,,OK,,,,754429571,09c20e11-c9a6-4417-9227-9765c07caaf8,17-05-2026,,,submitted_via_web,,vYpLhLP9QFCbxRTo2Cm3SK,,uuid:09c20e11-c9a6-4417-9227-9765c07caaf8,225,RN572,,,,,,,,,,,,,,,,,,,,,,,,,,,,,,,,,,,,,,,,,,,,,
17-05-2026,17-05-2026,,,"Yes, I feel safe to conduct audit",A61,,,,,,,,,,,,,Yes,1,0,0,More than 10 inches,,,,,Once a year,,2-6 months back,,GBA (Previously known as BBMP) Ward Office,,,,,OK,,,,754434126,e1d04a85-05b6-413d-b0f8-44aa3c277b0b,17-05-2026,,,submitted_via_web,,vYpLhLP9QFCbxRTo2Cm3SK,,uuid:e1d04a85-05b6-413d-b0f8-44aa3c277b0b,226,RN572,,,,,,,,,,,,,,,,,,,,,,,,,,,,,,,,,,,,,,,,,,,,,
17-05-2026,17-05-2026,,,"Yes, I feel safe to conduct audit",A61,,,,,,,,,,,,,Cannot find info.,0,0,1,Cannot find info. ,,,,,Cannot find info.,,Cannot find info.,,No one,,,,,OK,,,,754434140,b588be81-14d7-4ea6-af62-1e13eeb0ad3f,17-05-2026,,,submitted_via_web,,vYpLhLP9QFCbxRTo2Cm3SK,,uuid:b588be81-14d7-4ea6-af62-1e13eeb0ad3f,227,RN572,,,,,,,,,,,,,,,,,,,,,,,,,,,,,,,,,,,,,,,,,,,,,
17-05-2026,17-05-2026,,,"Yes, I feel safe to conduct audit",A61,,,,,,,,,,,,,No,0,1,0,Does not flood,,,,,Do not know,,Cannot find info.,,GBA (Previously known as BBMP) Ward Office,,,,,OK,,,,754434193,ee1714d5-2d19-4758-92a9-fc5c1ccc8416,17-05-2026,,,submitted_via_web,,vYpLhLP9QFCbxRTo2Cm3SK,,uuid:ee1714d5-2d19-4758-92a9-fc5c1ccc8416,228,RN572,,,,,,,,,,,,,,,,,,,,,,,,,,,,,,,,,,,,,,,,,,,,,
17-05-2026,17-05-2026,,,"Yes, I feel safe to conduct audit",A61,,,,,,,,,,,,,Yes,1,0,0,Cannot find info. ,,,,,Once a year,,Last month,,GBA (Previously known as BBMP) Ward Office,,,,,OK,,,,754434257,d771cccf-9758-4269-9ddc-e7480f4c4fe9,17-05-2026,,,submitted_via_web,,vYpLhLP9QFCbxRTo2Cm3SK,,uuid:d771cccf-9758-4269-9ddc-e7480f4c4fe9,229,RN572,,,,,,,,,,,,,,,,,,,,,,,,,,,,,,,,,,,,,,,,,,,,,
17-05-2026,17-05-2026,,,"Yes, I feel safe to conduct audit",A61,,,,,,,,,,,,,Cannot find info.,0,0,1,Cannot find info. ,,,,,Cannot find info.,,Cannot find info.,,Do not know,,,,,OK,,,,754434699,ce6d484d-920e-4c64-a3bf-9bd62c9454f3,17-05-2026,,,submitted_via_web,,vYpLhLP9QFCbxRTo2Cm3SK,,uuid:ce6d484d-920e-4c64-a3bf-9bd62c9454f3,230,RN572,,,,,,,,,,,,,,,,,,,,,,,,,,,,,,,,,,,,,,,,,,,,,
17-05-2026,17-05-2026,,,"Yes, I feel safe to conduct audit",A61,,,,,,,,,,,,,Cannot find info.,0,0,1,Cannot find info. ,,,,,Cannot find info.,,Cannot find info.,,Do not know,,,,,OK,,,,754434702,3036645c-5305-4fb5-960f-51e32ab3764e,17-05-2026,,,submitted_via_web,,vYpLhLP9QFCbxRTo2Cm3SK,,uuid:3036645c-5305-4fb5-960f-51e32ab3764e,231,RN572,,,,,,,,,,,,,,,,,,,,,,,,,,,,,,,,,,,,,,,,,,,,,
17-05-2026,17-05-2026,,,"Yes, I feel safe to conduct audit",A61,,,,,,,,,,,,,Cannot find info.,0,0,1,Cannot find info. ,,,,,Cannot find info.,,Cannot find info.,,Do not know,,,,,OK,,,,754434707,4b472e37-39ad-493f-a3ec-bbbaba4b6c1f,17-05-2026,,,submitted_via_web,,vYpLhLP9QFCbxRTo2Cm3SK,,uuid:4b472e37-39ad-493f-a3ec-bbbaba4b6c1f,232,RN572,,,,,,,,,,,,,,,,,,,,,,,,,,,,,,,,,,,,,,,,,,,,,
2026-05-17T10:46:05.320+0530:00,2026-05-17T10:50:34.743+0530:00,,,"Yes, I feel safe to conduct audit",A62,,,,,,,,,,,,,No,0,1,0,Upto  1 inch,,,,,Once a year,,2-6 months back,,Do not know,,,,,,,,,754438458,8e576cc7-2607-4fd4-a387-55b1da30122c,17-05-2026,,,submitted_via_web,,vYpLhLP9QFCbxRTo2Cm3SK,,uuid:8e576cc7-2607-4fd4-a387-55b1da30122c,233,RN572,,,,,,,,,,,,,,,,,,,,,,,,,,,,,,,,,,,,,,,,,,,,,
17-05-2026,17-05-2026,,,"Yes, I feel safe to conduct audit",A63,,,,,,,,,,,,,Yes,1,0,0,More than 10 inches,,,,,Cannot find info.,,More than 6 months,,GBA (Previously known as BBMP) Ward Office,,,,,OK,,,,754441046,ea51084f-4e82-424f-bfca-f2a126890034,17-05-2026,,,submitted_via_web,,vYpLhLP9QFCbxRTo2Cm3SK,,uuid:ea51084f-4e82-424f-bfca-f2a126890034,234,RN572,,,,,,,,,,,,,,,,,,,,,,,,,,,,,,,,,,,,,,,,,,,,,
17-05-2026,17-05-2026,,,"Yes, I feel safe to conduct audit",A63,,,,,,,,,,,,,Yes,1,0,0,More than 10 inches,,,,,Once a year,,More than 6 months,,GBA (Previously known as BBMP) Ward Office,,,,,OK,,,,754441085,62bf9142-9c11-4c60-8b0a-a3fdb61ed474,17-05-2026,,,submitted_via_web,,vYpLhLP9QFCbxRTo2Cm3SK,,uuid:62bf9142-9c11-4c60-8b0a-a3fdb61ed474,235,RN572,,,,,,,,,,,,,,,,,,,,,,,,,,,,,,,,,,,,,,,,,,,,,
17-05-2026,17-05-2026,,,"Yes, I feel safe to conduct audit",A63,,,,,,,,,,,,,No,0,1,0,Does not flood,,,,,Do not know,,More than 6 months,,GBA (Previously known as BBMP) Ward Office,,,,,OK,,,,754441127,44e475f0-fcec-472e-badc-c1e2d0e573ac,17-05-2026,,,submitted_via_web,,vYpLhLP9QFCbxRTo2Cm3SK,,uuid:44e475f0-fcec-472e-badc-c1e2d0e573ac,236,RN572,,,,,,,,,,,,,,,,,,,,,,,,,,,,,,,,,,,,,,,,,,,,,
17-05-2026,17-05-2026,,,"Yes, I feel safe to conduct audit",A63,,,,,,,,,,,,,No,0,1,0,Does not flood,,,,,Do not know,,Cannot find info.,,GBA (Previously known as BBMP) Ward Office,,,,,OK,,,,754441131,8f4aa03e-1ee9-4456-bac8-e26293642861,17-05-2026,,,submitted_via_web,,vYpLhLP9QFCbxRTo2Cm3SK,,uuid:8f4aa03e-1ee9-4456-bac8-e26293642861,237,RN572,,,,,,,,,,,,,,,,,,,,,,,,,,,,,,,,,,,,,,,,,,,,,
17-05-2026,17-05-2026,,,"Yes, I feel safe to conduct audit",A63,,,,,,,,,,,,,No,0,1,0,Does not flood,,,,,Once a year,,More than 6 months,,GBA (Previously known as BBMP) Ward Office,,,,,OK,,,,754441148,77ad99c4-c9ef-4583-ab0a-6dd6c3c4e96a,17-05-2026,,,submitted_via_web,,vYpLhLP9QFCbxRTo2Cm3SK,,uuid:77ad99c4-c9ef-4583-ab0a-6dd6c3c4e96a,238,RN572,,,,,,,,,,,,,,,,,,,,,,,,,,,,,,,,,,,,,,,,,,,,,
17-05-2026,17-05-2026,,,"Yes, I feel safe to conduct audit",A63,,,,,,,,,,,,,No,0,1,0,Does not flood,,,,,Once a year,,Cannot find info.,,GBA (Previously known as BBMP) Ward Office,,,,,OK,,,,754441215,6503cc22-9b7e-45b9-ae53-cfbe71bc0216,17-05-2026,,,submitted_via_web,,vYpLhLP9QFCbxRTo2Cm3SK,,uuid:6503cc22-9b7e-45b9-ae53-cfbe71bc0216,239,RN572,,,,,,,,,,,,,,,,,,,,,,,,,,,,,,,,,,,,,,,,,,,,,
2026-05-17T11:04:12.985+0530:00,2026-05-17T11:06:11.652+0530:00,,,"Yes, I feel safe to conduct audit",A62,,,,,,,,,,,,,No,0,1,0,2-5 inches,,,,,Cannot find info.,,More than 6 months,,GBA (Previously known as BBMP) Ward Office,,,,,,,,,754444072,a5a0c1aa-e22e-4997-b5a1-813e8d999414,17-05-2026,,,submitted_via_web,,vYpLhLP9QFCbxRTo2Cm3SK,,uuid:a5a0c1aa-e22e-4997-b5a1-813e8d999414,240,RN572,,,,,,,,,,,,,,,,,,,,,,,,,,,,,,,,,,,,,,,,,,,,,
17-05-2026,18-05-2026,,,"Yes, I feel safe to conduct audit",A58,,,,,,,,,,,,,Cannot find info.,0,0,1,Cannot find info. ,,,,,Cannot find info.,,Cannot find info.,,Do not know,,,,,OK,,,,754452369,42169183-7eb9-49c9-b71c-9565565283ba,17-05-2026,,,submitted_via_web,,vYpLhLP9QFCbxRTo2Cm3SK,,uuid:d4a76191-3f0f-4720-9c3d-894f99ad985c,241,RN181,,,,,,,,,,,,,,,,,,,,,,,,,,,,,,,,,,,,,,,,,,,,,
17-05-2026,18-05-2026,,,"Yes, I feel safe to conduct audit",A58,,,,,,,,,,,,,No,0,1,0,Does not flood,,,,,Do not know,,Cannot find info.,,Do not know,,,,,OK,,,,754453077,554f2133-2f06-42d6-9f1e-aab929dd362b,17-05-2026,,,submitted_via_web,,vYpLhLP9QFCbxRTo2Cm3SK,,uuid:9f36b7a8-7fda-4752-9edc-8422dfe82659,242,RN181,,,,,,,,,,,,,,,,,,,,,,,,,,,,,,,,,,,,,,,,,,,,,
2026-07-04,2026-07-24,,,"Yes, I feel safe to conduct audit",A67,C100,12.975546 77.63237 820.2156982421875 4.833,12.975546,77.63237,820.2156982,4.833,2026-07-04,"Denied consent, please tap the three dots in the top right corner and TURN OFF background audio recording before you continue..",,,R Murugan - waste collection,3,No,,,,Does not flood,,,10 years ago,No flooding,Do not know,,2-6 months back,,Do not know,"Parking, littering, grandening",Yes (please specify),"Mosquitos, breeding of flies and foul odor",Not applicable,OK,,,,801866377,3adf748c-450f-43f6-94ad-1ea4602b07d1,2026-07-04,Approved,,submitted_via_web,,v7oQHtKTQiYibxwvcSSkxq,,uuid:ab6b1123-6255-4ea6-ad74-298929c2ac9f,1,C100,,,,,,,,,,,,,,,,,,,,,,,,,,,,,,,,,,,,,,,,,,,,,
2026-07-04,2026-07-04,,,"Yes, I feel safe to conduct audit",A67,C100,12.9710498 77.6344609 0.0 100.0,12.9710498,77.6344609,0,100,2026-07-04,"Agreed consent, you may continue the form. Hold phone mic close to the interviewee to record.",No,,Prema - house hold work,30,No,,,,2-5 inches,1783147775271.jpg,https://kf.kobotoolbox.org/api/v2/assets/amUyDTu5VaT6koDbQAG2eN/data/801866402/attachments/attUfJto4HxPhoWjQCrv7TAR/,5 years ago , 1 hour,Every 6 months,,2-6 months back,,Private,"Games, parking, community get together ",No,,Garlands and other solid waste gathering at bridge ,OK,,,,801866402,e5474407-2b8e-455a-93f3-8e93ee375070,2026-07-04,Approved,,submitted_via_web,,v7oQHtKTQiYibxwvcSSkxq,,uuid:e5474407-2b8e-455a-93f3-8e93ee375070,2,C100,,,,,,,,,,,,,,,,,,,,,,,,,,,,,,,,,,,,,,,,,,,,,
2026-07-04,2026-07-04,,,"Yes, I feel safe to conduct audit",A66,C100,12.9774817 77.6292497 818.3999633789062 4.96,12.9774817,77.6292497,818.3999634,4.96,2026-07-04,"Agreed consent, you may continue the form. Hold phone mic close to the interviewee to record.",Yes,,Babu shop owner ,60,Yes,,,,More than 10 inches,1783141901477.jpg,https://kf.kobotoolbox.org/api/v2/assets/amUyDTu5VaT6koDbQAG2eN/data/801875339/attachments/attGjurB6XHvTiH4AaxWYTCv/,Last year ,2 hours ,Once a year,,Other (please specify),1 year ,GBA (Previously known as BBMP) Ward Office,Garbage dumping .,Yes (please specify),"Breathing issue , heart diseases",No ,OK,1783142070379.amr,https://kf.kobotoolbox.org/api/v2/assets/amUyDTu5VaT6koDbQAG2eN/data/801875339/attachments/attz3RjzUceA47hVodQ5gMMW/,,801875339,7c412aba-a55f-4abf-ac53-f81ae26956b0,2026-07-04,Approved,,submitted_via_web,,v7oQHtKTQiYibxwvcSSkxq,,uuid:7c412aba-a55f-4abf-ac53-f81ae26956b0,3,C100,,,,,,,,,,,,,,,,,,,,,,,,,,,,,,,,,,,,,,,,,,,,,
2026-07-04,2026-07-04,,,"Yes, I feel safe to conduct audit",A66,C100,12.9774053 77.6294862 820.5999755859375 3.893,12.9774053,77.6294862,820.5999756,3.893,2026-07-04,"Agreed consent, you may continue the form. Hold phone mic close to the interviewee to record.",Yes,,Sattar cycle repair shop,24,Yes,,,,6-10 inches,1783142458379.jpg,https://kf.kobotoolbox.org/api/v2/assets/amUyDTu5VaT6koDbQAG2eN/data/801875358/attachments/atthyUn66aMh8DXWbLBp2tEi/,Year ago ,30 mins ,Other (please specify),Over a year,Other (please specify),2 years,GBA (Previously known as BBMP) Ward Office,"Vehicle parking , throwing garbage ",No,,Bad smell from the area ,OK,1783142745745.amr,https://kf.kobotoolbox.org/api/v2/assets/amUyDTu5VaT6koDbQAG2eN/data/801875358/attachments/attNF5zQyFJtAKowNdeawvaU/,,801875358,60299506-913d-4eb6-adf7-c0247a9a5cb7,2026-07-04,Approved,,submitted_via_web,,v7oQHtKTQiYibxwvcSSkxq,,uuid:60299506-913d-4eb6-adf7-c0247a9a5cb7,4,C100,,,,,,,,,,,,,,,,,,,,,,,,,,,,,,,,,,,,,,,,,,,,,
2026-07-04,2026-07-04,,,"Yes, I feel safe to conduct audit",A66,C100,12.9760548 77.6319029 820.0 4.332,12.9760548,77.6319029,820,4.332,2026-07-04,"Agreed consent, you may continue the form. Hold phone mic close to the interviewee to record.",Yes,,Manju bike wash,36,Yes,,,,6-10 inches,1783143476995.jpg,https://kf.kobotoolbox.org/api/v2/assets/amUyDTu5VaT6koDbQAG2eN/data/801875379/attachments/attZg3jEPpsYKRPoTwnKRtU8/,3 years ago ,2 hours to 3days depending on rain ,Other (please specify),3 year gap ,2-6 months back,,GBA (Previously known as BBMP) Ward Office,"Throwing garbage , urination ",Yes (please specify),Kids and old people suffer from malaria and skin related diseases ,Mosquito repellant not being sprayed regularly ,OK,1783143819136.amr,https://kf.kobotoolbox.org/api/v2/assets/amUyDTu5VaT6koDbQAG2eN/data/801875379/attachments/attSwRt4oMkezBWdFXSmFbun/,,801875379,9486aaa3-9ee2-4a8f-ab2f-c5ba7ddbb211,2026-07-04,Approved,,submitted_via_web,,v7oQHtKTQiYibxwvcSSkxq,,uuid:9486aaa3-9ee2-4a8f-ab2f-c5ba7ddbb211,5,C100,,,,,,,,,,,,,,,,,,,,,,,,,,,,,,,,,,,,,,,,,,,,,
2026-07-04,2026-07-04,,,"Yes, I feel safe to conduct audit",A66,C100,12.9738101 77.632948 818.2000122070312 5.088,12.9738101,77.632948,818.2000122,5.088,2026-07-04,"Agreed consent, you may continue the form. Hold phone mic close to the interviewee to record.",Yes,,"Saravan , store owner ",50,Yes,,,,More than 10 inches,1783144474928.jpg,https://kf.kobotoolbox.org/api/v2/assets/amUyDTu5VaT6koDbQAG2eN/data/801875391/attachments/attK7Smmk35weTjVA7zYMNcW/,1 month ago ,1 day ,Do not know,,2-6 months back,,GBA (Previously known as BBMP) Ward Office,Throwing garbage ,No,,"Smell from stagnant water , mosquitoes ",OK,1783144649974.amr,https://kf.kobotoolbox.org/api/v2/assets/amUyDTu5VaT6koDbQAG2eN/data/801875391/attachments/attMC7Zr44oAmxXGAnvpwh2t/,,801875391,d333ca25-ffde-4123-bcba-3c65deac3633,2026-07-04,Approved,,submitted_via_web,,v7oQHtKTQiYibxwvcSSkxq,,uuid:d333ca25-ffde-4123-bcba-3c65deac3633,6,C100,,,,,,,,,,,,,,,,,,,,,,,,,,,,,,,,,,,,,,,,,,,,,
2026-07-04,2026-07-04,,,"Yes, I feel safe to conduct audit",A66,C100,12.9709403 77.6337109 818.5999755859375 3.939,12.9709403,77.6337109,818.5999756,3.939,2026-07-04,"Agreed consent, you may continue the form. Hold phone mic close to the interviewee to record.",Yes,,Karunagar bike mechanic,50,Yes,,,,6-10 inches,1783145794268.jpg,https://kf.kobotoolbox.org/api/v2/assets/amUyDTu5VaT6koDbQAG2eN/data/801875403/attachments/att4Xj86zez6q5NWCkt7nK45/,1 month ,1 day ,Every 6 months,,Last month,,Do not know,Throwing garbage ,No,,Foul smell ,OK,1783145932843.amr,https://kf.kobotoolbox.org/api/v2/assets/amUyDTu5VaT6koDbQAG2eN/data/801875403/attachments/atthkTgHAzN8LgHUHKxRRVD4/,,801875403,cf88f042-ae1d-4ced-af61-82e7e8905719,2026-07-04,Approved,,submitted_via_web,,v7oQHtKTQiYibxwvcSSkxq,,uuid:cf88f042-ae1d-4ced-af61-82e7e8905719,7,C100,,,,,,,,,,,,,,,,,,,,,,,,,,,,,,,,,,,,,,,,,,,,,
2026-07-04,2026-07-04,,,"Yes, I feel safe to conduct audit",A66,C100,12.9708127 77.6339976 818.7000122070312 31.587,12.9708127,77.6339976,818.7000122,31.587,2026-07-04,"Agreed consent, you may continue the form. Hold phone mic close to the interviewee to record.",Yes,,Arun kumar ,40,No,,,,Does not flood,,,4-5 years back ,2-3 hours ,Once a year,,2-6 months back,,Do not know,No ,No,,No,OK,1783146248938.amr,https://kf.kobotoolbox.org/api/v2/assets/amUyDTu5VaT6koDbQAG2eN/data/801875419/attachments/attVCfadJYqKSMco4Fg7xfML/,,801875419,c2699200-bd3d-470f-a554-cd7b7f5f416c,2026-07-04,Approved,,submitted_via_web,,v7oQHtKTQiYibxwvcSSkxq,,uuid:c2699200-bd3d-470f-a554-cd7b7f5f416c,8,C100,,,,,,,,,,,,,,,,,,,,,,,,,,,,,,,,,,,,,,,,,,,,,
2026-07-04T11:24:31.265+0530:00,2026-07-04T11:31:05.847+0530:00,,,"Yes, I feel safe to conduct audit",A67,C100,12.97284079 77.63296935 845.6461615082 27.056,12.97284079,77.63296935,845.6461615,27.056,2026-07-04T11:25:00.000+0530:00,"Denied consent, please tap the three dots in the top right corner and TURN OFF background audio recording before you continue..",,,Tailor,30,No,,,,Does not flood,,,10 years ago,Na,Do not know,,More than 6 months,,Do not know,Parking and Garbage dumping,No,,They hate the maintenance along the walls.  Lots of garbage dumping and illegal parking,OK,,,,801876395,55d4e95d-79b4-416c-8655-c362dcb1a859,2026-07-04,On Hold,,submitted_via_web,,v7oQHtKTQiYibxwvcSSkxq,,uuid:55d4e95d-79b4-416c-8655-c362dcb1a859,9,C100,,,,,,,,,,,,,,,,,,,,,,,,,,,,,,,,,,,,,,,,,,,,,
2026-07-04T12:08:29.969+0530:00,2026-07-04T12:22:27.220+0530:00,,,"Yes, I feel safe to conduct audit",A67,C100,12.97039039 77.63408920 889.7781201552 6.169,12.97039039,77.6340892,889.7781202,6.169,2026-07-04T12:09:00.000+0530:00,"Denied consent, please tap the three dots in the top right corner and TURN OFF background audio recording before you continue..",,,Vishnu - Youth Welfare Association ,30,No,,,,Does not flood,,,NA,NA,Other (please specify),The association does their own cleaning. The government does not do,More than 6 months,,Private,Houses built until the edge,Yes (please specify),Lots of mosquitoes and related illnesses but has reduced significantly because the residents now have access to BBMP garbage collection and pay for cleaning occasionally ,They pay for cleaning but lots of garbage comes from upstream and and all collects along this part of the drain. People throw massive objects like mattresses too,OK,,,,801876400,0b67d910-defb-4e78-a038-392a8b28846a,2026-07-04,On Hold,,submitted_via_web,,v7oQHtKTQiYibxwvcSSkxq,,uuid:0b67d910-defb-4e78-a038-392a8b28846a,10,C100,,,,,,,,,,,,,,,,,,,,,,,,,,,,,,,,,,,,,,,,,,,,,
2026-07-04T10:53:25.782+0530:00,2026-07-04T11:04:13.672+0530:00,,,"Yes, I feel safe to conduct audit",A67,C100,12.97700024 77.63013410 893.5899466798 22.141,12.97700024,77.6301341,893.5899467,22.141,2026-07-04T10:30:00.000+0530:00,"Denied consent, please tap the three dots in the top right corner and TURN OFF background audio recording before you continue..",,,Hot Chips vendor,30,No,,,,Do not know,,,The drains connecting to C100 flood when rains,Not long ,Other (please specify),Last one was done over a year ago. No frequency. People in the surrounding areas are tired of the smell and dirt,Other (please specify),More than a year ago,Do not know,Parking and garbage dumping ,Do not know,,There are sections of the fence fallen and residents are concerned ,OK,,,,801876401,3663715b-772b-472b-8a07-856022d382ee,2026-07-04,On Hold,,submitted_via_web,,v7oQHtKTQiYibxwvcSSkxq,,uuid:3663715b-772b-472b-8a07-856022d382ee,11,C100,,,,,,,,,,,,,,,,,,,,,,,,,,,,,,,,,,,,,,,,,,,,,
,2026-07-24,,,"Yes, I feel safe to conduct audit",A65,C100,12.97793074 77.62852734 892.0704795882 36.052,12.97793074,77.62852734,892.0704796,36.052,,"Agreed consent, you may continue the form. Hold phone mic close to the interviewee to record.",Yes,,,20,Yes,,,,More than 10 inches,1783142508723.jpg,https://kf.kobotoolbox.org/api/v2/assets/amUyDTu5VaT6koDbQAG2eN/data/802026616/attachments/att6MHJ6p9A2NTvxQuouDEFz/,Last month,4,Do not know,,Do not know,,GBA (Previously known as BBMP) Ward Office,Tempo stand and parking garbage throwing at night reccess Waste from house moving out Tempo stand people protest garbage thrpwimg But people still throw waste People urinate when tempo people are not rhere,Yes (please specify),Typhoid due to sleeping in tempo neae the sewage wall,Maintaine bbmp comes to clean onlh when its severe else they dont its daily nucance Flooding is normal Health issues to thphyoid,OK,,,,802026616,a430c24f-3830-4f64-8e14-744273c789a0,2026-07-04,Approved,,submitted_via_web,,v7oQHtKTQiYibxwvcSSkxq,,uuid:328a5103-1635-4d39-84ca-7024c0deb735,12,C100,,,,,,,,,,,,,,,,,,,,,,,,,,,,,,,,,,,,,,,,,,,,,
2026-07-04T11:12:23.714+0530:00,2026-07-04T11:24:02.646+0530:00,,,"Yes, I feel safe to conduct audit",A64,C100,12.97689931 77.63090344 893.2954176741 14.961,12.97689931,77.63090344,893.2954177,14.961,,"Agreed consent, you may continue the form. Hold phone mic close to the interviewee to record.",Yes,,Anonymous ,39,Yes,,,,6-10 inches,1783144241967.jpg,https://kf.kobotoolbox.org/api/v2/assets/amUyDTu5VaT6koDbQAG2eN/data/802026622/attachments/attueYHaKxz3Y23FiTtt7hQU/,2 momths beofre ,1 day ,,,Last month,,GBA (Previously known as BBMP) Ward Office,Parking Throwing garbage No urination here ,Yes (please specify),Mosquitoes Housefly Headache Typhoid ,Main mosquoties Headache due to smell Drainage is getting clogged bexause there is vegetabke market alongaide When it gers blvoked water flowa upwards on the road ,OK,,,,802026622,7213bd9d-88a5-49da-891a-28afae883185,2026-07-04,On Hold,,submitted_via_web,,v7oQHtKTQiYibxwvcSSkxq,,uuid:7213bd9d-88a5-49da-891a-28afae883185,13,C100,,,,,,,,,,,,,,,,,,,,,,,,,,,,,,,,,,,,,,,,,,,,,
2026-07-04T11:40:21.440+0530:00,2026-07-04T11:44:24.967+0530:00,,,"Yes, I feel safe to conduct audit",A65,C100,12.97494201 77.63260477 0.0000000000 28.976,12.97494201,77.63260477,0,28.976,,"Agreed consent, you may continue the form. Hold phone mic close to the interviewee to record.",Yes,,Annonymous ,188,Yes,,,,6-10 inches,1783145546540.jpg,https://kf.kobotoolbox.org/api/v2/assets/amUyDTu5VaT6koDbQAG2eN/data/802026623/attachments/att4zHAp8fipsorBvoum3c7X/,20,1 hour ,,,Last month,,No one,Parking garbage ,No,,,OK,,,,802026623,bf5fe2f6-8722-4529-aed9-c69dd70a0b09,2026-07-04,On Hold,,submitted_via_web,,v7oQHtKTQiYibxwvcSSkxq,,uuid:bf5fe2f6-8722-4529-aed9-c69dd70a0b09,14,C100,,,,,,,,,,,,,,,,,,,,,,,,,,,,,,,,,,,,,,,,,,,,,
,2026-07-24,,,"Yes, I feel safe to conduct audit",A65,C100,12.97762618 77.62903024 891.5486166589 18.631,12.97762618,77.62903024,891.5486167,18.631,,"Agreed consent, you may continue the form. Hold phone mic close to the interviewee to record.",Yes,,Anoymous,30,Yes,,,,More than 10 inches,1783143107676.jpg,https://kf.kobotoolbox.org/api/v2/assets/amUyDTu5VaT6koDbQAG2eN/data/802026627/attachments/attkMoF7tBwJDuRvss3jETRU/,20,[-2,,,Last month,,GBA (Previously known as BBMP) Ward Office,Parking Throwing garbage Urinating,Yes (please specify),Mosquitoes Dogs Fever Thphyoid to him and his brother twice,Regular flooding Marappa road fully floods Since 10 years the same issue Sewage wTer mixes with the rain water People sleep in the vehicles parked across the sewage wall so they arw more prone to the health impacts due to mosquitoes Foul smell is there but thwy arw used to it No one has come to kill mosquotoes and put a spary for it el,OK,,,,802026627,25102586-7161-4ad0-aa7a-16a7cca99e23,2026-07-04,Approved,,submitted_via_web,,v7oQHtKTQiYibxwvcSSkxq,,uuid:e20eac43-c7cd-469a-9f5f-a7a74453cfaa,15,C100,,,,,,,,,,,,,,,,,,,,,,,,,,,,,,,,,,,,,,,,,,,,,
2026-07-04T11:29:22.364+0530:00,2026-07-04T11:32:35.558+0530:00,,,"Yes, I feel safe to conduct audit",A65,C100,12.97667557 77.63096974 892.8477720321 12.641,12.97667557,77.63096974,892.847772,12.641,,"Agreed consent, you may continue the form. Hold phone mic close to the interviewee to record.",Yes,,Anonymous,45,Yes,,,,More than 10 inches,1783144830982.jpg,https://kf.kobotoolbox.org/api/v2/assets/amUyDTu5VaT6koDbQAG2eN/data/802026628/attachments/attPAGFrszCKi4UuiwgPJzGw/,20 days ,Half n hour ,,,Last month,,No one,,Yes (please specify),Mosquitoes Smell bad ezpwrince ,,OK,,,,802026628,a7df4327-65e4-4e53-b525-21db9649a2eb,2026-07-04,On Hold,,submitted_via_web,,v7oQHtKTQiYibxwvcSSkxq,,uuid:a7df4327-65e4-4e53-b525-21db9649a2eb,16,C100,,,,,,,,,,,,,,,,,,,,,,,,,,,,,,,,,,,,,,,,,,,,,
,2026-08-21,,,"Yes, I feel safe to conduct audit",A65,C100,12.97005249 77.63429496 890.2284738278 54.910,12.97005249,77.63429496,890.2284738,54.91,,"Agreed consent, you may continue the form. Hold phone mic close to the interviewee to record.",Yes,,30,38,Yes,,,,More than 10 inches,1783147910517.jpg,https://kf.kobotoolbox.org/api/v2/assets/amUyDTu5VaT6koDbQAG2eN/data/802026631/attachments/att4RrPcgdvQ3ePLT97hAiyW/,30 days,Samw day aftee the rain stops,,,Last month,,No one,,,,,OK,,,,802026631,21ee88b7-c3c0-45dd-b9ff-41dab7cba57a,2026-07-04,On Hold,,submitted_via_web,,v7oQHtKTQiYibxwvcSSkxq,,uuid:9f77c206-dbeb-4842-b985-c54be9a5a928,17,C100,,,,,,,,,,,,,,,,,,,,,,,,,,,,,,,,,,,,,,,,,,,,,
2026-07-11,2026-07-11,,,"Yes, I feel safe to conduct audit",A70,K200,12.9162058 77.6294495 812.7999877929688 14.115,12.9162058,77.6294495,812.7999878,14.115,2026-07-11,"Agreed consent, you may continue the form. Hold phone mic close to the interviewee to record.",Yes,,"Anonymous, security guard ",10,Yes,,,,More than 10 inches,1783746954355.jpg,https://kf.kobotoolbox.org/api/v2/assets/amUyDTu5VaT6koDbQAG2eN/data/808028466/attachments/attSsGJgGXxYiQGZmMd33JRg/,5 years back,Full day,Other (please specify),They cleaned it when they built the wall ,Other (please specify),Not seen anyone clean ,GBA (Previously known as BBMP) Ward Office,"Urine, dumping packaging by Swiggy ppl. 
They ve planted plants by the apartment manager but it's gone. Despite parking tape. ",Yes (please specify),Mosquito issues. ,,OK,1783747339302.amr,https://kf.kobotoolbox.org/api/v2/assets/amUyDTu5VaT6koDbQAG2eN/data/808028466/attachments/attZyyQrjaWqX7MKq7mYW4z4/,,808028466,dc403d90-086c-4a69-b02f-ba920f7c380c,2026-07-11,Approved,,submitted_via_web,,v7oQHtKTQiYibxwvcSSkxq,,uuid:dc403d90-086c-4a69-b02f-ba920f7c380c,18,K200,,,,,,,,,,,,,,,,,,,,,,,,,,,,,,,,,,,,,,,,,,,,,
2026-07-11,2026-07-11,,,"Yes, I feel safe to conduct audit",A68,K200,12.9162673 77.6321131 811.7999877929688 4.2,12.9162673,77.6321131,811.7999878,4.2,2026-07-11,"Denied consent, please tap the three dots in the top right corner and TURN OFF background audio recording before you continue..",,,"Anonymous,Security guard",1,Do not know,,,,Does not flood,,,NA,NA,Do not know,,Do not know,,Do not know,"Garbage throwing, parking ",No,,NA,OK,,,,808046706,a98268fd-6674-490c-a11d-4fc29255d555,2026-07-11,Approved,,submitted_via_web,,v7oQHtKTQiYibxwvcSSkxq,,uuid:a98268fd-6674-490c-a11d-4fc29255d555,19,K200,,,,,,,,,,,,,,,,,,,,,,,,,,,,,,,,,,,,,,,,,,,,,
2026-07-11,2026-07-11,,,"Yes, I feel safe to conduct audit",A68,k200,12.9165109 77.6284938 818.3999633789062 4.45,12.9165109,77.6284938,818.3999634,4.45,2026-07-11,"Denied consent, please tap the three dots in the top right corner and TURN OFF background audio recording before you continue..",,,Anonymous,1,No,,,,Does not flood,,,No,NA,Do not know,,Do not know,,GBA (Previously known as BBMP) Ward Office,Nothing,No,,"No flooding,",OK,,,,808047279,d9ff4816-3aa1-4ed8-98c3-68bfe3f0d07f,2026-07-11,Approved,,submitted_via_web,,v7oQHtKTQiYibxwvcSSkxq,,uuid:d9ff4816-3aa1-4ed8-98c3-68bfe3f0d07f,20,k200,,,,,,,,,,,,,,,,,,,,,,,,,,,,,,,,,,,,,,,,,,,,,
2026-07-11,2026-07-11,,,"Yes, I feel safe to conduct audit",A69,K200,12.9166993 77.6273439 812.5999755859375 14.026,12.9166993,77.6273439,812.5999756,14.026,2026-07-11,"Denied consent, please tap the three dots in the top right corner and TURN OFF background audio recording before you continue..",,,"Riyaz, hotel reception ",2,No,,,,Does not flood,,,None ,None ,Do not know,,Do not know,,Do not know,Empty,No,,Strong smell,OK,,,,808047997,286e786b-8fb3-4037-b665-1a1fe0d0d74e,2026-07-11,Approved,,submitted_via_web,,v7oQHtKTQiYibxwvcSSkxq,,uuid:286e786b-8fb3-4037-b665-1a1fe0d0d74e,21,K200,,,,,,,,,,,,,,,,,,,,,,,,,,,,,,,,,,,,,,,,,,,,,
2026-07-11,2026-07-11,,,"Yes, I feel safe to conduct audit",A69,K200,12.9161606 77.6308715 808.5 11.01,12.9161606,77.6308715,808.5,11.01,2026-07-11,"Agreed consent, you may continue the form. Hold phone mic close to the interviewee to record.",No,,Dr kamali,2,No,,,,Does not flood,,,,,Other (please specify),no disilting,Do not know,,No one,Garbage,No,,,OK,1783746538309.amr,https://kf.kobotoolbox.org/api/v2/assets/amUyDTu5VaT6koDbQAG2eN/data/808048022/attachments/attmNhjHvZFHbGmCtvymhAET/,,808048022,e656105f-f4c6-4f9c-9743-2d283245f324,2026-07-11,Approved,,submitted_via_web,,v7oQHtKTQiYibxwvcSSkxq,,uuid:e656105f-f4c6-4f9c-9743-2d283245f324,22,K200,,,,,,,,,,,,,,,,,,,,,,,,,,,,,,,,,,,,,,,,,,,,,
2026-07-11,2026-07-11,,,"Yes, I feel safe to conduct audit",A69,K200,12.916141 77.62942 812.8999633789062 10.704,12.916141,77.62942,812.8999634,10.704,2026-07-11,"Agreed consent, you may continue the form. Hold phone mic close to the interviewee to record.",Yes,,Sribas - security guard,15,No,,,,Does not flood,,,,,Do not know,,Do not know,,GBA (Previously known as BBMP) Ward Office,Throw garbage park vehicles,No,,,OK,1783747106177.amr,https://kf.kobotoolbox.org/api/v2/assets/amUyDTu5VaT6koDbQAG2eN/data/808048037/attachments/att3DTdQPdeQNiNzdXLbNq2i/,,808048037,b3df69f5-b46d-4671-b2e3-0aaa80666ade,2026-07-11,Approved,,submitted_via_web,,v7oQHtKTQiYibxwvcSSkxq,,uuid:b3df69f5-b46d-4671-b2e3-0aaa80666ade,23,K200,,,,,,,,,,,,,,,,,,,,,,,,,,,,,,,,,,,,,,,,,,,,,
2026-07-11,2026-07-11,,,"Yes, I feel safe to conduct audit",A69,K200,12.9172716 77.6248644 812.0 4.906,12.9172716,77.6248644,812,4.906,2026-07-11,"Agreed consent, you may continue the form. Hold phone mic close to the interviewee to record.",Yes,,Rajesh,4,Yes,,,,More than 10 inches,1783748879045.jpg,https://kf.kobotoolbox.org/api/v2/assets/amUyDTu5VaT6koDbQAG2eN/data/808048232/attachments/att7Jdg5Y36bL9NUPQ6UyzBi/,June,3 hours,Other (please specify),Last 6 year,Other (please specify),6 years,GBA (Previously known as BBMP) Ward Office,"IT companies, IPS colony",Yes (please specify),Dengue,"Manhole is right in the middle of road, so flooding authorities will take out manhole which will cause traffic jam",OK,1783749101923.amr,https://kf.kobotoolbox.org/api/v2/assets/amUyDTu5VaT6koDbQAG2eN/data/808048232/attachments/attwnERC9DGNmNNeJyh9e3DM/,,808048232,98c890df-c91a-43dd-9098-17f54d2e1754,2026-07-11,Approved,,submitted_via_web,,v7oQHtKTQiYibxwvcSSkxq,,uuid:98c890df-c91a-43dd-9098-17f54d2e1754,24,K200,,,,,,,,,,,,,,,,,,,,,,,,,,,,,,,,,,,,,,,,,,,,,
2026-07-11,2026-07-11,,,"Yes, I feel safe to conduct audit",A70,K200,12.9177534 77.624236 812.0 28.57,12.9177534,77.624236,812,28.57,2026-07-11,"Agreed consent, you may continue the form. Hold phone mic close to the interviewee to record.",Yes,,"Sumit, security guard",2,No,,,,Does not flood,,,Na,Na,Other (please specify),No treatment seen by interviewee,More than 6 months,,No one,Construction,Yes (please specify),"Mosquitoes presence
Headache
Night fever occurences",,OK,1783749826594.amr,https://kf.kobotoolbox.org/api/v2/assets/amUyDTu5VaT6koDbQAG2eN/data/808050387/attachments/attVmt8nUZwQnMC3xNsPmWNj/,,808050387,52b1db35-9b09-40f5-8c3d-3a5e78c72f4b,2026-07-11,Approved,,submitted_via_web,,v7oQHtKTQiYibxwvcSSkxq,,uuid:52b1db35-9b09-40f5-8c3d-3a5e78c72f4b,25,K200,,,,,,,,,,,,,,,,,,,,,,,,,,,,,,,,,,,,,,,,,,,,,
2026-07-18,2026-07-18,,,"Yes, I feel safe to conduct audit",A72,V200,12.9938843 77.5233034 781.2000122070312 4.417,12.9938843,77.5233034,781.2000122,4.417,2026-07-18,"Agreed consent, you may continue the form. Hold phone mic close to the interviewee to record.",Yes,,Anonymous,33,Yes,,,,6-10 inches,1784352010320.jpg,https://kf.kobotoolbox.org/api/v2/assets/amUyDTu5VaT6koDbQAG2eN/data/814589741/attachments/attc4UFQtTZzAm5Bax6qfTGH/,10 years,1 hour,Every 6 months,,Last month,,Do not know,Parking,Yes (please specify),"Smell, but no evidence of disease ",Rainwater floods till waist height in the nearby upstream street.,OK,1784352406139.amr,https://kf.kobotoolbox.org/api/v2/assets/amUyDTu5VaT6koDbQAG2eN/data/814589741/attachments/atteXGdJHdUutxc2MAVP7sRD/,,814589741,965aca66-66a3-4f56-9850-87c5f8a05b33,2026-07-18,Approved,,submitted_via_web,,v7oQHtKTQiYibxwvcSSkxq,,uuid:965aca66-66a3-4f56-9850-87c5f8a05b33,26,V200,,,,,,,,,,,,,,,,,,,,,,,,,,,,,,,,,,,,,,,,,,,,,
2026-07-18,2026-07-18,,,"Yes, I feel safe to conduct audit",A72,V200,12.9921435 77.5224728 780.2999877929688 4.886,12.9921435,77.5224728,780.2999878,4.886,2026-07-18,"Agreed consent, you may continue the form. Hold phone mic close to the interviewee to record.",Yes,,"Srinath, Integrated technical solutions pvt ltd",10,Yes,,,,More than 10 inches,1784354040222.jpg,https://kf.kobotoolbox.org/api/v2/assets/amUyDTu5VaT6koDbQAG2eN/data/814589760/attachments/attgwCQEHSzjs2Mfn6yunDZy/,2 years ago,6 hours,Do not know,,More than 6 months,,GBA (Previously known as BBMP) Ward Office,Parking  throwing garbage,Yes (please specify),"Smell, mosquitos, occasional","5 times flooded(5 feet) in the last 15 years. Floodwaters stay at least 2 days. One month gets really difficult to stay after flooding due to rehabilitation. Drains leading to the SWD are not closed off leading to mosquitoes. Legislators, perhaps MLAs, visit occasionally, especially during floods. People who bought the properties Adjacent to SWD weren't informed of the risks 15 years ago.",OK,1784354703051.amr,https://kf.kobotoolbox.org/api/v2/assets/amUyDTu5VaT6koDbQAG2eN/data/814589760/attachments/attAC4FAY8KAkuoirRaohfLF/,,814589760,c8771655-f253-459d-94b5-673b23f29268,2026-07-18,Approved,,submitted_via_web,,v7oQHtKTQiYibxwvcSSkxq,,uuid:c8771655-f253-459d-94b5-673b23f29268,27,V200,,,,,,,,,,,,,,,,,,,,,,,,,,,,,,,,,,,,,,,,,,,,,
2026-07-18,2026-07-18,,,"Yes, I feel safe to conduct audit",A72,V200,12.9906067 77.5213128 774.772236872182 4.93,12.9906067,77.5213128,774.7722369,4.93,2026-07-18,"Agreed consent, you may continue the form. Hold phone mic close to the interviewee to record.",Yes,,Anonymous,6,Yes,,,,More than 10 inches,1784355946814.jpg,https://kf.kobotoolbox.org/api/v2/assets/amUyDTu5VaT6koDbQAG2eN/data/814589785/attachments/attFKo3S9jMx7pWkDt5E66cp/,2 years ago,3 hours,Other (please specify),Once in 2 years,More than 6 months,,Do not know,Throw garbage,No,,No comments ,OK,1784356102820.amr,https://kf.kobotoolbox.org/api/v2/assets/amUyDTu5VaT6koDbQAG2eN/data/814589785/attachments/attAhMBPQcEXJMFLsay9Ep8X/,,814589785,dc99825f-8a6b-4a74-bf2b-12b7ff57d481,2026-07-18,Approved,,submitted_via_web,,v7oQHtKTQiYibxwvcSSkxq,,uuid:dc99825f-8a6b-4a74-bf2b-12b7ff57d481,28,V200,,,,,,,,,,,,,,,,,,,,,,,,,,,,,,,,,,,,,,,,,,,,,
2026-07-18,2026-07-18,,,"Yes, I feel safe to conduct audit",A71,V200,12.9886617 77.5205725 775.6779014747856 8.509,12.9886617,77.5205725,775.6779015,8.509,2026-07-18,"Agreed consent, you may continue the form. Hold phone mic close to the interviewee to record.",Yes,,,,,,,,More than 10 inches,,,Last monsoon ,,Do not know,,Do not know,,Do not know,,No,,,OK,1784356169805.amr,https://kf.kobotoolbox.org/api/v2/assets/amUyDTu5VaT6koDbQAG2eN/data/815639967/attachments/attB3mfpzMZXAuKF33fSiHzv/,,815639967,0d3a1ae4-20ff-4576-b6c9-1e6ef6019f17,2026-07-20,Approved,,submitted_via_web,,v7oQHtKTQiYibxwvcSSkxq,,uuid:0d3a1ae4-20ff-4576-b6c9-1e6ef6019f17,29,V200,,,,,,,,,,,,,,,,,,,,,,,,,,,,,,,,,,,,,,,,,,,,,
2026-07-25,2026-07-25,,,"Yes, I feel safe to conduct audit",A81,V302,12.9304334 77.5637704 821.2000122070312 4.935,12.9304334,77.5637704,821.2000122,4.935,2026-07-25,"Agreed consent, you may continue the form. Hold phone mic close to the interviewee to record.",Yes,,Rajanna,1,No,,,,Does not flood,,,No flooding,No flooding,Every 6 months,,Last month,,GBA (Previously known as BBMP) Ward Office,"Park vehicles,throw garbage",Yes (please specify),Lot of smell,No other,OK,1784955965027.amr,https://kf.kobotoolbox.org/api/v2/assets/amUyDTu5VaT6koDbQAG2eN/data/821110053/attachments/att8aXhfSx7Wj9SnDY9BrwZh/,,821110053,fa877ca2-b0f7-4813-bcb1-492301865206,2026-07-25,Approved,,submitted_via_web,,v7oQHtKTQiYibxwvcSSkxq,,uuid:fa877ca2-b0f7-4813-bcb1-492301865206,30,V302,,,,,,,,,,,,,,,,,,,,,,,,,,,,,,,,,,,,,,,,,,,,,
2026-07-25,2026-07-25,,,"Yes, I feel safe to conduct audit",A81,V302,12.9301989 77.56472 822.2999877929688 4.943,12.9301989,77.56472,822.2999878,4.943,2026-07-25,"Denied consent, please tap the three dots in the top right corner and TURN OFF background audio recording before you continue..",,,,,Do not know,,,,6-10 inches,,,"No able to see
",Not able to see,Do not know,,Do not know,,GBA (Previously known as BBMP) Ward Office,,Yes (please specify),"Smells bad
",,OK,,,,821115223,85df2e64-79e1-46ac-8563-4514e59510f0,2026-07-25,Approved,,submitted_via_web,,v7oQHtKTQiYibxwvcSSkxq,,uuid:85df2e64-79e1-46ac-8563-4514e59510f0,31,V302,,,,,,,,,,,,,,,,,,,,,,,,,,,,,,,,,,,,,,,,,,,,,
2026-07-25,2026-07-25,,,"Yes, I feel safe to conduct audit",A81,V302,12.9302798 77.5649002 822.5999755859375 4.941,12.9302798,77.5649002,822.5999756,4.941,2026-07-25,"Denied consent, please tap the three dots in the top right corner and TURN OFF background audio recording before you continue..",,,Suresh,1,No,,,,Does not flood,,,It's not actually flooding due to the Swd it's because of the roads when it rains,,Do not know,,Last month,,GBA (Previously known as BBMP) Ward Office,Parking vehicles ,Yes (please specify),Lot of smell,Nothing,OK,,,,821120690,07a684c1-2bdc-4a19-98ca-32b2723959fa,2026-07-25,Approved,,submitted_via_web,,v7oQHtKTQiYibxwvcSSkxq,,uuid:07a684c1-2bdc-4a19-98ca-32b2723959fa,32,V302,,,,,,,,,,,,,,,,,,,,,,,,,,,,,,,,,,,,,,,,,,,,,
2026-07-25,2026-07-25,,,"Yes, I feel safe to conduct audit",A81,V302,12.9300402 77.5654236 824.5999755859375 4.208,12.9300402,77.5654236,824.5999756,4.208,2026-07-25,"Denied consent, please tap the three dots in the top right corner and TURN OFF background audio recording before you continue..",,,Anonymous ,2,No,,,,Does not flood,,,No instance,No flooding ,Do not know,,Last month,,GBA (Previously known as BBMP) Ward Office,Vehicle parking,No,,No,OK,,,,821121488,302121a3-63b7-405d-b2eb-16ccd683e57f,2026-07-25,Approved,,submitted_via_web,,v7oQHtKTQiYibxwvcSSkxq,,uuid:302121a3-63b7-405d-b2eb-16ccd683e57f,33,V302,,,,,,,,,,,,,,,,,,,,,,,,,,,,,,,,,,,,,,,,,,,,,
2026-07-25,2026-07-25,,,"Yes, I feel safe to conduct audit",A81,V302,12.9298608 77.5665967 824.5 4.883,12.9298608,77.5665967,824.5,4.883,2026-07-25,"Denied consent, please tap the three dots in the top right corner and TURN OFF background audio recording before you continue..",,,Nagesh,3,No,,,,Does not flood,,,No flooding ,No flooding ,Do not know,,Last month,,GBA (Previously known as BBMP) Ward Office,Park vehicles and throw garbage,Do not know,,No,OK,,,,821127075,55e17ddc-09b4-45b2-b732-10716f09c2dd,2026-07-25,Approved,,submitted_via_web,,v7oQHtKTQiYibxwvcSSkxq,,uuid:55e17ddc-09b4-45b2-b732-10716f09c2dd,34,V302,,,,,,,,,,,,,,,,,,,,,,,,,,,,,,,,,,,,,,,,,,,,,
2026-07-25,2026-07-25,,,"Yes, I feel safe to conduct audit",A81,V302,12.9298128 77.568048 826.5 4.961,12.9298128,77.568048,826.5,4.961,2026-07-25,"Denied consent, please tap the three dots in the top right corner and TURN OFF background audio recording before you continue..",,,Anonymous ,2,No,,,,Does not flood,,,No flooding ,No flooding ,Do not know,,2-6 months back,,Do not know,Vehicle parking and shops,Yes (please specify),A lot of smell compared to other places and the surrounding is not clean ,No,OK,,,,821131128,ffd559a4-b55b-4d62-9243-a20ceff66bdd,2026-07-25,Approved,,submitted_via_web,,v7oQHtKTQiYibxwvcSSkxq,,uuid:ffd559a4-b55b-4d62-9243-a20ceff66bdd,35,V302,,,,,,,,,,,,,,,,,,,,,,,,,,,,,,,,,,,,,,,,,,,,,
2026-07-25,2026-07-25,,,"Yes, I feel safe to conduct audit",A76,V305,12.9230691 77.5399496 774.0999755859375 13.76,12.9230691,77.5399496,774.0999756,13.76,2026-07-25,"Agreed consent, you may continue the form. Hold phone mic close to the interviewee to record.",Yes,,I forgot to ask,8,Yes,,,,More than 10 inches,,,3-4 years ago,6 months,Other (please specify),Very rarely actually the interviewee mentioned it never happens,Do not know,,Do not know,"Nothing 
No works have been carried out",No,,Halted life of people for about 4 to 6 months ,OK,1784959504854.amr,https://kf.kobotoolbox.org/api/v2/assets/amUyDTu5VaT6koDbQAG2eN/data/821133037/attachments/attMA7gEDNTF4VvtRdSbkYXk/,,821133037,cb1144e0-8730-4d18-ad06-95e5817c1164,2026-07-25,Approved,,submitted_via_web,,v7oQHtKTQiYibxwvcSSkxq,,uuid:cb1144e0-8730-4d18-ad06-95e5817c1164,36,V305,,,,,,,,,,,,,,,,,,,,,,,,,,,,,,,,,,,,,,,,,,,,,
2026-07-25,2026-07-25,,,"No, I do not feel safe. I will stop the audit at this point ",A81,V302,12.929847 77.5694911 826.5999755859375 4.783,12.929847,77.5694911,826.5999756,4.783,2026-07-25,"Denied consent, please tap the three dots in the top right corner and TURN OFF background audio recording before you continue..",,,Shahid ,2,No,,,,Does not flood,,,No instance ,,Every 6 months,,Last month,,GBA (Previously known as BBMP) Ward Office,Lot of garbage and people have built their shops on the sewage and beside the sewage,Do not know,,A lot of waste is thrown in the sewage so it does affect the prople,OK,,,,821135461,56fefa08-ebb0-411b-8916-5454a062f103,2026-07-25,Approved,,submitted_via_web,,v7oQHtKTQiYibxwvcSSkxq,,uuid:56fefa08-ebb0-411b-8916-5454a062f103,37,V302,,,,,,,,,,,,,,,,,,,,,,,,,,,,,,,,,,,,,,,,,,,,,
2026-07-25,2026-07-25,,,"Yes, I feel safe to conduct audit",A73,H300,13.0387405 77.6273832 810.2999877929688 4.642,13.0387405,77.6273832,810.2999878,4.642,2026-07-25,"Denied consent, please tap the three dots in the top right corner and TURN OFF background audio recording before you continue..",,,Anonymous,5,No,,,,Does not flood,,,NA,Na,Do not know,,2-6 months back,,GBA (Previously known as BBMP) Ward Office,Garden,No,,"Fixed after fixing the retaining wall ~2 years back. Also, sewage trucks reportedly dump sewage water here",OK,,,,821137365,233a352a-d386-405d-8260-8f81d54c3711,2026-07-25,Approved,,submitted_via_web,,v7oQHtKTQiYibxwvcSSkxq,,uuid:233a352a-d386-405d-8260-8f81d54c3711,38,H300,,,,,,,,,,,,,,,,,,,,,,,,,,,,,,,,,,,,,,,,,,,,,
2026-07-25,2026-07-25,,,"Yes, I feel safe to conduct audit",A76,V305,12.9239842 77.5400893 773.2000122070312 15.532,12.9239842,77.5400893,773.2000122,15.532,2026-07-25,"Agreed consent, you may continue the form. Hold phone mic close to the interviewee to record.",Yes,,Anonymous ,,Yes,,,,More than 10 inches,1784960340342.jpg,https://kf.kobotoolbox.org/api/v2/assets/amUyDTu5VaT6koDbQAG2eN/data/821138877/attachments/attFPZzqrPsAX99kkiyM9Evo/,3-4 years ago,4-6 months ,Do not know,,Do not know,,Do not know,"Nothing really, the interviewer said they never really do any work",No,,Noo,OK,,,,821138877,796a07c0-ce7d-4a7f-afc1-4659d5620552,2026-07-25,Approved,,submitted_via_web,,v7oQHtKTQiYibxwvcSSkxq,,uuid:796a07c0-ce7d-4a7f-afc1-4659d5620552,39,V305,,,,,,,,,,,,,,,,,,,,,,,,,,,,,,,,,,,,,,,,,,,,,
2026-07-25,2026-07-25,,,"Yes, I feel safe to conduct audit",A81,V302,12.930056 77.5661261 823.7999877929688 4.823,12.930056,77.5661261,823.7999878,4.823,2026-07-25,"Denied consent, please tap the three dots in the top right corner and TURN OFF background audio recording before you continue..",,,Anonymous ,1,No,,,,Does not flood,,,No instance ,,Every 6 months,,2-6 months back,,GBA (Previously known as BBMP) Ward Office,,No,,,OK,,,,821140138,7667a768-abfa-46b1-bd8b-a594eb9ffecf,2026-07-25,Approved,,submitted_via_web,,v7oQHtKTQiYibxwvcSSkxq,,uuid:7667a768-abfa-46b1-bd8b-a594eb9ffecf,40,V302,,,,,,,,,,,,,,,,,,,,,,,,,,,,,,,,,,,,,,,,,,,,,
2026-07-25,2026-07-25,,,"Yes, I feel safe to conduct audit",A73,H300,13.0398155 77.6320659 808.5 4.3,13.0398155,77.6320659,808.5,4.3,2026-07-25,,,,"Anonymous, Nursery owner",3,No,,,,Does not flood,,,NA,NA,Every 6 months,,Last month,,Do not know,Throw garbage,No,,"GBA/BBMP vehicles come to clear the area regularly, but garbage is still dumped on a regular basis",OK,,,,821148249,c3fb76bc-5ea6-4383-ae15-52d74edc5b97,2026-07-25,Approved,,submitted_via_web,,v7oQHtKTQiYibxwvcSSkxq,,uuid:c3fb76bc-5ea6-4383-ae15-52d74edc5b97,41,H300,,,,,,,,,,,,,,,,,,,,,,,,,,,,,,,,,,,,,,,,,,,,,
2026-07-25,2026-07-25,,,"Yes, I feel safe to conduct audit",A79,V305,12.9201018 77.5482757 800.5 13.578,12.9201018,77.5482757,800.5,13.578,2026-07-25,"Agreed consent, you may continue the form. Hold phone mic close to the interviewee to record.",Yes,,Sindhamani,8,No,,,,Does not flood,,,No,,Every 6 months,,2-6 months back,,GBA (Previously known as BBMP) Ward Office,Nothing,No,,None,OK,1784955969913.amr,https://kf.kobotoolbox.org/api/v2/assets/amUyDTu5VaT6koDbQAG2eN/data/821151031/attachments/attPbuy5cSzRsATs5PrHzhxS/,,821151031,7ec34408-3a2e-49a5-8883-ae1f2efa4e14,2026-07-25,Approved,,submitted_via_web,,v7oQHtKTQiYibxwvcSSkxq,,uuid:7ec34408-3a2e-49a5-8883-ae1f2efa4e14,42,V305,,,,,,,,,,,,,,,,,,,,,,,,,,,,,,,,,,,,,,,,,,,,,
2026-07-25,2026-07-25,,,"Yes, I feel safe to conduct audit",A79,V302,12.9206256 77.5466896 794.8999633789062 17.03,12.9206256,77.5466896,794.8999634,17.03,2026-07-25,"Agreed consent, you may continue the form. Hold phone mic close to the interviewee to record.",Yes,,Gundraju,10,No,,,,Does not flood,,,NA,Daily ,Every 6 months,,2-6 months back,,GBA (Previously known as BBMP) Ward Office,Parking ,No,,BBMP waste dump ward ,OK,,,,821151856,818280dd-46da-4621-9df4-4af20fd3befa,2026-07-25,Approved,,submitted_via_web,,v7oQHtKTQiYibxwvcSSkxq,,uuid:818280dd-46da-4621-9df4-4af20fd3befa,43,V302,,,,,,,,,,,,,,,,,,,,,,,,,,,,,,,,,,,,,,,,,,,,,
2026-07-25,2026-07-25,,,"Yes, I feel safe to conduct audit",A79,V305,12.9201739 77.5464281 794.5 5.5,12.9201739,77.5464281,794.5,5.5,2026-07-25,"Agreed consent, you may continue the form. Hold phone mic close to the interviewee to record.",Yes,,Vennela,30,Yes,,,,2-5 inches,1784958769557.jpg,https://kf.kobotoolbox.org/api/v2/assets/amUyDTu5VaT6koDbQAG2eN/data/821151948/attachments/attuTsoYFstFDEMx8K6Fuu4H/,10,2,Other (please specify),They don't clean,Other (please specify),Not cleaned ,GBA (Previously known as BBMP) Ward Office,Parking ,No,,NA,OK,1784958864597.amr,https://kf.kobotoolbox.org/api/v2/assets/amUyDTu5VaT6koDbQAG2eN/data/821151948/attachments/attGxQU6idEvtgvvymGxyjgc/,,821151948,7ec6adaf-f284-43bb-bf99-f467186b2846,2026-07-25,Approved,,submitted_via_web,,v7oQHtKTQiYibxwvcSSkxq,,uuid:7ec6adaf-f284-43bb-bf99-f467186b2846,44,V305,,,,,,,,,,,,,,,,,,,,,,,,,,,,,,,,,,,,,,,,,,,,,
2026-07-25,2026-07-25,,,"Yes, I feel safe to conduct audit",A79,V305,12.9196561 77.54568 794.0999755859375 6.5,12.9196561,77.54568,794.0999756,6.5,2026-07-25,"Agreed consent, you may continue the form. Hold phone mic close to the interviewee to record.",Yes,,Yellama,2,No,,,,Does not flood,,,No,No,Other (please specify),Not cleaned ,Other (please specify),Not cleaned ,GBA (Previously known as BBMP) Ward Office,Household garbage ,No,,No,OK,1784959415431.amr,https://kf.kobotoolbox.org/api/v2/assets/amUyDTu5VaT6koDbQAG2eN/data/821151964/attachments/att4QtTqKMfXzuVrzh2BzDFq/,,821151964,a82bb440-7923-447a-8c72-e55e91f737e6,2026-07-25,Approved,,submitted_via_web,,v7oQHtKTQiYibxwvcSSkxq,,uuid:a82bb440-7923-447a-8c72-e55e91f737e6,45,V305,,,,,,,,,,,,,,,,,,,,,,,,,,,,,,,,,,,,,,,,,,,,,
2026-07-25,2026-07-25,,,"Yes, I feel safe to conduct audit",A79,V305,12.9193468 77.5455509 794.0999755859375 6.5,12.9193468,77.5455509,794.0999756,6.5,2026-07-25,"Agreed consent, you may continue the form. Hold phone mic close to the interviewee to record.",Yes,,Muniyamma,20,No,,,,Does not flood,,,No,No,Other (please specify),2 years once,Other (please specify),Last 2 years,GBA (Previously known as BBMP) Ward Office,Household hold waste ,Yes (please specify),Mosquito related ,No,OK,1784960078667.amr,https://kf.kobotoolbox.org/api/v2/assets/amUyDTu5VaT6koDbQAG2eN/data/821151968/attachments/attPCukDQ3sewgFFdZLYwB6E/,,821151968,b0341014-5317-41d8-b0fa-2a97fa6b5a17,2026-07-25,Approved,,submitted_via_web,,v7oQHtKTQiYibxwvcSSkxq,,uuid:b0341014-5317-41d8-b0fa-2a97fa6b5a17,46,V305,,,,,,,,,,,,,,,,,,,,,,,,,,,,,,,,,,,,,,,,,,,,,
2026-07-25,2026-07-25,,,"Yes, I feel safe to conduct audit",A79,V305,12.9188626 77.5452321 790.0999755859375 6.5,12.9188626,77.5452321,790.0999756,6.5,2026-07-25,"Agreed consent, you may continue the form. Hold phone mic close to the interviewee to record.",Yes,,Vinod,25,No,,,,Does not flood,,,No,No,Do not know,,Do not know,,GBA (Previously known as BBMP) Ward Office,Household hold and parking ,Yes (please specify),If fome appears ,No,OK,1784960560152.amr,https://kf.kobotoolbox.org/api/v2/assets/amUyDTu5VaT6koDbQAG2eN/data/821151972/attachments/attthjoHpxFmquZkagmBTzqD/,,821151972,3c0e4415-b2b7-45b4-88ac-c88c4813dfb0,2026-07-25,Approved,,submitted_via_web,,v7oQHtKTQiYibxwvcSSkxq,,uuid:3c0e4415-b2b7-45b4-88ac-c88c4813dfb0,47,V305,,,,,,,,,,,,,,,,,,,,,,,,,,,,,,,,,,,,,,,,,,,,,
2026-07-25,2026-07-25,,,"Yes, I feel safe to conduct audit",A79,V305,12.9188354 77.5448789 788.3999633789062 15.491,12.9188354,77.5448789,788.3999634,15.491,2026-07-25,"Agreed consent, you may continue the form. Hold phone mic close to the interviewee to record.",Yes,,Mustafa ,2,No,,,,Does not flood,,,No,No,Every 6 months,,Last month,,GBA (Previously known as BBMP) Ward Office,Parking ,No,,No,OK,1784961076627.amr,https://kf.kobotoolbox.org/api/v2/assets/amUyDTu5VaT6koDbQAG2eN/data/821151978/attachments/attfbk5yb4d6wj8jL5WSzWTf/,,821151978,6405aa52-aec2-4ea2-9a1d-0fa830908741,2026-07-25,Approved,,submitted_via_web,,v7oQHtKTQiYibxwvcSSkxq,,uuid:6405aa52-aec2-4ea2-9a1d-0fa830908741,48,V305,,,,,,,,,,,,,,,,,,,,,,,,,,,,,,,,,,,,,,,,,,,,,
2026-07-25,2026-07-25,,,"Yes, I feel safe to conduct audit",A78,V305,12.9189721 77.5440793 787.0 16.731,12.9189721,77.5440793,787,16.731,2026-07-25,"Agreed consent, you may continue the form. Hold phone mic close to the interviewee to record.",No,,Shreyas,10,No,,,,Does not flood,,,No,No,Every 6 months,,2-6 months back,,GBA (Previously known as BBMP) Ward Office,No,No,,No,OK,1784961968469.amr,https://kf.kobotoolbox.org/api/v2/assets/amUyDTu5VaT6koDbQAG2eN/data/821151990/attachments/attkqJQG7VnFeBqjctQjVA9s/,,821151990,b8f89b76-8b32-4c81-952d-c0e52db5af8c,2026-07-25,Approved,,submitted_via_web,,v7oQHtKTQiYibxwvcSSkxq,,uuid:b8f89b76-8b32-4c81-952d-c0e52db5af8c,49,V305,,,,,,,,,,,,,,,,,,,,,,,,,,,,,,,,,,,,,,,,,,,,,
2026-07-25,2026-07-25,,,"Yes, I feel safe to conduct audit",A79,V305,12.9201037 77.5475984 785.6986083984375 11.352,12.9201037,77.5475984,785.6986084,11.352,2026-07-25,"Agreed consent, you may continue the form. Hold phone mic close to the interviewee to record.",Yes,,Prakash retired ,45,Yes,,,,2-5 inches,,,Recently ,Not observed ,Do not know,,2-6 months back,,GBA (Previously known as BBMP) Ward Office,Garbage disposal ,Do not know,,Frequent flooding and mosquito issue ,OK,1784957933873.amr,https://kf.kobotoolbox.org/api/v2/assets/amUyDTu5VaT6koDbQAG2eN/data/821152088/attachments/attpavncyNynndwvQteyjaKS/,,821152088,cf15c017-5469-4a94-9feb-7402d3a8a50a,2026-07-25,Approved,,submitted_via_web,,v7oQHtKTQiYibxwvcSSkxq,,uuid:cf15c017-5469-4a94-9feb-7402d3a8a50a,50,V305,,,,,,,,,,,,,,,,,,,,,,,,,,,,,,,,,,,,,,,,,,,,,
2026-07-25,2026-07-25,,,"Yes, I feel safe to conduct audit",A79,V302,12.9199437 77.5470549 786.802001953125 4.626,12.9199437,77.5470549,786.802002,4.626,2026-07-25,"Agreed consent, you may continue the form. Hold phone mic close to the interviewee to record.",Yes,,Ramesh,5,No,,,,Does not flood,,,"No
",,Every 6 months,,2-6 months back,,GBA (Previously known as BBMP) Ward Office,,No,,,OK,1784958428011.amr,https://kf.kobotoolbox.org/api/v2/assets/amUyDTu5VaT6koDbQAG2eN/data/821152098/attachments/attSQVHb3fTJTwJqeij5PgxE/,,821152098,ba73b29b-258f-4f35-86b4-d97b147c24eb,2026-07-25,Approved,,submitted_via_web,,v7oQHtKTQiYibxwvcSSkxq,,uuid:ba73b29b-258f-4f35-86b4-d97b147c24eb,51,V302,,,,,,,,,,,,,,,,,,,,,,,,,,,,,,,,,,,,,,,,,,,,,
2026-07-25,2026-07-25,,,"Yes, I feel safe to conduct audit",A78,V300,12.9186574 77.5433524 784.7000122070312 11.169,12.9186574,77.5433524,784.7000122,11.169,2026-07-25,"Agreed consent, you may continue the form. Hold phone mic close to the interviewee to record.",Yes,,"Raghu, Business",27,No,,,,Does not flood,,,never,never flooded,Once a year,,More than 6 months,,GBA SWD Dept. ,vehicles parked,No,,maintenance was regular years before,OK,1784962304282.amr,https://kf.kobotoolbox.org/api/v2/assets/amUyDTu5VaT6koDbQAG2eN/data/821154369/attachments/attYuGyB2eeixRv8aBfXmhmE/,,821154369,3423d5dd-d618-4ce9-93ad-20364d78d25c,2026-07-25,Approved,,submitted_via_web,,v7oQHtKTQiYibxwvcSSkxq,,uuid:3423d5dd-d618-4ce9-93ad-20364d78d25c,52,V300,,,,,,,,,,,,,,,,,,,,,,,,,,,,,,,,,,,,,,,,,,,,,
2026-07-25,2026-07-25,,,"Yes, I feel safe to conduct audit",A76,V305,12.9242725 77.5403905 772.7000122070312 13.142,12.9242725,77.5403905,772.7000122,13.142,2026-07-25,"Agreed consent, you may continue the form. Hold phone mic close to the interviewee to record.",Yes,,S Suraksha lecturer,4,Yes,,,,More than 10 inches,1784962275413.jpg,https://kf.kobotoolbox.org/api/v2/assets/amUyDTu5VaT6koDbQAG2eN/data/821154422/attachments/attidsM8uNJGB8swxkqNYKa4/,2017,A week,Other (please specify),"No they do not maintain at all they just built the drainage system during 2021 after the flood
No work done after that ",Other (please specify),They do not maintain ,GBA (Previously known as BBMP) Ward Office,No,No,,Yes,OK,,,,821154422,0fc0f0cb-9fa1-4504-8423-23d5bc861d68,2026-07-25,Approved,,submitted_via_web,,v7oQHtKTQiYibxwvcSSkxq,,uuid:0fc0f0cb-9fa1-4504-8423-23d5bc861d68,53,V305,,,,,,,,,,,,,,,,,,,,,,,,,,,,,,,,,,,,,,,,,,,,,
2026-07-25,2026-07-25,,,"Yes, I feel safe to conduct audit",A80,V305,12.9178867 77.5391323 777.2000122070312 4.932,12.9178867,77.5391323,777.2000122,4.932,2026-07-25,"Agreed consent, you may continue the form. Hold phone mic close to the interviewee to record.",Yes,,Retired,15,Yes,,,,6-10 inches,1784957728754.jpg,https://kf.kobotoolbox.org/api/v2/assets/amUyDTu5VaT6koDbQAG2eN/data/821155332/attachments/attXzviFpJA6BZ3SyR9hCgq9/,Few months ago,A few days,Do not know,,2-6 months back,,GBA (Previously known as BBMP) Ward Office,Nothing,No,,No maintanence,OK,1784957790190.amr,https://kf.kobotoolbox.org/api/v2/assets/amUyDTu5VaT6koDbQAG2eN/data/821155332/attachments/attLAGL3Kdri5cxjTeXSL9Tn/,,821155332,4c21c50c-87c4-43de-8c37-fd442c243eea,2026-07-25,Approved,,submitted_via_web,,v7oQHtKTQiYibxwvcSSkxq,,uuid:4c21c50c-87c4-43de-8c37-fd442c243eea,54,V305,,,,,,,,,,,,,,,,,,,,,,,,,,,,,,,,,,,,,,,,,,,,,
2026-07-25,2026-07-25,,,"Yes, I feel safe to conduct audit",A80,V305,12.9201829 77.5390256 777.0 4.995,12.9201829,77.5390256,777,4.995,2026-07-25,"Agreed consent, you may continue the form. Hold phone mic close to the interviewee to record.",Yes,,Nagaraj shopkeeper,15,Yes,,,,Does not flood,,,5 years,Doesn't flood,Do not know,,Last month,,GBA (Previously known as BBMP) Ward Office,Throw garbage,No,,No flooding,OK,1784960097859.amr,https://kf.kobotoolbox.org/api/v2/assets/amUyDTu5VaT6koDbQAG2eN/data/821155338/attachments/attVhGDTLRQhFvbE7iznCnGm/,,821155338,2175559b-985d-4223-8f4e-3493532a6b4e,2026-07-25,Approved,,submitted_via_web,,v7oQHtKTQiYibxwvcSSkxq,,uuid:2175559b-985d-4223-8f4e-3493532a6b4e,55,V305,,,,,,,,,,,,,,,,,,,,,,,,,,,,,,,,,,,,,,,,,,,,,
2026-07-25,2026-07-25,,,"Yes, I feel safe to conduct audit",A80,V305,12.9213987 77.5390871 786.2000122070312 4.936,12.9213987,77.5390871,786.2000122,4.936,2026-07-25,"Agreed consent, you may continue the form. Hold phone mic close to the interviewee to record.",Yes,,Nagananda,11,Yes,,,,6-10 inches,,,10,Few days,Every 6 months,,Other (please specify),Don't maintain from many years,GBA (Previously known as BBMP) Ward Office,Littering a lot,No,,"Bad smell and irritation, causing nausea",OK,1784961871967.amr,https://kf.kobotoolbox.org/api/v2/assets/amUyDTu5VaT6koDbQAG2eN/data/821155347/attachments/attdGY23RibwTfbdUZa9hEcC/,,821155347,f79ad1f6-88e1-48e5-9fd5-12477ba4c2cc,2026-07-25,Approved,,submitted_via_web,,v7oQHtKTQiYibxwvcSSkxq,,uuid:f79ad1f6-88e1-48e5-9fd5-12477ba4c2cc,56,V305,,,,,,,,,,,,,,,,,,,,,,,,,,,,,,,,,,,,,,,,,,,,,
2026-07-25,2026-07-25,,,"Yes, I feel safe to conduct audit",A76,V305,12.9242904 77.5404705 772.5999755859375 15.342,12.9242904,77.5404705,772.5999756,15.342,2026-07-25,"Agreed consent, you may continue the form. Hold phone mic close to the interviewee to record.",Yes,,Raman Hotel,4,Yes,,,,6-10 inches,,,2025,2 hours,Other (please specify),No one bothers to clear the flood,Other (please specify),Never cleaned the residents themselves manage ,No one,Throw garbage ,Yes (please specify),"Foul smell and related issues, increase in insects ",It creates a lot of uneasiness to the residents,OK,1784962811614.amr,https://kf.kobotoolbox.org/api/v2/assets/amUyDTu5VaT6koDbQAG2eN/data/821159062/attachments/attCjSbRkHWXBEbP7LaBSEmd/,,821159062,3f053cef-f438-4362-bc92-5b4fa68b2914,2026-07-25,Approved,,submitted_via_web,,v7oQHtKTQiYibxwvcSSkxq,,uuid:3f053cef-f438-4362-bc92-5b4fa68b2914,57,V305,,,,,,,,,,,,,,,,,,,,,,,,,,,,,,,,,,,,,,,,,,,,,
2026-07-25,2026-07-25,,,"Yes, I feel safe to conduct audit",A76,V305,12.9247946 77.5392768 770.2999877929688 22.44,12.9247946,77.5392768,770.2999878,22.44,2026-07-25,"Agreed consent, you may continue the form. Hold phone mic close to the interviewee to record.",Yes,,Bangarramma ,1,No,,,,Does not flood,,,No,No,Do not know,,Other (please specify),No they do not clean,Do not know,No,No,,Just foul smell and mosquitos,OK,1784963805039.amr,https://kf.kobotoolbox.org/api/v2/assets/amUyDTu5VaT6koDbQAG2eN/data/821166501/attachments/attoh56f9C6gsipEdsA3pxDY/,,821166501,a4db727f-9249-42d1-883c-80f40e85778d,2026-07-25,Approved,,submitted_via_web,,v7oQHtKTQiYibxwvcSSkxq,,uuid:a4db727f-9249-42d1-883c-80f40e85778d,58,V305,,,,,,,,,,,,,,,,,,,,,,,,,,,,,,,,,,,,,,,,,,,,,
2026-07-25,2026-07-25,,,"Yes, I feel safe to conduct audit",A76,,,,,,,,"Agreed consent, you may continue the form. Hold phone mic close to the interviewee to record.",Yes,,K B Malagi provision store,20,No,,,,Does not flood,,,No floods slope,No,Other (please specify),No one cleans it,Other (please specify),No,No one,Throw garbage,Yes (please specify),"A lot of foul smell
",A lot of foul smell and people litter it,OK,1784964934008.amr,https://kf.kobotoolbox.org/api/v2/assets/amUyDTu5VaT6koDbQAG2eN/data/821187888/attachments/attdNk2gLLsiJwTaexc7wfwy/,,821187888,aeec2af7-5647-4356-82fc-75ffb3802fd1,2026-07-25,Approved,,submitted_via_web,,v7oQHtKTQiYibxwvcSSkxq,,uuid:aeec2af7-5647-4356-82fc-75ffb3802fd1,59,,,,,,,,,,,,,,,,,,,,,,,,,,,,,,,,,,,,,,,,,,,,,,
2026-07-25,2026-07-25,,,"Yes, I feel safe to conduct audit",A76,"V305
",12.9232269 77.5382286 768.7999877929688 14.262,12.9232269,77.5382286,768.7999878,14.262,2026-07-25,"Agreed consent, you may continue the form. Hold phone mic close to the interviewee to record.",Yes,,Prema housewife,20,No,,,,Does not flood,,,No floods,No flood,Every 6 months,,More than 6 months,,Do not know,A lot of garbage dumping ,No,,No issues ,OK,1784966275884.amr,https://kf.kobotoolbox.org/api/v2/assets/amUyDTu5VaT6koDbQAG2eN/data/821187958/attachments/attiuBoxUxgxH2MuBX6N2Fie/,,821187958,f10f012b-6b21-4aa1-b82c-a49a5bf344b2,2026-07-25,Approved,,submitted_via_web,,v7oQHtKTQiYibxwvcSSkxq,,uuid:f10f012b-6b21-4aa1-b82c-a49a5bf344b2,60,"V305
",,,,,,,,,,,,,,,,,,,,,,,,,,,,,,,,,,,,,,,,,,,,,
2026-07-25,2026-07-25,,,"Yes, I feel safe to conduct audit",A76,V305,12.9246033 77.5393156 770.2999877929688 12.635,12.9246033,77.5393156,770.2999878,12.635,2026-07-25,"Agreed consent, you may continue the form. Hold phone mic close to the interviewee to record.",Yes,,Lalita rao house wife,12,Yes,,,,Upto  1 inch,1784966955171.jpg,https://kf.kobotoolbox.org/api/v2/assets/amUyDTu5VaT6koDbQAG2eN/data/821194593/attachments/attAc6eBt5DG546Dm33SkScv/,4 years ,1 hour,Other (please specify),No one cms to maintain ,More than 6 months,,GBA (Previously known as BBMP) Ward Office,Only parking ,No,,Only mosquitos,OK,1784967082974.amr,https://kf.kobotoolbox.org/api/v2/assets/amUyDTu5VaT6koDbQAG2eN/data/821194593/attachments/att9YqsTjjdWef2HYRkdSVhb/,,821194593,7579fe45-381f-4c0e-b0ad-b301c49af697,2026-07-25,Approved,,submitted_via_web,,v7oQHtKTQiYibxwvcSSkxq,,uuid:7579fe45-381f-4c0e-b0ad-b301c49af697,61,V305,,,,,,,,,,,,,,,,,,,,,,,,,,,,,,,,,,,,,,,,,,,,,
2026-07-25,2026-07-25,,,"Yes, I feel safe to conduct audit",A76,V305,12.9234983 77.5377417 765.7000122070312 5.212,12.9234983,77.5377417,765.7000122,5.212,2026-07-25,"Agreed consent, you may continue the form. Hold phone mic close to the interviewee to record.",Yes,,Chandra gowda farming,20,No,,,,Does not flood,,,No floods ,No floods,Other (please specify),No maintaince ,Other (please specify),No maintenance ,No one,Nothing much,No,,No issues,OK,,,,821206562,6c374c28-5dad-43ea-a04f-2f8bf8d0f2f7,2026-07-25,Approved,,submitted_via_web,,v7oQHtKTQiYibxwvcSSkxq,,uuid:6c374c28-5dad-43ea-a04f-2f8bf8d0f2f7,62,V305,,,,,,,,,,,,,,,,,,,,,,,,,,,,,,,,,,,,,,,,,,,,,
2026-07-25,2026-07-25,,,"Yes, I feel safe to conduct audit",A80,V305,12.9187062 77.5398165 779.0 15.701,12.9187062,77.5398165,779,15.701,2026-07-25,"Agreed consent, you may continue the form. Hold phone mic close to the interviewee to record.",Yes,,anonymous,40,No,,,,Does not flood,,,not known,doesn't flood,Every 6 months,,More than 6 months,,Do not know,"they urinate, throw garbage, park vehicles, spit things",No,,-,OK,1784956510320.amr,https://kf.kobotoolbox.org/api/v2/assets/amUyDTu5VaT6koDbQAG2eN/data/821428573/attachments/attjqWjZs98BBkktS6nn7LiL/,,821428573,e38af4e1-4169-48a2-a78c-3caad454f4ad,2026-07-25,Approved,,submitted_via_web,,v7oQHtKTQiYibxwvcSSkxq,,uuid:e38af4e1-4169-48a2-a78c-3caad454f4ad,63,V305,,,,,,,,,,,,,,,,,,,,,,,,,,,,,,,,,,,,,,,,,,,,,
2026-07-25,2026-07-25,,,"Yes, I feel safe to conduct audit",A80,4,12.919274 77.5386942 784.8999633789062 4.935,12.919274,77.5386942,784.8999634,4.935,,"Denied consent, please tap the three dots in the top right corner and TURN OFF background audio recording before you continue..",,,anonymous ,30,No,,,,Does not flood,,,not known,doesn't flood,Other (please specify),they don't clean at all,Do not know,,No one,"park vehicles, keep potted plants",No,,,OK,,,,821428746,ec7a89a3-a81c-4228-9394-fde8583b5e46,2026-07-25,Approved,,submitted_via_web,,v7oQHtKTQiYibxwvcSSkxq,,uuid:ec7a89a3-a81c-4228-9394-fde8583b5e46,64,4,,,,,,,,,,,,,,,,,,,,,,,,,,,,,,,,,,,,,,,,,,,,,
2026-07-25,2026-07-25,,,"Yes, I feel safe to conduct audit",A80,V305,12.9180683 77.53893 777.8999633789062 4.98,12.9180683,77.53893,777.8999634,4.98,2026-07-25,"Agreed consent, you may continue the form. Hold phone mic close to the interviewee to record.",Yes,,Krishna Raj V Adiga,25,Yes,,,,More than 10 inches,,,10 years ago,Not sure ,Other (please specify),10 years ago,Other (please specify),2/3 years,Do not know,Park vehicles ,No,,"It used to flood about 10 years ago. Measures have been taken, thus there are no floods in the recent years.",OK,1784958382529.amr,https://kf.kobotoolbox.org/api/v2/assets/amUyDTu5VaT6koDbQAG2eN/data/821457171/attachments/att7meeSXr7FXrNY3GnBJu2a/,,821457171,047ba0ed-d32a-410a-b6a3-06d6b7cd5501,2026-07-25,Approved,,submitted_via_web,,v7oQHtKTQiYibxwvcSSkxq,,uuid:047ba0ed-d32a-410a-b6a3-06d6b7cd5501,65,V305,,,,,,,,,,,,,,,,,,,,,,,,,,,,,,,,,,,,,,,,,,,,,
2026-07-25,2026-07-25,,,"Yes, I feel safe to conduct audit",A80,V305,12.9217483 77.5396017 774.2000122070312 2.85,12.9217483,77.5396017,774.2000122,2.85,2026-07-25,"Agreed consent, you may continue the form. Hold phone mic close to the interviewee to record.",Yes,,Anonymous ,8,Yes,,,,More than 10 inches,,,5 years ago,1 day,,,Last month,,Do not know,Park vehicles ,No,,,OK,1784961097500.amr,https://kf.kobotoolbox.org/api/v2/assets/amUyDTu5VaT6koDbQAG2eN/data/821457213/attachments/atttYS5N7BXC8mdDgobTvLzU/,,821457213,03061f0b-527b-4d9f-9455-c0f904dafa66,2026-07-25,Approved,,submitted_via_web,,v7oQHtKTQiYibxwvcSSkxq,,uuid:03061f0b-527b-4d9f-9455-c0f904dafa66,66,V305,,,,,,,,,,,,,,,,,,,,,,,,,,,,,,,,,,,,,,,,,,,,,
2026-07-25,2026-07-25,,,"Yes, I feel safe to conduct audit",A80,V305,12.9224983 77.5397817 774.5 3.825,12.9224983,77.5397817,774.5,3.825,2026-07-25,"Agreed consent, you may continue the form. Hold phone mic close to the interviewee to record.",Yes,,Naveen,18,Yes,,,,More than 10 inches,,,2020,Within a day,,,More than 6 months,,GBA SWD Dept. ,,Yes (please specify),A lot of mosquitoes ,,OK,1784962958448.amr,https://kf.kobotoolbox.org/api/v2/assets/amUyDTu5VaT6koDbQAG2eN/data/821457286/attachments/attmXoJbzm9FfrTEuK7kW8UR/,,821457286,4eaa6771-f0f8-47e7-afb0-dc86cf6c7cc3,2026-07-25,Approved,,submitted_via_web,,v7oQHtKTQiYibxwvcSSkxq,,uuid:4eaa6771-f0f8-47e7-afb0-dc86cf6c7cc3,67,V305,,,,,,,,,,,,,,,,,,,,,,,,,,,,,,,,,,,,,,,,,,,,,
2026-07-25,2026-07-25,,,"Yes, I feel safe to conduct audit",A78,V305,12.9179337 77.5407729 788.2999877929688 21.85,12.9179337,77.5407729,788.2999878,21.85,2026-07-25,"Agreed consent, you may continue the form. Hold phone mic close to the interviewee to record.",Yes,,Satish,12,No,,,,Does not flood,,,No,"No
",Do not know,,More than 6 months,,GBA (Previously known as BBMP) Ward Office,None ,No,,None,OK,1784957401651.amr,https://kf.kobotoolbox.org/api/v2/assets/amUyDTu5VaT6koDbQAG2eN/data/821699019/attachments/att9Uru36zwnuE8gMgCn5TN6/,,821699019,320b99a4-4d4c-427d-bc10-108f1c581ac9,2026-07-26,Approved,,submitted_via_web,,v7oQHtKTQiYibxwvcSSkxq,,uuid:320b99a4-4d4c-427d-bc10-108f1c581ac9,68,V305,,,,,,,,,,,,,,,,,,,,,,,,,,,,,,,,,,,,,,,,,,,,,
2026-07-25,2026-07-25,,,"Yes, I feel safe to conduct audit",A78,V305,12.9182888 77.5412875 782.5 16.803,12.9182888,77.5412875,782.5,16.803,2026-07-25,"Agreed consent, you may continue the form. Hold phone mic close to the interviewee to record.",Yes,,Kiran,30,No,,,,2-5 inches,,,None,,Every 6 months,,2-6 months back,,No one,None,No,,None,OK,1784958345610.amr,https://kf.kobotoolbox.org/api/v2/assets/amUyDTu5VaT6koDbQAG2eN/data/821699063/attachments/attn36cjHEzNcvd3YgJZdEv5/,,821699063,3f83bb4b-94f2-44bc-8e80-5784274b4758,2026-07-26,Approved,,submitted_via_web,,v7oQHtKTQiYibxwvcSSkxq,,uuid:3f83bb4b-94f2-44bc-8e80-5784274b4758,69,V305,,,,,,,,,,,,,,,,,,,,,,,,,,,,,,,,,,,,,,,,,,,,,
2026-07-25,2026-07-25,,,"Yes, I feel safe to conduct audit",A78,V302,12.9186488 77.5419687 782.8999633789062 19.164,12.9186488,77.5419687,782.8999634,19.164,2026-07-25,"Agreed consent, you may continue the form. Hold phone mic close to the interviewee to record.",Yes,,Kiran,20,No,,,,Does not flood,,,No,No,Every 6 months,,2-6 months back,,GBA (Previously known as BBMP) Ward Office,Buisness,No,,,OK,1784958911280.amr,https://kf.kobotoolbox.org/api/v2/assets/amUyDTu5VaT6koDbQAG2eN/data/821719801/attachments/atticaJT5wzmTTUr3AuyHvKT/,,821719801,e100d7ef-54e3-470a-b77a-737a575a4877,2026-07-26,Approved,,submitted_via_web,,v7oQHtKTQiYibxwvcSSkxq,,uuid:e100d7ef-54e3-470a-b77a-737a575a4877,70,V302,,,,,,,,,,,,,,,,,,,,,,,,,,,,,,,,,,,,,,,,,,,,,
2026-07-25,2026-07-25,,,"Yes, I feel safe to conduct audit",A78,V305,12.9186224 77.5413367 779.3999633789062 4.22,12.9186224,77.5413367,779.3999634,4.22,2026-07-25,"Agreed consent, you may continue the form. Hold phone mic close to the interviewee to record.",Yes,,Venkatesh ,1,No,,,,Does not flood,,,No,No,Do not know,,Do not know,,GBA (Previously known as BBMP) Ward Office,Garbage,Do not know,,Smell ,OK,1784959611336.amr,https://kf.kobotoolbox.org/api/v2/assets/amUyDTu5VaT6koDbQAG2eN/data/821719809/attachments/attiw4WhFHhjt9tx2FCVuKka/,,821719809,75b7d7ed-67b0-48e4-8682-4ec0f9b63ae5,2026-07-26,Approved,,submitted_via_web,,v7oQHtKTQiYibxwvcSSkxq,,uuid:75b7d7ed-67b0-48e4-8682-4ec0f9b63ae5,71,V305,,,,,,,,,,,,,,,,,,,,,,,,,,,,,,,,,,,,,,,,,,,,,
2026-07-25,2026-07-25,,,"No, I do not feel safe. I will stop the audit at this point ",A78,V305,12.91832 77.54329 784.5999755859375 3.5,12.91832,77.54329,784.5999756,3.5,2026-07-25,"Denied consent, please tap the three dots in the top right corner and TURN OFF background audio recording before you continue..",,,Shyamili,6,No,,,,Does not flood,,,None,None,Every 6 months,,2-6 months back,,GBA (Previously known as BBMP) Ward Office,None,No,,None,OK,1784960350193.amr,https://kf.kobotoolbox.org/api/v2/assets/amUyDTu5VaT6koDbQAG2eN/data/821719820/attachments/att3cpGg6pXAnJyQctaM6YTn/,,821719820,264b05dc-6c5a-4834-b74e-85725a9f2bd4,2026-07-26,Approved,,submitted_via_web,,v7oQHtKTQiYibxwvcSSkxq,,uuid:264b05dc-6c5a-4834-b74e-85725a9f2bd4,72,V305,,,,,,,,,,,,,,,,,,,,,,,,,,,,,,,,,,,,,,,,,,,,,
2026-07-25,2026-07-25,,,"Yes, I feel safe to conduct audit",A78,V305,12.918605 77.544525 787.0 2.85,12.918605,77.544525,787,2.85,2026-07-25,"Agreed consent, you may continue the form. Hold phone mic close to the interviewee to record.",Yes,,Nandini,10,No,,,,Does not flood,,,None,None,Every 6 months,,2-6 months back,,GBA (Previously known as BBMP) Ward Office,Garbage(too much),Yes (please specify),None but feelings of fever,Fencing would have been good,OK,1784962031519.amr,https://kf.kobotoolbox.org/api/v2/assets/amUyDTu5VaT6koDbQAG2eN/data/821719917/attachments/attbgJR5QKeykipvZnZVDafb/,,821719917,d2499db4-f6ea-4606-b1d7-bf8163597c94,2026-07-26,Approved,,submitted_via_web,,v7oQHtKTQiYibxwvcSSkxq,,uuid:d2499db4-f6ea-4606-b1d7-bf8163597c94,73,V305,,,,,,,,,,,,,,,,,,,,,,,,,,,,,,,,,,,,,,,,,,,,,
